0 0 0 0 200856.141 0 -0
1 0 0 0 -201038.422 0 0
2 0 0 0 0 201768.203 -0
3 0 0 0 0 -201244.719 0
4 0 0 0 0 0 201224.844
5 0 0 0 -0 0 -201143.141
0 1 0 0 163864.703 -81932.3516 81932.3516
0 1 1 0 162058.391 -81029.1953 -81029.1953
0 1 0 1 160298.047 80149.0234 80149.0234
0 1 1 1 162828.844 81414.4219 -81414.4219
0 2 0 0 136384.969 -102288.727 102288.727
0 2 1 0 157361.625 -118021.219 39340.4062
0 2 0 1 156842.156 -39210.5391 117631.617
0 2 1 1 189811.531 -47452.8828 47452.8828
0 3 0 0 123595.391 -108145.977 108145.977
0 3 1 0 136148.703 -119130.109 85092.9453
0 3 0 1 134775.234 -84234.5234 117928.328
0 3 1 1 149850.234 -93656.3984 93656.3984
0 4 0 2 128451.578 -88310.4609 120423.359
0 4 1 2 135800 -93362.4922 110337.492
0 4 0 3 133332.312 -74999.4219 124999.047
0 4 1 3 142064.125 -79911.0625 115427.094
0 4 2 2 143492.266 -98650.9375 98650.9375
0 4 3 2 149808.188 -102993.133 84267.1094
0 4 2 3 149316.359 -83990.4531 102655
0 4 3 3 156785.422 -88191.8047 88191.8047
0 3 2 0 144710.906 -126622.047 54266.5898
0 3 3 0 149197.859 -130548.133 18649.7324
0 3 2 1 162630.844 -101644.281 60986.5664
0 3 3 1 169180.297 -105737.688 21147.5371
0 3 0 2 144298.281 -54111.8555 126260.992
0 3 1 2 161801.469 -60675.5469 101125.914
0 3 0 3 147618.562 -18452.3203 129166.25
0 3 1 3 168550.359 -21068.7949 105343.977
0 4 0 4 137954.5 -60355.0938 129332.336
0 4 1 4 146542.828 -64112.4844 119066.047
0 4 0 5 141502.281 -44219.4648 132658.391
0 4 1 5 150432.312 -47010.0977 122226.25
0 5 0 10 138880.375 -47740.1328 134540.375
0 5 1 10 143083.688 -49185.0156 129669.586
0 5 0 11 139406.609 -39208.1094 135050.156
0 5 1 11 144411.625 -40615.7695 130873.031
0 5 2 10 147224.75 -50608.5039 124220.883
0 5 3 10 151708.172 -52149.6875 118522.016
0 5 2 11 149272.984 -41983.0273 125949.078
0 5 3 11 153661.031 -43217.1641 120047.68
0 6 6 22 152059.797 -45142.75 121172.648
0 6 7 22 154350.781 -45822.8906 118174.82
0 6 6 23 153016.781 -40645.082 121935.242
0 6 7 23 155262.484 -41241.5977 118872.844
0 4 2 4 154935.391 -67784.2344 106518.078
0 4 3 4 163279.875 -71434.9453 91844.9297
0 4 2 5 159609.172 -49877.8672 109731.305
0 4 3 5 168538.188 -52668.1836 94802.7344
0 5 4 10 156290.922 -53725.0078 112334.109
0 5 5 10 160769.094 -55264.3789 105504.719
0 5 4 11 158290.062 -44519.082 113770.984
0 5 5 11 162883.438 -45810.9688 106892.266
0 6 8 22 156657.281 -46507.6289 115045.188
0 6 9 22 158978.875 -47196.8555 111782.031
0 6 8 23 157568.828 -41854.2188 115714.609
0 6 9 23 159887.031 -42469.9922 112420.578
0 5 6 10 165198.969 -56787.1406 98086.8828
0 5 7 10 169453.844 -58249.7578 90022.3516
0 5 6 11 167402.125 -47081.8516 99395.0078
0 5 7 11 171798.688 -48318.3789 91268.0469
0 4 0 6 142604.344 -26738.3145 133691.562
0 4 1 6 152818.266 -28653.4258 124164.844
0 4 0 7 142894.094 -8930.88086 133963.219
0 4 1 7 152412.766 -9525.79785 123835.375
0 5 0 12 140038.156 -30633.3457 135661.969
0 5 1 12 144829.969 -31681.5547 131252.172
0 5 0 13 140449.422 -21945.2227 136060.375
0 5 1 13 145137.062 -22677.666 131530.453
0 5 2 12 150094.391 -32833.1484 126642.156
0 5 3 12 155407.547 -33995.4023 121412.141
0 5 2 13 150119.516 -23456.1738 126663.336
0 5 3 13 155509.047 -24298.2871 121491.438
0 6 4 24 148658.609 -34841.8633 127753.5
0 6 5 24 151424.766 -35490.1797 125398.633
0 6 4 25 148776.891 -30220.3066 127855.141
0 6 5 25 151467.156 -30766.7656 125433.734
0 6 6 24 153904.547 -36071.3789 122642.68
0 6 7 24 156097.047 -36585.2422 119511.789
0 6 6 25 154295.344 -31341.2422 122954.109
0 6 7 25 156933 -31877.0156 120151.828
0 7 12 50 153608.125 -32401.7129 123606.531
0 7 13 50 154934.609 -32681.5195 122253.094
0 7 12 51 153543.156 -29988.8965 123554.258
0 7 13 51 154980.922 -30269.7129 122289.641
0 7 14 50 156137.484 -32935.25 120762.578
0 7 15 50 157245.719 -33169.0195 119162.766
0 7 14 51 156360.766 -30539.2129 120935.281
0 7 15 51 157618.391 -30784.8438 119445.188
0 8 30 102 157294.484 -31336.0098 119814.156
0 8 31 102 157853.891 -31447.4551 119007.039
0 8 30 103 157364.672 -30120.582 119867.625
0 8 31 103 158024.562 -30246.8887 119135.711
0 6 4 26 148821.547 -25578.7031 127893.516
0 6 5 26 151425.094 -26026.1875 125398.898
0 6 4 27 148848.406 -20931.8066 127916.602
0 6 5 27 151379.141 -21287.6914 125360.844
0 6 6 26 154159.25 -26496.1211 122845.648
0 6 7 26 157061.625 -26994.9668 120250.305
0 6 6 27 154064.609 -21665.3359 122770.234
0 6 7 27 156798.266 -22049.7539 120048.672
0 7 12 52 153501.578 -27582.3164 123520.812
0 7 13 52 154948.625 -27842.332 122264.148
0 7 12 53 153468.469 -25178.4199 123494.164
0 7 13 53 154846.781 -25404.5488 122183.781
0 7 14 52 156379.031 -28099.3594 120949.406
0 7 15 52 157765.109 -28348.4199 119556.375
0 7 14 53 156265.469 -25637.3008 120861.562
0 7 15 53 157692.688 -25871.457 119501.484
0 8 28 104 156043.828 -28648.6699 121299.695
0 8 29 104 156741.219 -28776.707 120617.266
0 8 28 105 155960.625 -27414.9551 121235.016
0 8 29 105 156692.188 -27543.5488 120579.539
0 8 30 104 157432.125 -28903.5547 119919.008
0 8 31 104 158092.672 -29024.8281 119187.055
0 8 30 105 157420.672 -27671.6016 119910.273
0 8 31 105 158106.75 -27792.2031 119197.672
0 9 62 210 157942.125 -28071.7441 119382.031
0 9 63 210 158276.375 -28131.1523 119016.414
0 9 62 211 157943.469 -27455.0176 119383.062
0 9 63 211 158297.094 -27516.4863 119031.984
0 8 28 106 155947.859 -26194.3672 121225.086
0 8 29 106 156655.719 -26313.2656 120551.469
0 8 28 107 155855.844 -24961.2891 121153.57
0 8 29 107 156614.344 -25082.7676 120519.633
0 8 30 106 157374.266 -26433.957 119874.93
0 8 31 106 158134.516 -26561.6582 119218.602
0 8 30 107 157363.719 -25202.7832 119866.891
0 8 31 107 158070.672 -25316.0059 119170.461
0 9 62 212 157944.672 -26838.2539 119383.961
0 9 63 212 158314.5 -26901.0957 119045.078
0 9 62 213 157896.359 -26213.2637 119347.438
0 9 63 213 158271.422 -26275.5293 119012.688
0 9 62 214 157872.266 -25592.5742 119329.227
0 9 63 214 158238.047 -25651.8711 118987.586
0 9 62 215 157863.797 -24974.5469 119322.844
0 9 63 215 158232.688 -25032.9043 118983.555
0 7 12 54 153404.359 -22770.959 123442.578
0 7 13 54 154779.562 -22975.0918 122130.75
0 7 12 55 153361.938 -20368.3828 123408.43
0 7 13 55 154684.25 -20544.002 122055.539
0 7 14 54 156153.953 -23179.1016 120775.328
0 7 15 54 157567.828 -23388.9727 119406.867
0 7 14 55 156089.938 -20730.6953 120725.812
0 7 15 55 157436.969 -20909.5996 119307.703
0 8 30 108 157259.609 -23957.5195 119787.586
0 8 31 108 157941.562 -24061.4102 119073.133
0 8 30 109 157198.688 -22720.123 119741.188
0 8 31 109 157932.281 -22826.1504 119066.141
0 5 0 14 140640.781 -13185.0723 136245.75
0 5 1 14 145211.062 -13613.5381 131597.516
0 5 0 15 140646.266 -4395.1958 136251.062
0 5 1 15 145144.25 -4535.75781 131536.969
0 5 2 14 150028.656 -14065.1865 126586.672
0 5 3 14 155162.578 -14546.4922 121220.766
0 5 2 15 149842.641 -4682.58252 126429.734
0 5 3 15 154767.219 -4836.47559 120911.891
0 6 4 28 148821.594 -16277.3623 127893.57
0 6 5 28 151331.344 -16551.8652 125321.273
0 6 4 29 148764.469 -11622.2236 127844.461
0 6 5 29 151230.703 -11814.8984 125237.93
0 6 6 28 153921.906 -16835.209 122656.523
0 6 7 28 156570.891 -17124.9414 119874.594
0 6 6 29 153786.5 -12014.5703 122548.625
0 6 7 29 156384.438 -12217.5342 119731.836
0 4 2 6 162825.156 -30529.7168 111942.297
0 4 3 6 172146.234 -32277.4199 96832.2578
0 4 2 7 163087.094 -10192.9434 112122.383
0 4 3 7 174049.312 -10878.082 97902.7422
0 5 4 12 159862.062 -34969.8281 114900.867
0 5 5 12 164502.328 -35984.8828 107954.656
0 5 4 13 161166.766 -25182.3066 115838.609
0 5 5 13 165751.188 -25898.623 108774.219
0 6 8 24 158378.172 -37119.8828 116308.969
0 6 9 24 160644.844 -37651.1367 112953.406
0 6 8 25 159143.125 -32325.9492 116870.734
0 6 9 25 161383.312 -32780.9883 113472.648
0 7 16 50 158402 -33412.9219 117563.977
0 7 17 50 159513.234 -33647.3242 115896.328
0 7 16 51 158760.688 -31007.9492 117830.195
0 7 17 51 159860.531 -31222.7617 116148.664
0 8 32 102 158386.391 -31553.5391 118171.094
0 8 33 102 158948.078 -31665.4395 117348.383
0 8 32 103 158572.125 -30351.6973 118309.672
0 8 33 103 159126.172 -30457.7441 117479.867
0 7 18 50 160647.391 -33886.5586 114210.258
0 7 19 50 161782.797 -34126.0586 112489.594
0 7 18 51 160972.469 -31439.9336 114441.367
0 7 19 51 162117.734 -31663.6211 112722.477
0 6 10 24 162976.172 -38197.543 109499.617
0 6 11 24 165293.172 -38740.5859 105890.938
0 6 10 25 163658.922 -33243.2188 109958.336
0 6 11 25 165996.156 -33717.9688 106341.281
0 6 8 26 159758.219 -27458.4434 117322.445
0 6 9 26 162034.938 -27849.7559 113930.82
0 6 8 27 159689.891 -22456.3926 117272.266
0 6 9 27 162530.641 -22855.8711 114279.352
0 7 16 52 159042.516 -28577.9512 118039.367
0 7 17 52 160219.297 -28789.4062 116409.336
0 7 16 53 159163.828 -26112.8145 118129.406
0 7 17 53 160493.328 -26330.9355 116608.43
0 8 32 104 158700.234 -29136.3711 118405.242
0 8 33 104 159301.125 -29246.6934 117609.039
0 8 32 105 158764.328 -27907.793 118453.086
0 8 33 105 159445.734 -28027.5723 117715.805
0 9 64 208 158527.219 -29414.2305 118585.789
0 9 65 208 158834.688 -29471.2793 118195.344
0 9 64 209 158583.922 -28805.2832 118628.203
0 9 65 209 158886.672 -28860.2734 118234.031
0 9 66 208 159137.375 -29527.4395 117798.945
0 9 67 208 159386.297 -29573.6309 117360.617
0 9 66 209 159172.703 -28912.2305 117825.102
0 9 67 209 159460.797 -28964.5586 117415.461
0 9 64 210 158609.516 -28190.3633 118647.352
0 9 65 210 158927.297 -28246.8438 118264.25
0 9 64 211 158637.078 -27575.584 118667.969
0 9 65 211 158950.734 -27630.1094 118281.703
0 10 128 422 158554.641 -27716.0938 118761.148
0 10 129 422 158706.469 -27742.6348 118564.898
0 10 128 423 158559.156 -27407.1973 118764.523
0 10 129 423 158730.406 -27436.8008 118582.773
0 10 130 422 158867.703 -27770.8203 118375.055
0 10 131 422 159035.672 -27800.1816 118189.594
0 10 130 423 158878.016 -27462.3145 118382.75
0 10 131 423 159042.781 -27490.791 118194.875
0 11 262 846 159003.75 -27561.6855 118243.516
0 11 263 846 159088.828 -27576.4316 118151.422
0 11 262 847 159009.703 -27407.4336 118247.938
0 11 263 847 159086.547 -27420.6797 118149.719
0 9 66 210 159248.672 -28303.9629 117881.344
0 9 67 210 159528.953 -28353.7812 117465.664
0 9 66 211 159303.703 -27691.4648 117922.086
0 9 67 211 159608.672 -27744.4746 117524.344
0 10 132 422 159214.625 -27831.4629 118011.617
0 10 133 422 159390.688 -27862.2402 117830.82
0 10 132 423 159207.484 -27519.2598 118006.32
0 10 133 423 159372.656 -27547.8125 117817.477
0 11 264 846 159165.5 -27589.7227 118052.93
0 11 265 846 159258.031 -27605.7617 117966.031
0 11 264 847 159167.312 -27434.5977 118054.258
0 11 265 847 159249.797 -27448.8184 117959.938
0 10 134 422 159539.75 -27888.2949 117629.406
0 10 135 422 159671.375 -27911.3027 117414.594
0 10 134 423 159539.891 -27576.7188 117629.508
0 10 135 423 159679.469 -27600.8477 117420.547
0 8 34 104 159814.859 -29341.0098 116739.758
0 8 35 104 160380.359 -29444.834 115899.875
0 8 34 105 159978.953 -28121.3008 116859.625
0 8 35 105 160543.938 -28220.6152 116018.086
0 9 68 210 159809.406 -28403.623 117047.891
0 9 69 210 160122.172 -28459.2148 116651.508
0 9 68 211 159864.516 -27788.9473 117088.258
0 9 69 211 160154.25 -27839.3125 116674.867
0 8 32 106 158820.094 -26676.8125 118494.672
0 8 33 106 159459.938 -26784.2871 117726.289
0 8 32 107 158772.641 -25428.4316 118459.273
0 8 33 107 159504.359 -25545.6211 117759.078
0 9 64 212 158649.641 -26958.0469 118677.375
0 9 65 212 158989.953 -27015.873 118310.891
0 9 64 213 158635.578 -26335.9844 118666.852
0 9 65 213 159017.062 -26399.3164 118331.055
0 10 128 424 158563.422 -27098.2402 118767.719
0 10 129 424 158730.562 -27126.8047 118582.891
0 10 128 425 158570.609 -26789.7617 118773.109
0 10 129 425 158731.75 -26816.9844 118583.781
0 10 130 424 158891.047 -27154.2324 118392.453
0 10 131 424 159058.953 -27182.9258 118206.898
0 10 130 425 158906.297 -26846.4746 118403.812
0 10 131 425 159095.391 -26878.4199 118233.977
0 11 260 848 158854.328 -27225.5234 118442.664
0 11 261 848 158929.172 -27238.3477 118343.25
0 11 260 849 158850.562 -27069.752 118439.852
0 11 261 849 158948.203 -27086.3887 118357.43
0 11 262 848 159015.531 -27253.1484 118252.266
0 11 263 848 159092.703 -27266.3789 118154.305
0 11 262 849 159022.094 -27098.9785 118257.156
0 11 263 849 159106.297 -27113.3262 118164.383
0 12 524 1698 159001.047 -27134.2109 118280.32
0 12 525 1698 159041.719 -27141.1523 118232.922
0 12 524 1699 159004.891 -27057.2285 118283.18
0 12 525 1699 159042.688 -27063.6621 118233.648
0 12 526 1698 159080.156 -27147.7129 118183.82
0 12 527 1698 159117.766 -27154.1328 118134.078
0 12 526 1699 159087.766 -27071.332 118189.477
0 12 527 1699 159133.719 -27079.1523 118145.906
0 11 260 850 158862.906 -26916.7129 118449.062
0 11 261 850 158944.234 -26930.4902 118354.461
0 11 260 851 158862.734 -26761.5449 118448.93
0 11 261 851 158962.219 -26778.3027 118367.867
0 11 262 850 159045.172 -26947.5957 118274.312
0 11 263 850 159130.297 -26962.0195 118182.219
0 11 262 851 159061.75 -26795.0723 118286.648
0 11 263 851 159143.031 -26808.7617 118191.672
0 12 524 1700 159016.203 -26981.5078 118291.586
0 12 525 1700 159062.625 -26989.3867 118248.469
0 12 524 1701 159030.906 -26906.3496 118302.531
0 12 525 1701 159071.828 -26913.2754 118255.312
0 12 526 1700 159106.922 -26996.9004 118203.695
0 12 527 1700 159143.281 -27003.0723 118153
0 12 526 1701 159114.766 -26920.541 118209.531
0 12 527 1701 159151.188 -26926.7031 118158.883
0 13 1054 3400 159131.734 -27020.5352 118163.852
0 13 1055 3400 159151.016 -27023.8125 118139.32
0 13 1054 3401 159137.719 -26982.7031 118168.312
0 13 1055 3401 159154.188 -26985.4941 118141.672
0 13 1052 3402 159101.062 -26937.6426 118218.773
0 13 1053 3402 159123.188 -26941.3887 118196.359
0 13 1052 3403 159104.844 -26899.4395 118221.586
0 13 1053 3403 159127.141 -26903.2109 118199.297
0 13 1054 3402 159141.359 -26944.4668 118171.016
0 13 1055 3402 159158.641 -26947.3945 118144.977
0 13 1054 3403 159146.672 -26906.5137 118174.961
0 13 1055 3403 159160.031 -26908.7715 118146.016
0 14 2110 6804 159154.422 -26956.3906 118151.57
0 14 2111 6804 159162.031 -26957.6797 118137.797
0 14 2110 6805 159155.281 -26937.1074 118152.195
0 14 2111 6805 159162.031 -26938.25 118137.781
0 14 2110 6806 159155.938 -26917.791 118152.68
0 14 2111 6806 159162.547 -26918.9082 118138.156
0 14 2110 6807 159158 -26898.7129 118154.219
0 14 2111 6807 159163.609 -26899.6602 118138.953
0 12 524 1702 159036.391 -26829.625 118306.617
0 12 525 1702 159081.266 -26837.1953 118262.312
0 12 524 1703 159041.359 -26752.8066 118310.305
0 12 525 1703 159087.172 -26760.5137 118266.711
0 12 526 1702 159121.688 -26844.0156 118214.672
0 12 527 1702 159158.859 -26850.2871 118164.57
0 12 526 1703 159126.672 -26767.1582 118218.375
0 12 527 1703 159164.25 -26773.4805 118168.578
0 13 1054 3404 159150.797 -26868.3516 118178.008
0 13 1055 3404 159165.688 -26870.8691 118150.219
0 13 1054 3405 159151.047 -26829.541 118178.195
0 13 1055 3405 159167.469 -26832.3086 118151.531
0 10 128 426 158558.734 -26478.0703 118764.203
0 10 129 426 158730.125 -26506.6914 118582.562
0 10 128 427 158507.203 -26159.8789 118725.609
0 10 129 427 158700.203 -26191.7344 118560.219
0 10 130 426 158920.875 -26538.5449 118414.672
0 10 131 426 159116.766 -26571.2559 118249.859
0 10 130 427 158905.391 -26225.5957 118403.133
0 10 131 427 159091.047 -26256.2363 118230.75
0 11 260 852 158867.609 -26607.2227 118452.562
0 11 261 852 158961.922 -26623.0156 118367.641
0 11 260 853 158871.766 -26452.7695 118455.664
0 11 261 853 158966.484 -26468.541 118371.047
0 11 262 852 159068.953 -26640.9414 118292
0 11 263 852 159152.484 -26654.9316 118198.703
0 11 262 853 159061.328 -26484.334 118286.328
0 11 263 853 159157.953 -26500.4199 118202.758
0 12 526 1704 159131.969 -26690.3477 118222.312
0 12 527 1704 159172.484 -26697.1406 118174.688
0 12 526 1705 159134.125 -26613.0059 118223.898
0 12 527 1705 159173.172 -26619.5371 118175.203
0 9 66 212 159305.281 -27069.4512 117923.25
0 9 67 212 159617.359 -27122.4824 117530.758
0 9 66 213 159329.297 -26451.1523 117941.016
0 9 67 213 159652.297 -26504.7773 117556.477
0 10 132 424 159219.578 -27210.3789 118015.297
0 10 133 424 159381.469 -27238.0449 117823.992
0 10 132 425 159236.938 -26902.334 118028.156
0 10 133 425 159376.344 -26925.8867 117820.203
0 11 264 848 159166.375 -27279.002 118053.57
0 11 265 848 159257.719 -27294.6602 117965.805
0 11 264 849 159184.422 -27126.6426 118066.961
0 11 265 849 159262.062 -27139.8711 117969.016
0 12 528 1698 159154.594 -27160.416 118083.695
0 12 529 1698 159201.688 -27168.4531 118040.898
0 12 528 1699 159170.719 -27085.4473 118095.656
0 12 529 1699 159212.219 -27092.5098 118048.711
0 13 1056 3398 159157.922 -27102.6992 118105.594
0 13 1057 3398 159178.234 -27106.1562 118081.812
0 13 1056 3399 159163.766 -27064.8359 118109.93
0 13 1057 3399 159184.25 -27068.3184 118086.266
0 13 1058 3398 159199.25 -27109.7344 118058.531
0 13 1059 3398 159219.891 -27113.248 118034.953
0 13 1058 3399 159202.828 -27071.4766 118061.18
0 13 1059 3399 159224.516 -27075.166 118038.391
0 12 530 1698 159244.672 -27175.7852 117995.016
0 12 531 1698 159273.375 -27180.6855 117938.508
0 12 530 1699 159251.562 -27099.2031 118000.117
0 12 531 1699 159280.625 -27104.1504 117943.883
0 11 266 848 159338.938 -27308.5781 117870.367
0 11 267 848 159416.453 -27321.8633 117772.016
0 11 266 849 159342.453 -27153.5723 117872.961
0 11 267 849 159425.422 -27167.709 117778.641
0 11 264 850 159200.328 -26973.8848 118078.758
0 11 265 850 159275.969 -26986.6992 117979.32
0 11 264 851 159212.484 -26820.4629 118087.773
0 11 265 851 159279.766 -26831.7969 117982.133
0 12 528 1700 159178.531 -27009.0527 118101.461
0 12 529 1700 159217.203 -27015.6133 118052.406
0 12 528 1701 159183.562 -26932.1797 118105.18
0 12 529 1701 159219.781 -26938.3086 118054.312
0 13 1056 3400 159167.062 -27026.5352 118112.375
0 13 1057 3400 159186.5 -27029.8359 118087.938
0 13 1056 3401 159172.234 -26988.5547 118116.219
0 13 1057 3401 159190.219 -26991.6035 118090.695
0 14 2112 6802 159167.703 -26997.5 118122.57
0 14 2113 6802 159176.094 -26998.9219 118109.367
0 14 2112 6803 159168.875 -26978.2695 118123.438
0 14 2113 6803 159177.672 -26979.7598 118110.523
0 14 2114 6802 159184.625 -27000.3691 118096.25
0 14 2115 6802 159193.562 -27001.8887 118083.461
0 14 2114 6803 159187.094 -26981.3574 118098.086
0 14 2115 6803 159196.344 -26982.9238 118085.523
0 13 1058 3400 159205.625 -27033.082 118063.25
0 13 1059 3400 159226.859 -27036.6895 118040.125
0 13 1058 3401 159208.062 -26994.6289 118065.055
0 13 1059 3401 159229.656 -26998.291 118042.203
0 14 2116 6802 159202.672 -27003.4336 118070.781
0 14 2117 6802 159212.75 -27005.1426 118058.828
0 14 2116 6803 159204.141 -26984.248 118071.867
0 14 2117 6803 159213.688 -26985.8633 118059.508
0 14 2118 6802 159223.078 -27006.8926 118047.039
0 14 2119 6802 159234.266 -27008.7891 118035.898
0 14 2118 6803 159224.609 -26987.7148 118048.172
0 14 2119 6803 159235.625 -26989.582 118036.898
0 13 1056 3402 159174.328 -26950.0469 118117.758
0 13 1057 3402 159192.734 -26953.1641 118092.562
0 13 1056 3403 159175.438 -26911.375 118118.586
0 13 1057 3403 159192.422 -26914.2461 118092.328
0 14 2112 6804 159169.391 -26958.9258 118123.82
0 14 2113 6804 159178.828 -26960.5254 118111.391
0 14 2112 6805 159169.609 -26939.5312 118123.977
0 14 2113 6805 159178.109 -26940.9707 118110.844
0 15 4226 13610 159176.156 -26945.502 118114.266
0 15 4227 13610 159180.656 -26946.2598 118107.891
0 15 4226 13611 159176.391 -26935.8223 118114.438
0 15 4227 13611 159180.75 -26936.5605 118107.961
0 14 2114 6804 159187.641 -26962.0195 118098.5
0 14 2115 6804 159196.5 -26963.5176 118085.625
0 14 2114 6805 159187.812 -26942.6133 118098.617
0 14 2115 6805 159197.031 -26944.1738 118086.023
0 15 4228 13608 159185.391 -26966.4961 118101.688
0 15 4229 13608 159189.812 -26967.2422 118095.242
0 15 4228 13609 159185.375 -26956.7754 118101.664
0 15 4229 13609 159190.031 -26957.5645 118095.406
0 15 4230 13608 159193.688 -26967.9004 118088.406
0 15 4231 13608 159197.953 -26968.623 118081.867
0 15 4230 13609 159195.141 -26958.4297 118089.484
0 15 4231 13609 159199.609 -26959.1875 118083.086
0 15 4228 13610 159185.406 -26947.0645 118101.695
0 15 4229 13610 159190.141 -26947.8672 118095.492
0 15 4228 13611 159185.484 -26937.3633 118101.758
0 15 4229 13611 159190.219 -26938.166 118095.555
0 15 4230 13610 159195.078 -26948.7031 118089.445
0 15 4231 13610 159199.781 -26949.4961 118083.211
0 15 4230 13611 159194.734 -26938.9258 118089.18
0 15 4231 13611 159199.391 -26939.7168 118082.922
0 16 8460 27222 159193.609 -26941.166 118090.781
0 16 8461 27222 159195.781 -26941.5352 118087.531
0 16 8460 27223 159193.688 -26936.3203 118090.836
0 16 8461 27223 159196 -26936.7109 118087.695
0 16 8462 27222 159198.109 -26941.9277 118084.398
0 16 8463 27222 159200.562 -26942.3418 118081.359
0 16 8462 27223 159198.375 -26937.1152 118084.594
0 16 8463 27223 159200.797 -26937.5273 118081.539
0 14 2112 6806 159170.609 -26920.2715 118124.719
0 14 2113 6806 159179.922 -26921.8477 118112.195
0 14 2112 6807 159171.594 -26901.0098 118125.453
0 14 2113 6807 159179.984 -26902.4277 118112.25
0 15 4226 13612 159177.641 -26926.3184 118115.359
0 15 4227 13612 159182.125 -26927.0801 118108.984
0 15 4226 13613 159177.531 -26916.5859 118115.289
0 15 4227 13613 159182.094 -26917.3574 118108.953
0 15 4226 13614 159177.656 -26906.8926 118115.375
0 15 4227 13614 159182.344 -26907.6836 118109.141
0 15 4226 13615 159177.891 -26897.2148 118115.555
0 15 4227 13615 159182.312 -26897.9629 118109.117
0 14 2114 6806 159187.672 -26923.1582 118098.516
0 14 2115 6806 159198.094 -26924.9199 118086.812
0 14 2114 6807 159188.844 -26903.9258 118099.391
0 14 2115 6807 159198.578 -26905.5703 118087.172
0 15 4228 13612 159185.656 -26927.6758 118101.883
0 15 4229 13612 159189.766 -26928.3711 118095.211
0 15 4228 13613 159186.109 -26918.0352 118102.219
0 15 4229 13613 159189.938 -26918.6836 118095.344
0 16 8458 27224 159188.703 -26930.6211 118096.852
0 16 8459 27224 159191.078 -26931.0215 118093.75
0 16 8458 27225 159188.656 -26925.7559 118096.828
0 16 8459 27225 159190.969 -26926.1465 118093.68
0 16 8458 27226 159188.781 -26920.918 118096.922
0 16 8459 27226 159191.031 -26921.2969 118093.727
0 16 8458 27227 159188.984 -26916.0957 118097.062
0 16 8459 27227 159191.141 -26916.459 118093.812
0 15 4230 13612 159195.125 -26929.2773 118089.477
0 15 4231 13612 159200.438 -26930.1777 118083.703
0 15 4230 13613 159195.062 -26919.5488 118089.43
0 15 4231 13613 159200.656 -26920.4961 118083.859
0 16 8460 27224 159193.703 -26931.4648 118090.844
0 16 8461 27224 159196.406 -26931.9238 118087.992
0 16 8460 27225 159193.719 -26926.6094 118090.852
0 16 8461 27225 159196.656 -26927.1074 118088.18
0 16 8462 27224 159198.984 -26932.3594 118085.055
0 16 8463 27224 159201.344 -26932.7578 118081.953
0 16 8462 27225 159199.406 -26927.5703 118085.352
0 16 8463 27225 159201.781 -26927.9766 118082.273
0 16 8460 27226 159193.688 -26921.7461 118090.836
0 16 8461 27226 159196.609 -26922.2402 118088.141
0 16 8460 27227 159193.656 -26916.8828 118090.82
0 16 8461 27227 159196.406 -26917.3477 118088
0 16 8462 27226 159199.391 -26922.7129 118085.344
0 16 8463 27226 159201.922 -26923.1387 118082.367
0 16 8462 27227 159199.25 -26917.8281 118085.242
0 16 8463 27227 159201.969 -26918.2891 118082.406
0 15 4228 13614 159186.734 -26908.4258 118102.68
0 15 4229 13614 159190.438 -26909.0527 118095.711
0 15 4228 13615 159186.688 -26898.7012 118102.641
0 15 4229 13615 159191.641 -26899.5391 118096.609
0 16 8458 27228 159189.25 -26911.2812 118097.258
0 16 8459 27228 159191.328 -26911.6328 118093.945
0 16 8458 27229 159189.688 -26906.4941 118097.578
0 16 8459 27229 159191.844 -26906.8613 118094.328
0 15 4230 13614 159195.234 -26909.8633 118089.555
0 15 4231 13614 159200.906 -26910.8203 118084.047
0 15 4230 13615 159196.484 -26900.3594 118090.484
0 15 4231 13615 159201.984 -26901.2891 118084.852
0 16 8460 27228 159193.766 -26912.043 118090.883
0 16 8461 27228 159196.406 -26912.4902 118088
0 16 8460 27229 159194.25 -26907.2676 118091.25
0 16 8461 27229 159196.859 -26907.709 118088.328
0 16 8462 27228 159199.312 -26912.9805 118085.281
0 16 8463 27228 159202.156 -26913.4609 118082.547
0 16 8462 27229 159199.703 -26908.1895 118085.586
0 16 8463 27229 159202.547 -26908.6699 118082.828
0 16 8460 27230 159194.906 -26902.5195 118091.742
0 16 8461 27230 159197.5 -26902.9609 118088.812
0 16 8460 27231 159195.453 -26897.7559 118092.148
0 16 8461 27231 159198.047 -26898.1934 118089.219
0 16 8462 27230 159200.297 -26903.4316 118086.023
0 16 8463 27230 159203.062 -26903.8965 118083.211
0 16 8462 27231 159200.812 -26898.6621 118086.414
0 16 8463 27231 159203.562 -26899.125 118083.594
0 13 1058 3402 159210.453 -26956.1641 118066.828
0 13 1059 3402 159231.141 -26959.666 118043.297
0 13 1058 3403 159211.406 -26917.4531 118067.539
0 13 1059 3403 159228.703 -26920.377 118041.492
0 14 2116 6804 159205 -26964.9609 118072.516
0 14 2117 6804 159215.219 -26966.6875 118060.656
0 14 2116 6805 159206.328 -26945.748 118073.484
0 14 2117 6805 159215.828 -26947.3574 118061.102
0 15 4232 13608 159202.672 -26969.4219 118075.633
0 15 4233 13608 159206.828 -26970.125 118069
0 15 4232 13609 159203.328 -26959.8164 118076.125
0 15 4233 13609 159207.578 -26960.5352 118069.562
0 15 4234 13608 159212.203 -26971.0352 118063.266
0 15 4235 13608 159217.531 -26971.9414 118057.508
0 15 4234 13609 159212.891 -26961.4336 118063.781
0 15 4235 13609 159218.266 -26962.3477 118058.062
0 15 4232 13610 159203.781 -26950.1758 118076.461
0 15 4233 13610 159208.188 -26950.9199 118070.008
0 15 4232 13611 159204.281 -26940.5449 118076.828
0 15 4233 13611 159208.875 -26941.3203 118070.516
0 16 8464 27220 159202.703 -26952.4238 118078.094
0 16 8465 27220 159204.656 -26952.7539 118074.688
0 16 8464 27221 159202.859 -26947.5918 118078.211
0 16 8465 27221 159205 -26947.9531 118074.938
0 16 8464 27222 159203 -26942.7578 118078.305
0 16 8465 27222 159205.344 -26943.1523 118075.195
0 16 8464 27223 159203.172 -26937.9277 118078.438
0 16 8465 27223 159205.5 -26938.3223 118075.312
0 16 8466 27222 159207.625 -26943.541 118072.023
0 16 8467 27222 159209.938 -26943.9277 118068.883
0 16 8466 27223 159207.766 -26938.7051 118072.133
0 16 8467 27223 159210.078 -26939.0938 118068.977
0 15 4234 13610 159213.406 -26951.8047 118064.156
0 15 4235 13610 159218.859 -26952.7305 118058.492
0 15 4234 13611 159213.406 -26942.0859 118064.156
0 15 4235 13611 159217.656 -26942.8086 118057.594
0 16 8468 27222 159212.266 -26944.3242 118065.75
0 16 8469 27222 159214.516 -26944.707 118062.57
0 16 8468 27223 159212.344 -26939.4805 118065.812
0 16 8469 27223 159214.484 -26939.8398 118062.531
0 14 2118 6804 159226.422 -26968.584 118049.523
0 14 2119 6804 159237.406 -26970.4473 118038.227
0 14 2118 6805 159225.641 -26949.0156 118048.938
0 14 2119 6805 159236.156 -26950.7969 118037.297
0 15 4236 13610 159223.781 -26953.5605 118052.422
0 15 4237 13610 159228.047 -26954.2852 118045.867
0 15 4236 13611 159222.594 -26943.6426 118051.531
0 15 4237 13611 159227.844 -26944.5312 118045.719
0 14 2116 6806 159206.688 -26926.377 118073.758
0 14 2117 6806 159215.234 -26927.8203 118060.648
0 14 2116 6807 159208.188 -26907.1934 118074.875
0 14 2117 6807 159216.438 -26908.5879 118061.555
0 15 4232 13612 159204.656 -26930.8926 118077.117
0 15 4233 13612 159208.594 -26931.5566 118070.32
0 15 4232 13613 159205.172 -26921.2598 118077.484
0 15 4233 13613 159208.859 -26921.8848 118070.508
0 16 8464 27224 159203.5 -26933.125 118078.688
0 16 8465 27224 159205.578 -26933.4766 118075.367
0 16 8464 27225 159203.812 -26928.3203 118078.922
0 16 8465 27225 159205.703 -26928.6367 118075.453
0 16 8466 27224 159207.641 -26933.8242 118072.031
0 16 8467 27224 159209.828 -26934.1934 118068.797
0 16 8466 27225 159207.531 -26928.9492 118071.961
0 16 8467 27225 159209.547 -26929.291 118068.602
0 16 8464 27226 159204.062 -26923.5 118079.094
0 16 8465 27226 159205.938 -26923.8203 118075.625
0 16 8464 27227 159204.328 -26918.6875 118079.297
0 16 8465 27227 159206.328 -26919.0293 118075.922
0 16 8466 27226 159207.719 -26924.1211 118072.094
0 16 8467 27226 159209.625 -26924.4434 118068.641
0 16 8466 27227 159208.219 -26919.3457 118072.461
0 16 8467 27227 159210.109 -26919.6641 118069.008
0 15 4234 13612 159213.109 -26932.3203 118063.945
0 15 4235 13612 159217.609 -26933.0801 118057.562
0 15 4234 13613 159213.062 -26922.5957 118063.906
0 15 4235 13613 159217.688 -26923.377 118057.617
0 16 8468 27224 159212.156 -26934.5898 118065.672
0 16 8469 27224 159214.375 -26934.9648 118062.461
0 16 8468 27225 159211.812 -26929.6738 118065.422
0 16 8469 27225 159214.125 -26930.0625 118062.266
0 16 8470 27224 159216.547 -26935.3301 118059.203
0 16 8471 27224 159218.688 -26935.6934 118055.93
0 16 8470 27225 159216.453 -26930.457 118059.148
0 16 8471 27225 159218.766 -26930.8457 118055.992
0 16 8468 27226 159211.766 -26924.8066 118065.391
0 16 8469 27226 159214.047 -26925.1914 118062.219
0 16 8468 27227 159212.203 -26920.0195 118065.695
0 16 8469 27227 159214.422 -26920.3945 118062.492
0 16 8470 27226 159216.406 -26925.5879 118059.094
0 16 8471 27226 159218.766 -26925.9883 118055.984
0 16 8470 27227 159216.719 -26920.7832 118059.328
0 16 8471 27227 159219.016 -26921.1719 118056.172
0 15 4232 13614 159205.891 -26911.6641 118078.031
0 15 4233 13614 159209.812 -26912.3281 118071.219
0 15 4232 13615 159206.734 -26902.0918 118078.656
0 15 4233 13615 159210.469 -26902.7227 118071.711
0 16 8464 27228 159204.656 -26913.8848 118079.547
0 16 8465 27228 159206.766 -26914.2422 118076.258
0 16 8464 27229 159205 -26909.084 118079.797
0 16 8465 27229 159207.078 -26909.4355 118076.469
0 16 8466 27228 159208.688 -26914.5664 118072.812
0 16 8467 27228 159210.641 -26914.8965 118069.406
0 16 8466 27229 159208.984 -26909.7598 118073.031
0 16 8467 27229 159210.953 -26910.0918 118069.633
0 16 8464 27230 159205.5 -26904.3105 118080.164
0 16 8465 27230 159207.453 -26904.6406 118076.75
0 16 8464 27231 159205.969 -26899.5332 118080.516
0 16 8465 27231 159207.906 -26899.8594 118077.094
0 16 8466 27230 159209.297 -26904.9531 118073.266
0 16 8467 27230 159211.266 -26905.2871 118069.867
0 16 8466 27231 159209.734 -26900.166 118073.586
0 16 8467 27231 159211.719 -26900.5039 118070.203
0 15 4234 13614 159213.984 -26913.0312 118064.594
0 15 4235 13614 159218.531 -26913.8008 118058.25
0 15 4234 13615 159214.766 -26903.4492 118065.172
0 15 4235 13615 159218.812 -26904.1309 118058.453
0 16 8468 27228 159212.703 -26915.248 118066.078
0 16 8469 27228 159214.906 -26915.6172 118062.852
0 16 8468 27229 159213.016 -26910.4375 118066.305
0 16 8469 27229 159215.188 -26910.8066 118063.062
0 16 8470 27228 159217.188 -26916.002 118059.68
0 16 8471 27228 159219.484 -26916.3926 118056.516
0 16 8470 27229 159217.453 -26911.1895 118059.883
0 16 8471 27229 159219.734 -26911.5762 118056.711
0 16 8468 27230 159213.391 -26905.6465 118066.586
0 16 8469 27230 159215.547 -26906.0098 118063.32
0 16 8468 27231 159213.922 -26900.873 118066.977
0 16 8469 27231 159216.109 -26901.2441 118063.742
0 16 8470 27230 159217.672 -26906.3691 118060.039
0 16 8471 27230 159219.75 -26906.7207 118056.719
0 16 8470 27231 159218.047 -26901.5723 118060.32
0 16 8471 27231 159219.859 -26901.877 118056.805
0 14 2118 6806 159224.922 -26929.459 118048.414
0 14 2119 6806 159233.234 -26930.8672 118035.133
0 14 2118 6807 159225.062 -26910.0469 118048.516
0 14 2119 6807 159233.188 -26911.4219 118035.102
0 15 4236 13612 159222.266 -26933.8711 118051.305
0 15 4237 13612 159227.328 -26934.7266 118045.336
0 15 4236 13613 159222.312 -26924.1582 118051.328
0 15 4237 13613 159226.984 -26924.9512 118045.086
0 16 8472 27226 159221.094 -26926.3828 118052.852
0 16 8473 27226 159223.625 -26926.8105 118049.875
0 16 8472 27227 159221.297 -26921.5586 118053.008
0 16 8473 27227 159223.625 -26921.9531 118049.883
0 15 4238 13612 159231.547 -26935.4395 118038.75
0 15 4239 13612 159236.844 -26936.334 118032.945
0 15 4238 13613 159230.359 -26925.5195 118037.867
0 15 4239 13613 159235.219 -26926.3438 118031.758
0 15 4236 13614 159222.984 -26914.5547 118051.836
0 15 4237 13614 159227 -26915.2305 118045.086
0 15 4236 13615 159222.859 -26904.8145 118051.734
0 15 4237 13615 159226.875 -26905.4922 118045
0 16 8472 27228 159221.734 -26916.7695 118053.328
0 16 8473 27228 159223.891 -26917.1367 118050.078
0 16 8472 27229 159221.984 -26911.9551 118053.523
0 16 8473 27229 159224.094 -26912.3125 118050.219
0 15 4238 13614 159230.984 -26915.9062 118038.328
0 15 4239 13614 159235.312 -26916.6387 118031.812
0 15 4238 13615 159231 -26906.1895 118038.336
0 15 4239 13615 159235.062 -26906.877 118031.625
0 12 530 1700 159258.109 -27022.5547 118004.969
0 12 531 1700 159289.25 -27027.8398 117950.266
0 12 530 1701 159258.312 -26944.8262 118005.125
0 12 531 1701 159290.609 -26950.291 117951.281
0 13 1060 3400 159248.406 -27040.3457 118017.219
0 13 1061 3400 159263.234 -27042.8652 117989.328
0 13 1060 3401 159250.703 -27001.8594 118018.93
0 13 1061 3401 159267.156 -27004.6484 117992.234
0 13 1060 3402 159251.703 -26963.1484 118019.664
0 13 1061 3402 159267.703 -26965.8594 117992.648
0 13 1060 3403 159246.359 -26923.3652 118015.695
0 13 1061 3403 159265.297 -26926.5684 117990.859
0 14 2120 6804 159247.797 -26972.207 118026.484
0 14 2121 6804 159256.625 -26973.7051 118013.594
0 14 2120 6805 159246.234 -26952.502 118025.336
0 14 2121 6805 159255.375 -26954.0508 118012.656
0 14 2120 6806 159243 -26932.5156 118022.93
0 14 2121 6806 159252.812 -26934.1777 118010.773
0 14 2120 6807 159241.047 -26912.748 118021.492
0 14 2121 6807 159249.141 -26914.1152 118008.055
0 13 1062 3402 159284.141 -26968.6387 117965.922
0 13 1063 3402 159299.5 -26971.2402 117938.414
0 13 1062 3403 159281.984 -26929.3887 117964.328
0 13 1063 3403 159299.266 -26932.3105 117938.242
0 12 528 1702 159190.703 -26855.6582 118110.477
0 12 529 1702 159225.672 -26861.5566 118058.68
0 12 528 1703 159198.594 -26779.2559 118116.336
0 12 529 1703 159234.531 -26785.3008 118065.258
0 13 1056 3404 159178.328 -26873.002 118120.734
0 13 1057 3404 159196.859 -26876.1309 118095.617
0 13 1056 3405 159183.656 -26835.0371 118124.68
0 13 1057 3405 159200.766 -26837.9238 118098.516
0 14 2112 6808 159174.141 -26882.0098 118127.352
0 14 2113 6808 159182.875 -26883.4844 118114.383
0 14 2112 6809 159175.594 -26862.8242 118128.422
0 14 2113 6809 159184.766 -26864.373 118115.797
0 14 2114 6808 159191.609 -26884.9609 118101.453
0 14 2115 6808 159200.406 -26886.4453 118088.531
0 14 2114 6809 159193.859 -26865.9062 118103.117
0 14 2115 6809 159201.906 -26867.2637 118089.648
0 15 4228 13616 159188.609 -26889.3105 118104.078
0 15 4229 13616 159192.75 -26890.0098 118097.422
0 15 4228 13617 159190.234 -26879.8711 118105.289
0 15 4229 13617 159194.156 -26880.5312 118098.477
0 15 4230 13616 159197.297 -26890.7793 118091.094
0 15 4231 13616 159202.781 -26891.7051 118085.43
0 15 4230 13617 159198.359 -26881.2422 118091.875
0 15 4231 13617 159203.672 -26882.1406 118086.102
0 14 2114 6810 159195.828 -26846.8066 118104.57
0 14 2115 6810 159204.75 -26848.3105 118091.75
0 14 2114 6811 159196.922 -26827.5586 118105.383
0 14 2115 6811 159206.469 -26829.168 118093.031
0 13 1058 3404 159215.344 -26879.252 118070.469
0 13 1059 3404 159230.5 -26881.8086 118042.82
0 13 1058 3405 159218.984 -26840.9922 118073.156
0 13 1059 3405 159236.453 -26843.9375 118047.234
0 14 2116 6808 159210.016 -26888.0664 118076.219
0 14 2117 6808 159218.5 -26889.502 118063.078
0 14 2116 6809 159211.453 -26868.8789 118077.297
0 14 2117 6809 159220.625 -26870.4238 118064.648
0 15 4232 13616 159207.641 -26892.5273 118079.328
0 15 4233 13616 159211.484 -26893.1758 118072.461
0 15 4232 13617 159208.484 -26882.9492 118079.945
0 15 4233 13617 159212.562 -26883.6387 118073.258
0 16 8464 27232 159206.391 -26894.7441 118080.82
0 16 8465 27232 159208.359 -26895.0781 118077.43
0 16 8464 27233 159206.828 -26889.9609 118081.148
0 16 8465 27233 159208.828 -26890.2969 118077.781
0 16 8466 27232 159210.203 -26895.3887 118073.938
0 16 8467 27232 159212.234 -26895.7305 118070.586
0 16 8466 27233 159210.781 -26890.625 118074.359
0 16 8467 27233 159212.875 -26890.9805 118071.07
0 15 4234 13616 159215.828 -26893.9082 118065.961
0 15 4235 13616 159219.531 -26894.5352 118058.984
0 15 4234 13617 159217.203 -26884.4238 118066.977
0 15 4235 13617 159220.844 -26885.0371 118059.969
0 15 4232 13618 159208.469 -26873.2324 118079.945
0 15 4233 13618 159213.391 -26874.0625 118073.875
0 15 4232 13619 159209.781 -26863.7363 118080.914
0 15 4233 13619 159214.5 -26864.5312 118074.695
0 15 4234 13618 159218.062 -26874.8516 118067.625
0 15 4235 13618 159221.953 -26875.5059 118060.781
0 15 4234 13619 159218.766 -26865.252 118068.141
0 15 4235 13619 159223.047 -26865.9727 118061.594
0 14 2118 6808 159225.406 -26890.666 118048.766
0 14 2119 6808 159233.156 -26891.9766 118035.078
0 14 2118 6809 159228.25 -26871.7109 118050.875
0 14 2119 6809 159235.469 -26872.9297 118036.789
0 15 4236 13616 159223.031 -26895.127 118051.867
0 15 4237 13616 159226.922 -26895.7832 118045.023
0 15 4236 13617 159224.141 -26885.5957 118052.695
0 15 4237 13617 159227.859 -26886.2227 118045.727
0 14 2116 6810 159213.641 -26849.8105 118078.914
0 14 2117 6810 159222.141 -26851.2422 118065.773
0 14 2116 6811 159215.906 -26830.7578 118080.594
0 14 2117 6811 159224.766 -26832.25 118067.727
0 14 2118 6810 159231.125 -26852.7578 118053.008
0 14 2119 6810 159238.188 -26853.9492 118038.805
0 14 2118 6811 159234.266 -26833.8496 118055.328
0 14 2119 6811 159242.172 -26835.1855 118041.766
0 13 1056 3406 159187.203 -26796.7715 118127.32
0 13 1057 3406 159204.578 -26799.6953 118101.344
0 13 1056 3407 159192.891 -26758.8633 118131.531
0 13 1057 3407 159210.453 -26761.8164 118105.703
0 13 1058 3406 159223.625 -26802.9023 118076.602
0 13 1059 3406 159241.406 -26805.8945 118050.906
0 13 1058 3407 159226.438 -26764.5039 118078.695
0 13 1059 3407 159243.344 -26767.3438 118052.344
0 12 530 1702 159257.812 -26866.9805 118004.75
0 12 531 1702 159293.281 -26872.9648 117953.266
0 12 530 1703 159267.25 -26790.8066 118011.75
0 12 531 1703 159300.828 -26796.4531 117958.836
0 13 1060 3404 159245.203 -26884.293 118014.844
0 13 1061 3404 159263.922 -26887.4531 117989.836
0 13 1060 3405 159252.453 -26846.6348 118020.227
0 13 1061 3405 159269.375 -26849.4902 117993.883
0 14 2120 6808 159241.156 -26893.3262 118021.562
0 14 2121 6808 159248.969 -26894.6465 118007.914
0 14 2120 6809 159242.844 -26874.1738 118022.82
0 14 2121 6809 159251.641 -26875.6582 118009.898
0 13 1062 3404 159282.016 -26890.5059 117964.359
0 13 1063 3404 159299.422 -26893.4473 117938.352
0 13 1062 3405 159287.344 -26852.5176 117968.297
0 13 1063 3405 159303.359 -26855.2188 117941.273
0 13 1060 3406 159258.172 -26808.7188 118024.469
0 13 1061 3406 159274.453 -26811.459 117997.641
0 13 1060 3407 159260.344 -26770.2031 118026.07
0 13 1061 3407 159275 -26772.6641 117998.047
0 11 266 850 159339.578 -26997.4805 117870.836
0 11 267 850 159414.969 -27010.252 117770.93
0 11 266 851 159347.109 -26843.1406 117876.398
0 11 267 851 159423.031 -26855.9316 117776.875
0 12 532 1700 159326.859 -27034.2207 117900.32
0 12 533 1700 159360.062 -27039.8555 117847.078
0 12 532 1701 159325.031 -26956.1152 117898.969
0 12 533 1701 159354.922 -26961.1719 117843.273
0 12 532 1702 159324.672 -26878.2559 117898.695
0 12 533 1702 159359.484 -26884.1328 117846.648
0 12 532 1703 159339.75 -26803 117909.867
0 12 533 1703 159370.891 -26808.2363 117855.078
0 10 134 424 159539.219 -27265.0039 117629.016
0 10 135 424 159685.797 -27290.0527 117425.203
0 10 134 425 159552.797 -26955.6953 117639.023
0 10 135 425 159703.656 -26981.1836 117438.328
0 11 268 850 159505.062 -27025.5156 117681.711
0 11 269 850 159579.719 -27038.166 117580.953
0 11 268 851 159509.047 -26870.4219 117684.664
0 11 269 851 159591.125 -26884.2441 117589.352
0 10 132 426 159256.969 -26594.6699 118043
0 10 133 426 159391.047 -26617.0605 117831.086
0 10 132 427 159256.953 -26283.6172 118042.984
0 10 133 427 159412.531 -26309.2949 117846.961
0 11 264 852 159225.094 -26667.0938 118097.125
0 11 265 852 159289.328 -26677.8535 117989.219
0 11 264 853 159233 -26512.916 118103
0 11 265 853 159299.469 -26523.9824 117996.727
0 12 528 1704 159210.172 -26703.4629 118124.922
0 12 529 1704 159239.156 -26708.3262 118068.672
0 12 528 1705 159207 -26625.1953 118122.578
0 12 529 1705 159239.469 -26630.623 118068.906
0 12 530 1704 159269.188 -26713.3613 118013.18
0 12 531 1704 159302.359 -26718.9258 117959.969
0 12 530 1705 159274.703 -26636.5156 118017.258
0 12 531 1705 159309.406 -26642.3223 117965.195
0 11 266 852 159349.391 -26687.9102 117878.094
0 11 267 852 159425.844 -26700.7148 117778.961
0 11 266 853 159355.109 -26533.2461 117882.328
0 11 267 853 159430.344 -26545.7754 117782.281
0 10 134 426 159558.781 -26645.0723 117643.445
0 10 135 426 159718.719 -26671.7773 117449.406
0 10 134 427 159564.297 -26334.3398 117647.492
0 10 135 427 159738.562 -26363.1035 117464
0 11 268 852 159504.125 -26713.8242 117681.023
0 11 269 852 159598.719 -26729.668 117594.945
0 11 268 853 159515.062 -26559.8809 117689.094
0 11 269 853 159609.859 -26575.666 117603.172
0 9 64 214 158587.859 -25708.5762 118631.141
0 9 65 214 158973.344 -25771.0684 118298.516
0 9 64 215 158582.078 -25088.1797 118626.82
0 9 65 215 158962.797 -25148.4102 118290.672
0 10 130 428 158881.031 -25911.2617 118384.977
0 10 131 428 159064.875 -25941.2441 118211.297
0 10 130 429 158882.266 -25601.1445 118385.906
0 10 131 429 159069.391 -25631.2988 118214.648
0 9 66 214 159338.094 -25830.1992 117947.539
0 9 67 214 159637.172 -25878.6836 117545.344
0 9 66 215 159327.391 -25206.0898 117939.609
0 9 67 215 159665.422 -25259.5703 117566.148
0 10 132 428 159242.266 -25970.1719 118032.102
0 10 133 428 159411.25 -25997.7324 117846.008
0 10 132 429 159247.375 -25659.9785 118035.891
0 10 133 429 159415.234 -25687.0234 117848.953
0 8 34 106 160093 -26890.6191 116942.93
0 8 35 106 160719.75 -26995.8965 116145.141
0 8 34 107 160159.797 -25650.5918 116991.734
0 8 35 107 160827.094 -25757.4648 116222.711
0 9 68 212 159907.75 -27171.8242 117119.93
0 9 69 212 160220.875 -27225.0312 116723.406
0 9 68 213 159955.469 -26555.1074 117154.883
0 9 69 213 160308.859 -26613.7773 116787.516
0 10 136 424 159817.156 -27312.502 117209.656
0 10 137 424 159963.688 -27337.5469 117004.703
0 10 136 425 159849.375 -27005.8027 117233.281
0 10 137 425 159991.062 -27029.7402 117024.711
0 9 68 214 160025.219 -25941.5879 117205.961
0 9 69 214 160354.281 -25994.9336 116820.602
0 9 68 215 159980.938 -25309.4863 117173.539
0 9 69 215 160302.297 -25360.3242 116782.734
0 7 18 52 161308.312 -28985.0859 114680.125
0 7 19 52 162431.016 -29186.8242 112940.312
0 7 18 53 161616.547 -26515.2129 114899.266
0 7 19 53 162756.359 -26702.2148 113166.531
0 8 36 104 160930.047 -29545.752 115039.844
0 8 37 104 161507.766 -29651.8184 114191.039
0 8 36 105 161080.922 -28315.0059 115147.695
0 8 37 105 161662.922 -28417.3105 114300.742
0 8 36 106 161253.172 -27085.4941 115270.828
0 8 37 106 161811.969 -27179.3535 114406.109
0 8 36 107 161408.797 -25850.627 115382.078
0 8 37 107 161945.625 -25936.6035 114500.617
0 7 16 54 159036.047 -23606.9141 118034.562
0 7 17 54 160486.203 -23822.1699 116603.258
0 7 16 55 158868.406 -21099.7109 117910.141
0 7 17 55 160359.75 -21297.7812 116511.383
0 8 32 108 158715.047 -24179.2441 118416.297
0 8 33 108 159445.922 -24290.5898 117715.938
0 8 32 109 158641.734 -22928.6875 118361.602
0 8 33 109 159382.703 -23035.7812 117669.258
0 8 34 108 160159.547 -24399.3047 116991.531
0 8 35 108 160853.953 -24505.0938 116242.109
0 8 34 109 160082.438 -23136.9141 116935.227
0 8 35 109 160843.188 -23246.8652 116234.336
0 7 18 54 161894.344 -24031.1895 115096.758
0 7 19 54 163060.484 -24204.291 113378
0 7 18 55 161855.641 -21496.4531 115069.242
0 7 19 55 163207.062 -21675.9375 113479.906
0 6 10 26 164275.047 -28234.7754 110372.297
0 6 11 26 166612.672 -28636.5527 106736.242
0 6 10 27 164881.969 -23186.5273 110780.07
0 6 11 27 167131.406 -23502.8555 107068.562
0 7 20 52 163590.859 -29395.2324 111190.656
0 7 21 52 164698.062 -29594.1836 109369.812
0 7 20 53 163879.734 -26886.5215 111387.016
0 7 21 53 165012.156 -27072.3066 109578.375
0 5 6 12 169136.266 -36998.5586 100424.656
0 5 7 12 173689.688 -37994.6211 92272.6484
0 5 6 13 170417.5 -26627.7324 101185.383
0 5 7 13 175133.391 -27364.5938 93039.6094
0 5 4 14 160582.625 -15054.6221 115418.766
0 5 5 14 166503.906 -15609.7422 109268.195
0 5 4 15 159965.109 -4998.90967 114974.93
0 5 5 15 165565.531 -5173.92285 108652.383
0 6 8 28 159342.828 -17428.1211 117017.391
0 6 9 28 162268.281 -17748.0918 114094.891
0 6 8 29 159049.859 -12425.7705 116802.242
0 6 9 29 161871.484 -12646.21 113815.891
0 6 10 28 165215.375 -18070.4316 111004.086
0 6 11 28 167703.109 -18342.5293 107434.812
0 6 10 29 164835.297 -12877.7588 110748.719
0 6 11 29 167868.141 -13114.6992 107540.539
0 5 6 14 171361.531 -16065.1436 101745.906
0 5 7 14 176070.531 -16506.6113 93537.4609
0 5 6 15 171671.453 -5364.73291 101929.93
0 5 7 15 176662.859 -5520.71436 93852.1484
0 3 2 2 177805.781 -66677.1641 66677.1641
0 3 3 2 187508.766 -70315.7812 23438.5957
0 3 2 3 186803.766 -23350.4707 70051.4062
0 3 3 3 198144.719 -24768.0898 24768.0898
0 4 4 4 170929.922 -74781.8438 74781.8438
0 4 5 4 177579.75 -77691.1406 55493.6719
0 4 4 5 176923.047 -55288.457 77403.8359
0 4 5 5 184232.344 -57572.6055 57572.6055
0 4 4 6 181191.969 -33973.4961 79271.4922
0 4 5 6 189015.484 -35440.4062 59067.3438
0 4 4 7 183228.562 -11451.7852 80162.5
0 4 5 7 191241.297 -11952.5811 59762.9062
0 2 2 0 154750.281 -116062.703 -38687.5703
0 2 3 0 136091.328 -102068.5 -102068.5
0 2 2 1 188282.734 -47070.6836 -47070.6836
0 2 3 1 153976.328 -38494.082 -115482.242
0 2 0 2 153161.906 38290.4766 114871.43
0 2 1 2 189549.938 47387.4844 47387.4844
0 2 0 3 134591.781 100943.836 100943.836
0 2 1 3 157983.375 118487.531 39495.8438
0 3 0 4 146396.672 18299.584 128097.094
0 3 1 4 165576.75 20697.0938 103485.461
0 3 0 5 141387.078 53020.1484 123713.688
0 3 1 5 157854.859 59195.5703 98659.2891
0 4 0 8 142500.766 8906.29785 133594.469
0 4 1 8 151655.375 9478.46094 123220
0 4 0 9 141204.25 26475.7969 132378.984
0 4 1 9 149995.469 28124.1504 121871.32
0 5 2 16 149538.453 4673.07666 126173.078
0 5 3 16 154348.859 4823.40186 120585.039
0 5 2 17 149020.766 13970.6982 125736.273
0 5 3 17 153722.672 14411.5 120095.836
0 4 2 8 161558.812 10097.4258 111071.688
0 4 3 8 172408.344 10775.5215 96979.6875
0 4 2 9 159204.953 29850.9297 109453.406
0 4 3 9 168826.859 31655.0352 94965.1094
0 3 2 4 186165.125 23270.6406 69811.9219
0 3 3 4 197634.547 24704.3184 24704.3184
0 3 2 5 174465.312 65424.4922 65424.4922
0 3 3 5 186732.625 70024.7266 23341.5781
0 4 4 8 183042.891 11440.1807 80081.2656
0 4 5 8 190671.25 11916.9531 59584.7656
0 4 4 9 178496.656 33468.1211 78092.2891
0 4 5 9 188438.828 35332.2812 58887.1367
0 3 0 6 133442.25 83401.3984 116761.953
0 3 1 6 146817.922 91761.1953 91761.1953
0 3 0 7 123660.141 108202.633 108202.633
0 3 1 7 134343.875 117550.891 83964.9297
0 2 2 2 187859.531 46964.8828 -46964.8828
0 2 3 2 153683.719 38420.9297 -115262.781
0 2 2 3 158544.234 118908.172 -39636.0586
0 2 3 3 137041.281 102780.961 -102780.961
1 1 0 0 -161326.062 -80663.0312 -80663.0312
1 1 1 0 -159054.844 -79527.4219 79527.4219
1 1 0 1 -165214.766 82607.3828 -82607.3828
1 1 1 1 -164071.047 82035.5234 82035.5234
2 1 0 0 -82536.1875 165072.375 82536.1875
2 1 1 0 81833.8203 163667.641 81833.8203
2 1 0 1 -82614.7422 165229.484 -82614.7422
2 1 1 1 82373.5156 164747.031 -82373.5156
2 2 2 0 39569.2266 158276.906 118707.68
2 2 3 0 103055.109 137406.812 103055.109
2 2 2 1 47508.9844 190035.938 47508.9844
2 2 3 1 118493.414 157991.219 39497.8047
2 2 2 2 47562.0391 190248.156 -47562.0391
2 2 3 2 118589.18 158118.922 -39529.7305
2 2 2 3 39571.5352 158286.141 -118714.602
2 2 3 3 104557.5 139410 -104557.5
3 1 0 0 -79576.9375 -159153.875 -79576.9375
3 1 1 0 79985.2656 -159970.531 -79985.2656
3 1 0 1 -81869.6172 -163739.234 81869.6172
3 1 1 1 80147.7578 -160295.516 80147.7578
3 2 2 0 39182.6914 -156730.766 -117548.07
3 2 3 0 101974.539 -135966.047 -101974.539
3 2 2 1 46060.2109 -184240.844 -46060.2109
3 2 3 1 114861.156 -153148.219 -38287.0547
3 2 0 2 -117099.547 -156132.734 39033.1836
3 2 1 2 -47497.8984 -189991.594 47497.8984
3 2 0 3 -101921.625 -135895.5 101921.625
3 2 1 3 -39346.1953 -157384.781 118038.578
3 2 2 2 47016.8203 -188067.281 47016.8203
3 2 3 2 115487.266 -153983.016 38495.7539
3 2 2 3 38704.4883 -154817.953 116113.461
3 2 3 3 100726.609 -134302.141 100726.609
3 3 6 6 91701.5859 -146722.547 91701.5859
3 3 7 6 117311.273 -134070.031 83793.7734
3 3 6 7 83141.0156 -133025.625 116397.414
3 3 7 7 107667.383 -123048.43 107667.383
4 1 0 0 -81556.6016 -81556.6016 163113.203
4 1 1 0 79820.9141 -79820.9141 159641.828
4 1 0 1 -82063.5 82063.5 164127
4 1 1 1 80286.0312 80286.0312 160572.062
4 2 0 0 -101021.594 -101021.594 134695.453
4 2 1 0 -38993.9414 -116981.828 155975.766
4 2 0 1 -116339.953 -38779.9844 155119.938
4 2 1 1 -47390.5742 -47390.5742 189562.297
4 2 2 0 38516.875 -115550.625 154067.5
4 2 3 0 100534.68 -100534.68 134046.234
4 2 2 1 47047.5977 -47047.5977 188190.391
4 2 3 1 116733.094 -38911.0312 155644.125
4 3 6 0 83147.0781 -116405.898 133035.328
4 3 7 0 107575.406 -107575.406 122943.312
4 3 6 1 91475.5391 -91475.5391 146360.859
4 3 7 1 116699.516 -83356.8047 133370.891
4 4 14 2 108780 -92044.6172 133883.078
4 4 15 2 119892.023 -87920.8203 127884.82
4 4 14 3 113044.984 -78261.9141 139132.297
4 4 15 3 124247.125 -74548.2734 132530.266
4 3 4 2 23258.4102 -69775.2266 186067.281
4 3 5 2 65071.7656 -65071.7656 173524.703
4 3 4 3 24738.7969 -24738.7969 197910.375
4 3 5 3 69564.7031 -23188.2363 185505.891
4 3 6 2 98989.4688 -59393.6758 158383.141
4 3 7 2 124784.062 -53478.8828 142610.359
4 3 6 3 103772.188 -20754.4395 166035.516
4 3 7 3 128788.93 -18398.418 147187.344
4 4 14 4 117006.484 -63003.4883 144007.969
4 4 15 4 128225.328 -59838.4883 136773.688
4 4 14 5 120986.781 -46533.3789 148906.812
4 4 15 5 132488.781 -44162.9297 141321.375
4 4 12 6 96006.3359 -32002.1133 170677.938
4 4 13 6 110632.055 -30172.3789 160919.344
4 4 12 7 96218.3125 -10690.9238 171054.781
4 4 13 7 111101.242 -10100.1123 161601.797
4 4 14 6 122880.188 -28356.9668 151237.156
4 4 15 6 133343.312 -26668.6641 142232.875
4 4 14 7 123656.062 -9512.00391 152192.062
4 4 15 7 133963.266 -8930.88379 142894.141
4 5 30 12 130622.359 -31529.5332 144135.016
4 5 31 12 135444.516 -30584.2441 139813.688
4 5 30 13 131130.75 -22608.75 144696
4 5 31 13 135930.016 -21924.1973 140314.859
4 2 0 2 -118439.906 39479.9688 157919.875
4 2 1 2 -47451.2109 47451.2109 189804.844
4 2 0 3 -103491.609 103491.609 137988.812
4 2 1 3 -39771.3711 119314.109 159085.484
4 2 2 2 47064.4805 47064.4805 188257.922
4 2 3 2 115226.375 38408.793 153635.172
4 2 2 3 39212.3828 117637.141 156849.531
4 2 3 3 101244.328 101244.328 134992.438
4 3 6 4 103242.766 20648.5527 165188.422
4 3 7 4 128386.836 18340.9766 146727.812
4 3 6 5 98756.4844 59253.8867 158010.375
4 3 7 5 123911.016 53104.7227 141612.594
4 4 14 8 123510.656 9500.81934 152013.109
4 4 15 8 133754.016 8916.93457 142670.953
4 4 14 9 122213.609 28203.1406 150416.75
4 4 15 9 132535.672 26507.1348 141371.391
4 3 6 6 92017.5391 92017.5391 147228.078
4 3 7 6 116729.531 83378.2344 133405.188
4 3 6 7 85450.4766 119630.656 136720.766
4 3 7 7 108487.602 108487.602 123985.82
5 1 0 0 82027.0078 -82027.0078 -164054.016
5 1 1 0 -82105.0312 -82105.0312 -164210.062
5 1 0 1 81470.1641 81470.1641 -162940.328
5 1 1 1 -82207.9531 82207.9531 -164415.906
5 2 0 0 103227.078 -103227.078 -137636.109
5 2 1 0 39413.0234 -118239.07 -157652.094
5 2 0 1 116568.93 -38856.3125 -155425.25
5 2 1 1 47370.6328 -47370.6328 -189482.531
0 17 16928 54452 159203.484 -26924.6191 118079.891
0 17 16929 54452 159204.484 -26924.7891 118078.203
0 17 16928 54453 159203.594 -26922.2109 118079.977
0 17 16929 54453 159204.609 -26922.3789 118078.289
0 17 16930 54452 159205.391 -26924.9414 118076.438
0 17 16931 54452 159206.297 -26925.0957 118074.688
0 17 16930 54453 159205.562 -26922.541 118076.578
0 17 16931 54453 159206.484 -26922.6953 118074.82
0 17 16928 54454 159203.719 -26919.8008 118080.055
0 17 16929 54454 159204.781 -26919.9805 118078.414
0 17 16928 54455 159203.844 -26917.3906 118080.156
0 17 16929 54455 159204.953 -26917.5781 118078.539
0 17 16930 54454 159205.766 -26920.1465 118076.719
0 17 16931 54454 159206.719 -26920.3066 118075
0 17 16930 54455 159205.969 -26917.75 118076.875
0 17 16931 54455 159206.922 -26917.9102 118075.141
0 17 16932 54452 159207.188 -26925.2441 118072.914
0 17 16933 54452 159208.094 -26925.3984 118071.156
0 17 16932 54453 159207.391 -26922.8496 118073.062
0 17 16933 54453 159208.266 -26922.998 118071.281
0 17 16932 54454 159207.609 -26920.457 118073.227
0 17 16933 54454 159208.531 -26920.6152 118071.477
0 17 16932 54455 159207.859 -26918.0703 118073.422
0 17 16933 54455 159208.812 -26918.2305 118071.688
0 17 16930 54456 159206.172 -26915.3555 118077.016
0 17 16931 54456 159207.156 -26915.5215 118075.312
0 17 16930 54457 159206.344 -26912.957 118077.148
0 17 16931 54457 159207.328 -26913.123 118075.453
0 17 16932 54456 159208.125 -26915.6836 118073.609
0 17 16933 54456 159209.062 -26915.8438 118071.867
0 17 16932 54457 159208.297 -26913.2871 118073.734
0 17 16933 54457 159209.266 -26913.4512 118072.031
0 17 16934 54454 159209.469 -26920.7715 118069.742
0 17 16935 54454 159210.469 -26920.9414 118068.07
0 17 16934 54455 159209.734 -26918.3887 118069.953
0 17 16935 54455 159210.75 -26918.5586 118068.266
0 17 16930 54450 159205.188 -26929.7656 118076.297
0 17 16931 54450 159206.141 -26929.9258 118074.562
0 17 16930 54451 159205.281 -26927.3516 118076.359
0 17 16931 54451 159206.188 -26927.5039 118074.609
0 17 16928 54456 159204 -26914.9883 118080.273
0 17 16929 54456 159205.141 -26915.1816 118078.68
0 17 16928 54457 159204.156 -26912.5859 118080.383
0 17 16929 54457 159205.297 -26912.7812 118078.805
0 17 16926 54452 159201.297 -26924.25 118083.117
0 17 16927 54452 159202.453 -26924.4453 118081.555
0 17 16926 54453 159201.312 -26921.8242 118083.125
0 17 16927 54453 159202.5 -26922.0234 118081.578
0 17 16926 54454 159201.297 -26919.3926 118083.125
0 17 16927 54454 159202.547 -26919.6016 118081.625
0 17 16926 54455 159201.344 -26916.9688 118083.148
0 17 16927 54455 159202.641 -26917.1875 118081.68
0 17 16928 54450 159203.281 -26929.4414 118079.734
0 17 16929 54450 159204.25 -26929.6055 118078.016
0 17 16928 54451 159203.406 -26927.0352 118079.836
0 17 16929 54451 159204.375 -26927.1973 118078.109
0 17 16934 54452 159209.047 -26925.5605 118069.445
0 17 16935 54452 159210.062 -26925.7285 118067.758
0 17 16934 54453 159209.219 -26923.1582 118069.562
0 17 16935 54453 159210.219 -26923.3281 118067.875
0 5 4 16 159350.062 4979.68945 114532.859
0 5 5 16 164676.406 5146.1377 108068.891
0 5 4 17 158567.234 14865.6797 113970.203
0 5 5 17 163645.781 15341.792 107392.547
4 3 4 4 24748.8457 24748.8457 197990.766
4 3 5 4 69258.6328 23086.2109 184689.688
4 3 4 5 23307.1953 69921.5859 186457.562
4 3 5 5 65252.543 65252.543 174006.781
0 8 34 102 159501.953 -31775.7773 116511.195
0 8 35 102 160026.953 -31880.3691 115644.477
0 8 34 103 159655.375 -30559.0352 116623.266
0 8 35 103 160193.375 -30662.0137 115764.75
0 7 16 56 158719.406 -18599.9316 117799.57
0 7 17 56 160183.828 -18771.543 116383.562
0 7 16 57 158566.234 -16104.3828 117685.867
0 7 17 57 159972.047 -16247.1611 116229.688
4 3 4 0 18395.8516 -128770.969 147166.812
4 3 5 0 53240.3516 -124227.492 141974.281
4 3 4 1 20725.4629 -103627.312 165803.703
4 3 5 1 59325.9531 -98876.6016 158202.547
2 2 0 0 -103631.25 138175 103631.25
2 2 1 0 -39668.0195 158672.078 119004.055
2 2 0 1 -119448.836 159265.109 39816.2773
2 2 1 1 -47581.4375 190325.75 47581.4375
5 2 0 2 114786.203 38262.0664 -153048.266
5 2 1 2 47498.8242 47498.8242 -189995.297
5 2 0 3 102038.5 102038.5 -136051.344
5 2 1 3 39491.8984 118475.695 -157967.594
0 17 16932 54450 159207.062 -26930.084 118072.828
0 17 16933 54450 159208.047 -26930.248 118071.117
0 17 16932 54451 159207.125 -26927.6641 118072.867
0 17 16933 54451 159208.031 -26927.8164 118071.117
3 3 6 4 103172.836 -165076.547 20634.5684
3 3 7 4 128713.242 -147100.844 18387.6055
3 3 6 5 99930.0312 -159888.047 59958.0117
3 3 7 5 125509.266 -143439.172 53789.6836
0 9 70 212 160512.609 -27274.6055 116308.945
0 9 71 212 160839.438 -27330.1406 115917.484
0 9 70 213 160618.469 -26665.1758 116385.648
0 9 71 213 160900.453 -26711.9922 115961.453
0 5 2 8 143671.547 -67346.0391 121222.875
0 5 3 8 147472.75 -69127.8516 115213.086
0 5 2 9 145513.953 -59115.0469 122777.398
0 5 3 9 149679.812 -60807.4219 116937.352
0 6 4 22 147692 -43846.0625 126922.812
0 6 5 22 149844.781 -44485.168 124090.203
0 6 4 23 148494.312 -39443.8008 127612.297
0 6 5 23 150827.031 -40063.4297 124903.641
4 5 30 10 128707.797 -48820.2031 142022.406
4 5 31 10 134252.797 -47638.0898 138583.531
4 5 30 11 130267.234 -40427.7617 143743.156
4 5 31 11 134958.469 -39181.4922 139311.969
0 8 36 108 161474.109 -24599.5723 115428.766
0 8 37 108 162128.438 -24699.2539 114629.875
0 8 36 109 161541.891 -23347.8496 115477.211
0 8 37 109 162169.641 -23438.5801 114659
4 4 12 4 89610.5469 -69697.0938 159307.641
4 4 13 4 104226.766 -66326.1172 151602.562
4 4 12 5 92973.2812 -51651.8242 165285.828
4 4 13 5 107898.828 -49044.9219 156943.75
4 5 30 14 131471.906 -13600.543 145072.453
4 5 31 14 136206.328 -13181.2568 140600.078
4 5 30 15 131597.766 -4537.854 145211.328
4 5 31 15 136284.906 -4396.2876 140681.203
0 10 136 426 159873.406 -26697.6094 117250.906
0 10 137 426 160017.891 -26721.7383 117044.336
0 10 136 427 159904.719 -26390.5254 117273.875
0 10 137 427 160065.422 -26417.0488 117079.109
0 6 2 26 143877.359 -24728.9199 132636.938
0 6 3 26 146285.062 -25142.7461 130285.141
0 6 2 27 143980.766 -20247.2969 132732.266
0 6 3 27 146381.516 -20584.9004 130371.039
0 10 134 428 159568.219 -26023.3301 117650.398
0 10 135 428 159723.531 -26048.6602 117452.945
0 10 134 429 159568.641 -25711.7441 117650.703
0 10 135 429 159726.875 -25737.2441 117455.414
0 7 20 54 164165.281 -24368.2852 111581.086
0 7 21 54 165273.031 -24532.7148 109751.617
0 7 20 55 164455.703 -21841.7715 111778.484
0 7 21 55 165561.875 -21988.6875 109943.43
0 6 2 24 143474.922 -33626.9336 132265.938
0 6 3 24 145990.578 -34216.543 130022.852
0 6 2 25 143707.922 -29190.6738 132480.75
0 6 3 25 146183.453 -29693.5156 130194.641
0 6 12 26 168955.625 -29039.25 102957.336
0 6 13 26 171303.781 -29442.8379 99035
0 6 12 27 169498.516 -23835.7285 103288.164
0 6 13 27 171853.141 -24166.8457 99352.5938
1 2 2 0 -153324.031 -114993.023 38331.0078
1 2 3 0 -134276.344 -100707.258 100707.258
1 2 2 1 -185942.609 -46485.6523 46485.6523
1 2 3 1 -153404.453 -38351.1133 115053.336
0 17 16934 54456 159210.031 -26916.0117 118070.172
0 17 16935 54456 159211.016 -26916.1758 118068.461
0 17 16934 54457 159210.234 -26913.6152 118070.312
0 17 16935 54457 159211.266 -26913.7852 118068.648
0 11 264 854 159221.266 -26355.4746 118094.289
0 11 265 854 159298.922 -26368.3262 117996.32
0 11 264 855 159203.406 -26197.0469 118081.047
0 11 265 855 159285.953 -26210.627 117986.711
0 7 14 48 155337.703 -37620.8477 120144.008
0 7 15 48 156458.516 -37892.2969 118566.227
0 7 14 49 155781.422 -35294.2305 120487.195
0 7 15 49 156867.656 -35540.3281 118876.266
0 4 0 10 138889.391 43402.9336 130208.805
0 4 1 10 147172.984 45991.5586 119578.047
0 4 0 11 135811.672 59417.6094 127323.438
0 4 1 11 143498.578 62780.625 116592.594
0 5 0 8 134590.016 -63089.0703 130384.086
0 5 1 8 139130.688 -65217.5117 126087.188
0 5 0 9 136678.641 -55525.6953 132407.422
0 5 1 9 141501.359 -57484.9258 128235.609
0 7 14 56 155948.625 -18275.2285 120616.516
0 7 15 56 157332.281 -18437.377 119228.375
0 7 14 57 155863.375 -15829.874 120550.578
0 7 15 57 157216.766 -15967.3271 119140.828
0 3 2 6 161498.188 100936.375 60561.8164
0 3 3 6 169780.516 106112.82 21222.5645
0 3 2 7 145231.531 127077.586 54461.8203
0 3 3 7 151074.125 132189.859 18884.2656
0 7 16 48 157598.891 -38168.4844 116967.93
0 7 17 48 158772.516 -38452.7148 115358.148
0 7 16 49 157993.953 -35795.5039 117261.141
0 7 17 49 159136.094 -36054.2695 115622.32
0 9 60 212 157235.984 -26717.832 120076.695
0 9 61 212 157566.344 -26773.9668 119713.484
0 9 60 213 157198.297 -26097.375 120047.914
0 9 61 213 157537.328 -26153.6582 119691.438
0 7 18 56 161620.125 -18939.8574 114901.805
0 7 19 56 163123.047 -19115.9824 113421.5
0 7 18 57 161452.344 -16397.5039 114782.516
0 7 19 57 162882.609 -16542.7656 113254.32
0 11 268 848 159491.344 -27334.6973 117671.594
0 11 269 848 159572.938 -27348.6836 117575.961
0 11 268 849 159504.516 -27181.1875 117681.312
0 11 269 849 159573.953 -27193.0215 117576.711
0 9 62 208 157935.812 -29304.4961 119377.266
0 9 63 208 158241.672 -29361.248 118990.312
0 9 62 209 157925.297 -28685.6484 119369.32
0 9 63 209 158240.234 -28742.8535 118989.242
3 2 0 0 -100830.281 -134440.375 -100830.281
3 2 1 0 -39378.9609 -157515.844 -118136.883
3 2 0 1 -114907.031 -153209.375 -38302.3438
3 2 1 1 -46562.1914 -186248.766 -46562.1914
0 10 126 424 158218.484 -27039.293 119127.391
0 10 127 424 158396.906 -27069.7832 118952.367
0 10 126 425 158226.719 -26731.6641 119133.602
0 10 127 425 158401.312 -26761.1602 118955.68
0 3 4 2 186762.297 -70035.8594 -23345.2871
0 3 5 2 176551.047 -66206.6406 -66206.6406
0 3 4 3 197349.375 -24668.6719 -24668.6719
0 3 5 3 183071.844 -22883.9805 -68651.9375
0 5 0 16 140478.984 4389.96826 136089.016
0 5 1 16 144924.031 4528.87598 131337.406
0 5 0 17 140115.562 13135.833 135736.938
0 5 1 17 144495.344 13546.4395 130948.906
0 9 66 216 159311.312 -24581.2363 117927.703
0 9 67 216 159666.953 -24636.1133 117567.273
0 9 66 217 159229.016 -23946.5508 117866.789
0 9 67 217 159569.141 -23997.7012 117495.242
0 5 4 8 151508.422 -71019.5703 108896.68
0 5 5 8 155642.203 -72957.2812 102140.203
0 5 4 9 154033.688 -62576.1875 110711.711
0 5 5 9 158366.141 -64336.2422 103927.773
0 9 60 210 157212.188 -27942.0078 120058.523
0 9 61 210 157624 -28015.2031 119757.297
0 9 60 211 157253.984 -27335.166 120090.445
0 9 61 211 157600.328 -27395.3691 119739.312
1 2 2 2 -189365.828 47341.457 47341.457
1 2 3 2 -156996.203 39249.0508 117747.148
1 2 2 3 -158965.922 119224.438 39741.4805
1 2 3 3 -137865.156 103398.867 103398.867
0 7 10 52 150786.078 -27094.373 126047.742
0 7 11 52 152140.594 -27337.7656 124802.844
0 7 10 53 150778.281 -24737.0625 126041.219
0 7 11 53 152091.109 -24952.4492 124762.234
0 12 532 1698 159315.672 -27187.9023 117892.031
0 12 533 1698 159366.781 -27196.627 117852.055
0 12 532 1699 159324.969 -27111.6953 117898.922
0 12 533 1699 159365.312 -27118.5605 117850.961
0 12 532 1704 159331.969 -26723.8906 117904.094
0 12 533 1704 159369.359 -26730.1621 117853.945
0 12 532 1705 159336.672 -26646.8809 117907.578
0 12 533 1705 159371.25 -26652.6641 117855.359
0 8 28 102 155999.328 -31077.9922 121265.109
0 8 29 102 156675.688 -31212.7344 120566.836
0 8 28 103 156040.234 -29867.0762 121296.906
0 8 29 103 156746.547 -30002.2695 120621.375
0 9 70 214 160680.156 -26047.7598 116430.344
0 9 71 214 160952.438 -26091.9004 115998.93
0 9 70 215 160620.016 -25410.5879 116386.773
0 9 71 215 160972.781 -25466.3965 116013.586
2 3 6 0 85441.8594 136706.969 119618.594
2 3 7 0 109337.859 124957.547 109337.859
2 3 6 1 93837.5625 150140.109 93837.5625
2 3 7 1 119047.109 136053.844 85033.6562
4 4 12 8 95976.0234 10664.0029 170624.047
4 4 13 8 110965.141 10087.7402 161403.844
4 4 12 9 94732.3594 31577.4512 168413.078
4 4 13 9 109658.93 29906.9805 159503.891
0 10 130 420 158853.328 -28388.8262 118364.352
0 10 131 420 158987.188 -28412.75 118153.57
0 10 130 421 158842.578 -28076.666 118356.336
0 10 131 421 159017.516 -28107.5859 118176.102
0 11 266 854 159366.375 -26379.4922 117890.648
0 11 267 854 159448.781 -26393.1309 117795.898
0 11 266 855 159366.156 -26223.8242 117890.484
0 11 267 855 159449.859 -26237.5996 117796.695
3 3 4 6 21195.0391 -169560.312 105975.195
3 3 5 6 59580.3008 -158880.812 99300.5078
3 3 4 7 18505.4004 -148043.203 129537.805
3 3 5 7 53265.9375 -142042.5 124287.188
0 4 2 10 155787.203 48683.5039 107103.711
0 4 3 10 164503.469 51407.3359 92533.2031
0 4 2 11 151346.891 66214.2656 104050.992
0 4 3 11 159359.391 69719.7344 89639.6562
0 8 28 108 155827.266 -23739.3086 121131.344
0 8 29 108 156556.812 -23850.4512 120475.367
0 8 28 109 155785.469 -22515.8672 121098.867
0 8 29 109 156463.359 -22613.8438 120403.438
0 11 262 854 159058.5 -26328.5332 118284.234
0 11 263 854 159142.109 -26342.373 118190.992
0 11 262 855 159034.859 -26169.3105 118266.641
0 11 263 855 159122.594 -26183.7461 118176.492
0 6 8 30 158771.203 -7442.40039 116597.602
0 6 9 30 161499.906 -7570.30811 113554.625
0 6 8 31 158483.422 -2476.30347 116386.273
0 6 9 31 161153.688 -2518.02637 113311.18
0 9 70 210 160376.672 -28504.4473 116210.445
0 9 71 210 160638.109 -28550.9121 115772.383
0 9 70 211 160431.156 -27887.4473 116249.922
0 9 71 211 160739.953 -27941.127 115845.789
0 6 10 22 161246.375 -47870.0195 108337.414
0 6 11 22 163515.984 -48543.8086 104752.43
0 6 10 23 162186.062 -43080.6719 108968.758
0 6 11 23 164462.578 -43685.3711 105358.836
0 4 0 0 118117.023 -110734.711 110734.711
0 4 1 0 123549.352 -115827.516 100383.844
0 4 0 1 123308.609 -100188.242 115601.82
0 4 1 1 129604.359 -105303.547 105303.547
0 11 266 846 159345.172 -27620.8652 117874.969
0 11 267 846 159420.609 -27633.9434 117775.086
0 11 266 847 159332.875 -27463.1387 117865.883
0 11 267 847 159408.469 -27476.166 117766.125
0 10 132 420 159130.328 -28438.332 117949.133
0 10 133 420 159298.078 -28468.3086 117762.359
0 10 132 421 159191.125 -28138.2754 117994.203
0 10 133 421 159358.938 -28167.9355 117807.336
0 7 20 50 162910.688 -34363.9727 110728.367
0 7 21 50 164088.641 -34612.4453 108965.109
0 7 20 51 163286.859 -31891.9629 110984.031
0 7 21 51 164411.953 -32111.7109 109179.82
0 9 64 216 158557.438 -24464.918 118608.398
0 9 65 216 158948.094 -24525.1953 118279.742
0 9 64 217 158491.266 -23835.6016 118558.898
0 9 65 217 158876.141 -23893.4824 118226.195
0 11 258 850 158695.969 -26888.4277 118634.531
0 11 259 850 158779.172 -26902.5273 118541.68
0 11 258 851 158685.172 -26731.6328 118626.469
0 11 259 851 158774.234 -26746.6367 118537.992
0 17 16926 54450 159201.141 -26929.082 118083.016
0 17 16927 54450 159202.234 -26929.2676 118081.391
0 17 16926 54451 159201.266 -26926.6738 118083.102
0 17 16927 54451 159202.406 -26926.8652 118081.508
0 11 260 846 158840.188 -27533.332 118432.102
0 11 261 846 158920.094 -27547.1836 118336.5
0 11 260 847 158848.062 -27379.5742 118437.984
0 11 261 847 158929.453 -27393.6016 118343.469
0 3 4 0 147273.562 -128864.375 -18409.1953
0 3 5 0 141882.797 -124147.445 -53206.0469
0 3 4 1 168503.516 -105314.688 -21062.9395
0 3 5 1 159710.297 -99818.9375 -59891.3594
0 5 8 12 178141.078 -38968.3633 83503.6328
0 5 9 12 182406.938 -39901.5156 74102.8203
0 5 8 13 179745.25 -28085.1973 84255.5859
0 5 9 13 184106.891 -28766.7012 74793.4219
0 5 6 16 170292.172 5321.63037 101110.977
0 5 7 16 176198.938 5506.2168 93605.6875
0 5 6 17 168909.766 15835.291 100290.172
0 5 7 17 174259.875 16336.8633 92575.5547
0 6 12 24 167590.578 -39279.043 102125.508
0 6 13 24 169896.625 -39819.5234 98221.4844
0 6 12 25 168328.125 -34191.6523 102574.953
0 6 13 25 170642.531 -34661.7656 98652.7188
4 4 14 10 119919.328 46122.8203 147593.016
4 4 15 10 130372.945 43457.6445 139064.469
4 4 14 11 116648.422 62810.6875 143567.281
4 4 15 11 127372.133 59440.332 135863.609
0 9 68 208 159632.719 -29619.3555 116918.5
0 9 69 208 159896.219 -29668.2461 116486.898
0 9 68 209 159730.312 -29013.5137 116989.969
0 9 69 209 159998.219 -29062.1777 116561.203
0 7 10 50 150790.703 -31807.4121 126051.609
0 7 11 50 152167.875 -32097.9102 124825.211
0 7 10 51 150789.219 -29451.0195 126050.367
0 7 11 51 152162.828 -29719.3047 124821.078
0 6 6 30 153606.766 -7200.31689 122405.391
0 6 7 30 156164.203 -7320.19727 119563.227
0 6 6 31 153419.344 -2397.17725 122256.031
0 6 7 31 155939.906 -2436.56104 119391.5
0 3 4 4 197089.734 24636.2168 -24636.2168
0 3 5 4 183063.719 22882.9648 -68648.8906
0 3 4 5 187030.812 70136.5547 -23378.8516
0 3 5 5 176466.281 66174.8594 -66174.8594
0 17 16926 54456 159201.406 -26914.5508 118083.203
0 17 16927 54456 159202.766 -26914.7832 118081.781
0 17 16926 54457 159201.531 -26912.1426 118083.289
0 17 16927 54457 159202.891 -26912.373 118081.883
0 13 1054 3406 159154.141 -26791.207 118180.5
0 13 1055 3406 159171.219 -26794.084 118154.32
0 13 1054 3407 159157.953 -26752.9922 118183.336
0 13 1055 3407 159176.062 -26756.0352 118157.914
0 13 1052 3400 159092.516 -27013.8789 118212.422
0 13 1053 3400 159112.859 -27017.334 118188.695
0 13 1052 3401 159098.844 -26976.1094 118217.117
0 13 1053 3401 159119.141 -26979.5527 118193.359
2 2 0 2 -119061.656 158748.875 -39687.2188
2 2 1 2 -47981.0039 191924.016 -47981.0039
2 2 0 3 -104122.844 138830.469 -104122.844
2 2 1 3 -39703.918 158815.672 -119111.75
0 13 1052 3404 159109.609 -26861.4004 118225.125
0 13 1053 3404 159131.703 -26865.1309 118202.688
0 13 1052 3405 159112.516 -26823.043 118227.281
0 13 1053 3405 159133.781 -26826.6289 118204.234
0 7 12 48 153168.25 -37095.4375 123252.57
0 7 13 48 154214.281 -37348.7695 121684.711
0 7 12 49 153512.938 -34780.2734 123529.938
0 7 13 49 154703.906 -35050.1016 122071.047
0 6 12 28 169967.391 -18590.1836 103573.883
0 6 13 28 172303.344 -18845.6777 99612.875
0 6 12 29 170441.172 -13315.7168 103862.586
0 6 13 29 172716.812 -13493.501 99851.9141
0 12 528 1696 159146.891 -27314.5195 118077.977
0 12 529 1696 159189.047 -27321.752 118031.531
0 12 528 1697 159151.016 -27237.5137 118081.039
0 12 529 1697 159189.469 -27244.0957 118031.844
0 10 126 422 158205 -27654.9766 119117.242
0 10 127 422 158381.672 -27685.8613 118940.93
0 10 126 423 158210.016 -27346.8457 119121.016
0 10 127 423 158385.031 -27377.1016 118943.445
0 11 258 848 158684.672 -27196.4453 118626.094
0 11 259 848 158771.922 -27211.3984 118536.258
0 11 258 849 158692.656 -27042.8398 118632.047
0 11 259 849 158769.719 -27055.9727 118534.609
0 9 68 216 160011.969 -24689.3457 117196.266
0 9 69 216 160351.5 -24741.7363 116818.57
0 9 68 217 159956.328 -24055.9316 117155.508
0 9 69 217 160310.062 -24109.1289 116788.375
0 8 32 110 158561.531 -21678.334 118301.766
0 8 33 110 159277.734 -21776.2539 117591.766
0 8 32 111 158489.766 -20430.3223 118248.227
0 8 33 111 159213.625 -20523.6309 117544.43
5 2 2 0 -39612.3164 -118836.953 -158449.266
5 2 3 0 -103071.859 -103071.859 -137429.141
5 2 2 1 -47551.875 -47551.875 -190207.5
5 2 3 1 -118471.844 -39490.6172 -157962.469
0 10 136 422 159786.016 -27931.3438 117186.812
0 10 137 422 159928.297 -27956.2148 116978.805
0 10 136 423 159803.391 -27622.2676 117199.562
0 10 137 423 159952.938 -27648.1152 116996.82
0 4 4 2 155799.562 -107112.195 68162.3047
0 4 5 2 160459.578 -110315.961 50143.6211
0 4 4 3 163650.984 -92053.6797 71597.3047
0 4 5 3 169441.5 -95310.8438 52950.4688
0 10 128 428 158488.656 -25847.2715 118711.727
0 10 129 428 158686.625 -25879.5566 118550.062
0 10 128 429 158509.484 -25541.0801 118727.312
0 10 129 429 158693.094 -25570.6641 118554.906
0 10 126 426 158212.109 -26420.1836 119122.594
0 10 127 426 158386.906 -26449.375 118944.852
0 10 126 427 158155.719 -26101.8691 119080.133
0 10 127 427 158323.016 -26129.4824 118896.867
0 6 2 28 144043.031 -15754.707 132789.656
0 6 3 28 146423.438 -16015.0645 130408.383
0 6 2 29 144059.25 -11254.6289 132804.625
0 6 3 29 146385.656 -11436.3799 130374.727
0 13 1062 3400 159277.281 -27045.252 117960.852
0 13 1063 3400 159295.344 -27048.3184 117935.344
0 13 1062 3401 159282.984 -27007.332 117965.07
0 13 1063 3401 159298.906 -27010.0352 117937.977
0 17 16930 54458 159206.484 -26910.5508 118077.258
0 17 16931 54458 159207.453 -26910.7148 118075.539
0 17 16930 54459 159206.656 -26908.1523 118077.383
0 17 16931 54459 159207.625 -26908.3125 118075.664
0 5 8 14 180742.688 -16944.6289 84723.1406
0 5 9 14 185142.812 -17357.1387 75214.2656
0 5 8 15 181149.219 -5660.91309 84913.6953
0 5 9 15 185484.641 -5796.39502 75353.1328
0 8 34 110 160014.812 -21877.0254 116885.828
0 8 35 110 160753.969 -21978.082 116169.859
0 8 34 111 159921.609 -20614.8965 116817.742
0 8 35 111 160643.516 -20707.9531 116090.031
1 2 0 0 -135512.547 -101634.406 -101634.406
1 2 1 0 -153795.109 -115346.328 -38448.7773
1 2 0 1 -157346.203 -39336.5508 -118009.648
1 2 1 1 -188039.125 -47009.7812 -47009.7812
0 12 526 1696 159077.469 -27302.6035 118181.82
0 12 527 1696 159107.109 -27307.6895 118126.156
0 12 526 1697 159077.391 -27224.9141 118181.758
0 12 527 1697 159111.422 -27230.7383 118129.352
0 6 2 22 142928.125 -42431.7891 131761.875
0 6 3 22 145512.125 -43198.9102 129596.734
0 6 2 23 143250.328 -38050.8711 132058.891
0 6 3 23 145827.078 -38735.3164 129877.242
0 7 18 48 159912.594 -38728.8281 113687.852
0 7 19 48 161072.344 -39009.707 111995.609
0 7 18 49 160288.391 -36315.3398 113955.031
0 7 19 49 161438.844 -36575.9883 112250.438
4 4 14 0 99663.4141 -114996.25 122662.672
4 4 15 0 110489 -110489 117854.93
4 4 14 1 104280.031 -104280.031 128344.641
4 4 15 1 115269.266 -99900.0312 122953.883
0 12 534 1702 159399.984 -26890.9629 117798.773
0 12 535 1702 159444.078 -26898.4023 117753.508
0 12 534 1703 159407.844 -26814.4531 117804.57
0 12 535 1703 159443.078 -26820.3789 117752.758
4 3 4 6 21156.752 105783.75 169254.016
4 3 5 6 60657.6289 101096.055 161753.688
4 3 4 7 18845.1738 131916.219 150761.391
4 3 5 7 54442.0391 127031.43 145178.781
0 13 1054 3398 159121.562 -27096.5059 118156.305
0 13 1055 3398 159139.438 -27099.5508 118130.727
0 13 1054 3399 159127.141 -27058.6055 118160.445
0 13 1055 3399 159145.406 -27061.7109 118135.156
0 7 10 54 150787.625 -22382.5391 126049.023
0 7 11 54 152074.734 -22573.5957 124748.812
0 7 10 55 150749.312 -20021.3945 126017.008
0 7 11 55 152038.016 -20192.5488 124718.68
0 8 26 104 154575.203 -28379.043 122573.305
0 8 27 104 155294.422 -28511.084 121930.391
0 8 26 105 154544.438 -27166.0137 122548.906
0 8 27 105 155220.922 -27284.9277 121872.68
5 2 2 2 -47616.8281 47616.8281 -190467.312
5 2 3 2 -118551.719 39517.2422 -158068.969
5 2 2 3 -39484.8047 118454.406 -157939.219
5 2 3 3 -104125.938 104125.938 -138834.594
0 10 128 420 158511.172 -28327.6816 118728.594
0 10 129 420 158685.984 -28358.9199 118549.586
0 10 128 421 158544.594 -28023.9961 118753.609
0 10 129 421 158683.281 -28048.5117 118547.57
0 8 38 106 162406.734 -27279.2539 113557.828
0 8 39 106 162929.531 -27367.0703 112650.5
0 8 38 107 162514.031 -26027.6367 113632.859
0 8 39 107 163096.062 -26120.8535 112765.633
0 8 36 102 160614.781 -31997.4746 114814.469
0 8 37 102 161193.484 -32112.7637 113968.82
0 8 36 103 160776.047 -30773.541 114929.758
0 8 37 103 161352.703 -30883.918 114081.406
0 17 16932 54458 159208.438 -26910.8809 118073.844
0 17 16933 54458 159209.391 -26911.043 118072.117
0 17 16932 54459 159208.578 -26908.4746 118073.945
0 17 16933 54459 159209.531 -26908.6367 118072.227
0 12 524 1704 159043.406 -26675.4922 118311.828
0 12 525 1704 159090.281 -26683.3535 118269.016
0 12 524 1705 159041.656 -26597.541 118310.523
0 12 525 1705 159095.469 -26606.543 118272.883
0 12 534 1700 159401.797 -27046.9355 117800.109
0 12 535 1700 159439.516 -27053.3359 117750.125
0 12 534 1701 159393.125 -26967.6367 117793.703
0 12 535 1701 159434.891 -26974.7031 117746.727
0 17 16934 54450 159209.062 -26930.4199 118069.445
0 17 16935 54450 159210.156 -26930.6055 118067.828
0 17 16934 54451 159209 -26927.9805 118069.398
0 17 16935 54451 159210.062 -26928.1582 118067.758
4 4 12 2 82188.0156 -100452.016 146112.016
4 4 13 2 96285.25 -96285.25 140051.281
4 4 12 3 86026.6875 -86026.6875 152936.328
4 4 13 3 100399.617 -82145.1406 146035.812
4 5 30 8 124575.414 -64435.5625 137462.531
4 5 31 8 129871.242 -62840.918 134060.625
4 5 30 9 126544.359 -56726.7812 139635.156
4 5 31 9 131831.109 -55284.0117 136083.734
0 17 16936 54454 159211.516 -26921.1191 118066.406
0 17 16937 54454 159212.625 -26921.3066 118064.805
0 17 16936 54455 159211.812 -26918.7402 118066.625
0 17 16937 54455 159212.891 -26918.9219 118064.992
0 12 522 1700 158918.234 -26964.8867 118373.906
0 12 523 1700 158966.234 -26973.0332 118332.055
0 12 522 1701 158923.656 -26888.2051 118377.945
0 12 523 1701 158975.828 -26897.0332 118339.18
0 6 10 30 164359.234 -7704.33936 110428.859
0 6 11 30 167324.391 -7843.33105 107192.188
0 6 10 31 163947.125 -2561.67383 110151.969
0 6 11 31 166818.109 -2606.53296 106867.852
0 7 12 56 153290.625 -17963.7461 123351.055
0 7 13 56 154617.609 -18119.252 122002.961
0 7 12 57 153249.078 -15564.3584 123317.609
0 7 13 57 154539.797 -15695.4492 121941.562
4 5 28 12 119854.352 -33559.2188 153413.578
4 5 29 12 125415.266 -32515.0684 148640.312
4 5 28 13 120206.344 -24041.2676 153864.109
4 5 29 13 125902.625 -23315.3008 149217.922
0 10 136 428 159925.75 -26081.6426 117289.297
0 10 137 428 160105.578 -26110.9668 117108.469
0 10 136 429 159920.672 -25768.4668 117285.562
0 10 137 429 160105.844 -25798.3066 117108.672
0 8 26 106 154485.938 -25948.8105 122502.516
0 8 27 106 155206.562 -26069.8516 121861.406
0 8 26 107 154477.703 -24740.5684 122495.984
0 8 27 107 155191.797 -24854.9375 121849.812
0 9 60 214 157182.422 -25480.7422 120035.797
0 9 61 214 157533.781 -25537.7012 119688.75
0 9 60 215 157137 -24859.5645 120001.102
0 9 61 215 157509.438 -24918.4844 119670.25
1 2 0 2 -158186.75 39546.6875 -118640.055
1 2 1 2 -189852.141 47463.0352 -47463.0352
1 2 0 3 -138829.484 104122.117 -104122.117
1 2 1 3 -158724.391 119043.289 -39681.0977
0 13 1062 3406 159289.984 -26814.0742 117970.266
0 13 1063 3406 159308.75 -26817.2324 117945.266
0 13 1062 3407 159291.703 -26775.4727 117971.531
0 13 1063 3407 159310.719 -26778.6699 117946.727
0 4 2 0 129184.562 -121110.531 88814.3906
0 4 3 0 135067.797 -126626.055 75975.6328
0 4 2 1 136525.359 -110926.852 93861.1797
0 4 3 1 142443.609 -115735.422 80124.5234
0 12 530 1696 159230.266 -27328.8281 117984.344
0 12 531 1696 159270.828 -27335.7891 117936.625
0 12 530 1697 159234.5 -27251.8027 117987.484
0 12 531 1697 159283.047 -27260.1133 117945.68
4 5 30 16 131516.656 4535.05713 145121.828
4 5 31 16 136176.984 4392.80615 140569.797
4 5 30 17 131159.281 13568.2021 144727.484
4 5 31 17 135810.594 13142.96 140191.578
0 14 2110 6808 159161.094 -26879.8047 118156.508
0 14 2111 6808 159167.609 -26880.9082 118141.93
0 14 2110 6809 159161.984 -26860.5293 118157.18
0 14 2111 6809 159168.828 -26861.6836 118142.836
0 4 6 6 194547.75 -36477.7031 36477.7031
0 4 7 6 197576.703 -37045.6328 12348.5439
0 4 6 7 197187.844 -12324.2402 36972.7188
0 4 7 7 200304.859 -12519.0537 12519.0537
0 17 16924 54452 159198.766 -26923.8223 118086.102
0 17 16925 54452 159200.078 -26924.043 118084.648
0 17 16924 54453 159198.703 -26921.3789 118086.047
0 17 16925 54453 159200.047 -26921.6094 118084.617
0 10 134 420 159436.656 -28493.0742 117553.398
0 10 135 420 159571.609 -28517.1934 117341.234
0 10 134 421 159498.953 -28192.6875 117599.328
0 10 135 421 159622.609 -28214.5449 117378.734
0 13 1060 3398 159241.578 -27116.9414 118012.164
0 13 1061 3398 159257.203 -27119.6035 117984.852
0 13 1060 3399 159243.984 -27078.4746 118013.93
0 13 1061 3399 159259.328 -27081.082 117986.43
0 6 4 30 148681.562 -6969.44775 127773.219
0 6 5 30 151103.891 -7082.99463 125132.914
0 6 4 31 148574.141 -2321.47095 127680.914
0 6 5 31 150959.641 -2358.74438 125013.461
0 8 30 110 157117.078 -21480.8496 119679.016
0 8 31 110 157808.234 -21575.3438 118972.617
0 8 30 111 157060.531 -20246.084 119635.953
0 8 31 111 157757.406 -20335.916 118934.297
2 3 6 2 101784.953 162855.922 61070.9688
2 3 7 2 127271.234 145452.844 54544.8125
2 3 6 3 106223.641 169957.828 21244.7285
2 3 7 3 131965.484 150817.688 18852.2109
0 7 20 56 164554.172 -19283.6934 111845.414
0 7 21 56 165827.984 -19432.9668 110120.148
0 7 20 57 164408.141 -16697.7031 111746.164
0 7 21 57 165885.719 -16847.7695 110158.484
3 3 6 2 98722.2188 -157955.547 -59233.3281
3 3 7 2 123734.055 -141410.344 -53028.8789
3 3 6 3 103027.016 -164843.219 -20605.4023
3 3 7 3 128213.43 -146529.641 -18316.2051
0 17 16928 54458 159204.328 -26910.1875 118080.508
0 17 16929 54458 159205.438 -26910.373 118078.898
0 17 16928 54459 159204.547 -26907.793 118080.68
0 17 16929 54459 159205.656 -26907.9805 118079.07
0 8 38 104 162065.875 -29754.2812 113319.5
0 8 39 104 162646.75 -29860.9258 112454.984
0 8 38 105 162223.391 -28515.8301 113429.641
0 8 39 105 162809.812 -28618.9121 112567.727
0 9 60 208 157240.5 -29175.4844 120080.156
0 9 61 208 157610.922 -29244.2129 119747.359
0 9 60 209 157303.812 -28572.7617 120128.5
0 9 61 209 157580.359 -28622.9941 119724.133
0 11 268 854 159517.578 -26404.5215 117690.938
0 11 269 854 159601.219 -26418.3672 117596.805
0 11 268 855 159533.922 -26251.4297 117702.992
0 11 269 855 159608.359 -26263.6797 117602.047
0 5 6 8 159732.438 -74874.5781 94841.1328
0 5 7 8 163694.703 -76731.8906 86962.8125
0 5 6 9 162626.25 -66066.9141 96559.3359
0 5 7 9 166769.016 -67749.9062 88596.0391
0 11 258 852 158689.984 -26577.4746 118630.062
0 11 259 852 158771.312 -26591.0957 118535.812
0 11 258 853 158683.016 -26421.3398 118624.852
0 11 259 853 158769.922 -26435.8105 118534.766
0 11 270 850 159666.344 -27052.8418 117488.859
0 11 271 850 159736.797 -27064.7793 117384.711
0 11 270 851 159673.797 -26898.1738 117494.344
0 11 271 851 159742.969 -26909.8262 117389.242
0 14 2112 6810 159178.812 -26843.9355 118130.805
0 14 2113 6810 159186.328 -26845.2051 118116.953
0 14 2112 6811 159180.516 -26824.793 118132.078
0 14 2113 6811 159189.219 -26826.2598 118119.102
0 17 16936 54452 159211.172 -26925.9199 118066.156
0 17 16937 54452 159212.297 -26926.1094 118064.555
0 17 16936 54453 159211.297 -26923.5098 118066.242
0 17 16937 54453 159212.422 -26923.7012 118064.648
0 17 16924 54454 159198.594 -26918.9336 118085.977
0 17 16925 54454 159199.969 -26919.166 118084.57
0 17 16924 54455 159198.516 -26916.4922 118085.914
0 17 16925 54455 159199.953 -26916.7324 118084.562
0 12 522 1702 158933.797 -26812.3164 118385.492
0 12 523 1702 158982.828 -26820.5918 118344.406
0 12 522 1703 158941.547 -26736.0176 118391.281
0 12 523 1703 158987.797 -26743.7969 118348.094
3 3 4 4 24636.1309 -197089.047 24636.1309
3 3 5 4 68747.4844 -183326.641 22915.8301
3 3 4 5 23306.1797 -186449.438 69918.5391
3 3 5 5 66160.7578 -176428.688 66160.7578
4 5 28 14 120607.383 -14472.8857 154377.453
4 5 29 14 126297.055 -14033.0068 149685.406
4 5 28 15 120819.234 -4832.76953 154648.625
4 5 29 15 126469.352 -4684.0498 149889.594
0 12 528 1706 159211.312 -26548.1738 118125.773
0 12 529 1706 159244.797 -26553.7578 118072.875
0 12 528 1707 159211.297 -26470.4336 118125.766
0 12 529 1707 159248.328 -26476.5898 118075.484
0 8 32 100 158005.656 -33946.5273 117887.031
0 8 33 100 158527.953 -34058.7383 117038.211
0 8 32 101 158201.438 -32752.6406 118033.102
0 8 33 101 158755.062 -32867.2578 117205.891
0 9 62 216 157807.625 -24349.2227 119280.367
0 9 63 216 158181.391 -24406.8945 118944.992
0 9 62 217 157758.922 -23725.4629 119243.562
0 9 63 217 158121.125 -23779.9355 118899.68
0 6 0 24 138744.609 -32518.2676 136576.734
0 6 1 24 141063.969 -33061.8672 134451.594
0 6 0 25 138998.156 -28234.002 136826.328
0 6 1 25 141316.969 -28705.0098 134692.734
0 6 6 20 150076.938 -53933.9023 119592.555
0 6 7 20 152333.141 -54744.7227 116630.055
0 6 6 21 151068.25 -49569.2695 120382.508
0 6 7 21 153360.312 -50321.3477 117416.484
0 5 8 10 173583.906 -59669.4648 81367.4531
0 5 9 10 177494.734 -61013.8086 72107.2344
0 5 8 11 176093.406 -49526.2734 82543.7891
0 5 9 11 180165.031 -50671.418 73192.0469
0 11 260 854 158861.891 -26295.9863 118448.297
0 11 261 854 158951.656 -26310.8457 118360
0 11 260 855 158853.344 -26139.4395 118441.922
0 11 261 855 158944.172 -26154.3867 118354.422
4 5 28 10 116853.273 -51415.4414 149572.188
4 5 29 10 122935.367 -50084.7773 145701.172
4 5 28 11 118945.242 -42820.2852 152249.906
4 5 29 11 125143.469 -41714.4883 148318.188
0 6 0 26 139236.969 -23931.3535 137061.391
0 6 1 26 141535.078 -24326.3398 134900.625
0 6 0 27 139382.812 -19600.709 137204.969
0 6 1 27 141657.969 -19920.6523 135017.75
0 14 2120 6810 159246.812 -26855.4023 118025.758
0 14 2121 6810 159254.125 -26856.6367 118011.734
0 14 2120 6811 159250.703 -26836.6191 118028.641
0 14 2121 6811 159258.656 -26837.9609 118015.102
0 14 2122 6806 159261.781 -26935.6914 117997.969
0 14 2123 6806 159270.266 -26937.127 117984.812
0 14 2122 6807 159259.875 -26915.9316 117996.57
0 14 2123 6807 159268.719 -26917.4238 117983.672
0 17 16930 54448 159205.031 -26934.5957 118076.172
0 17 16931 54448 159206.078 -26934.7754 118074.523
0 17 16930 54449 159205.094 -26932.1777 118076.227
0 17 16931 54449 159206.094 -26932.3457 118074.531
0 8 30 100 156918.609 -33712.9844 119527.844
0 8 31 100 157442.766 -33825.5938 118697.094
0 8 30 101 157082.062 -32520.8945 119652.344
0 8 31 101 157642.25 -32636.873 118847.484
0 12 530 1706 159278.203 -26559.3301 118019.859
0 12 531 1706 159312.922 -26565.1211 117967.805
0 12 530 1707 159280.172 -26481.8848 118021.32
0 12 531 1707 159315.984 -26487.8359 117970.055
0 8 38 108 162666.781 -24781.2676 113739.664
0 8 39 108 163270.203 -24873.1934 112886.039
0 8 38 109 162811.875 -23531.4043 113841.117
0 8 39 109 163403.438 -23616.9023 112978.164
0 12 522 1698 158918.812 -27120.1797 118374.336
0 12 523 1698 158958.812 -27127.0059 118326.523
0 12 522 1699 158925.844 -27043.7754 118379.57
0 12 523 1699 158969.141 -27051.1465 118334.203
0 17 16936 54456 159212.062 -26916.3535 118066.82
0 17 16937 54456 159213.156 -26916.5371 118065.188
0 17 16936 54457 159212.297 -26913.9629 118066.977
0 17 16937 54457 159213.344 -26914.1406 118065.336
0 4 4 10 173137.766 54105.5508 75747.7656
0 4 5 10 181830 56821.8711 56821.8711
0 4 4 11 167313.562 73199.6797 73199.6797
0 4 5 11 175879.375 76947.2266 54962.3086
0 3 4 6 170084.641 106302.898 -21260.5801
0 3 5 6 162519.094 101574.43 -60944.6562
0 3 4 7 151194.078 132294.828 -18899.2598
0 3 5 7 146094.906 127833.039 -54785.5898
0 4 6 4 182248.422 -79733.6875 34171.5781
0 4 7 4 184171.078 -80574.8516 11510.6924
0 4 6 5 189402.891 -59188.4062 35513.043
0 4 7 5 191846.344 -59951.9805 11990.3965
0 8 36 110 161502.922 -22080.4766 115449.344
0 8 37 110 162181.031 -22173.1875 114667.062
0 8 36 111 161420.484 -20808.1094 115390.43
0 8 37 111 162175.109 -20905.3848 114662.867
0 12 524 1696 158994.312 -27288.3281 118275.312
0 12 525 1696 159037.469 -27295.7363 118229.758
0 12 524 1697 158996.734 -27211.1113 118277.109
0 12 525 1697 159038.906 -27218.3301 118230.828
0 11 270 852 159682.75 -26743.7422 117500.93
0 11 271 852 159757.141 -26756.1992 117399.664
0 11 270 853 159689.047 -26588.8477 117505.562
0 11 271 853 159767.891 -26601.9766 117407.555
0 17 16928 54448 159202.875 -26934.2324 118079.43
0 17 16929 54448 159203.953 -26934.4141 118077.812
0 17 16928 54449 159203.094 -26931.8418 118079.602
0 17 16929 54449 159204.109 -26932.0117 118077.922
0 14 2110 6802 159149.156 -26994.3535 118147.648
0 14 2111 6802 159158.266 -26995.9004 118134.992
0 14 2110 6803 159151.359 -26975.3008 118149.281
0 14 2111 6803 159160.125 -26976.7852 118136.375
0 6 4 20 145676.266 -52352.4062 125190.547
0 6 5 20 147860.906 -53137.5117 122447.32
0 6 4 21 146619 -48109.3594 126000.703
0 6 5 21 148796.562 -48823.8711 123222.141
0 7 22 52 165883.25 -29807.1484 107564.922
0 7 23 52 167076.062 -30021.4805 105727.82
0 7 22 53 166151.234 -27259.1875 107738.695
0 7 23 53 167315.562 -27450.209 105879.375
0 17 16934 54458 159210.375 -26911.209 118070.422
0 17 16935 54458 159211.391 -26911.3809 118068.734
0 17 16934 54459 159210.484 -26908.7988 118070.5
0 17 16935 54459 159211.516 -26908.9688 118068.828
0 8 26 102 154606.656 -30800.5469 122598.242
0 8 27 102 155353.531 -30949.3359 121976.797
0 8 26 103 154600.062 -29591.4199 122593.023
0 8 27 103 155324.219 -29730.0254 121953.781
3 4 14 14 104431.273 -128530.789 104431.273
3 4 15 14 115456.688 -123153.805 100062.461
3 4 14 15 99674.8672 -122676.766 115009.461
3 4 15 15 110534.68 -117903.656 110534.68
0 7 10 48 150702.688 -36498.3086 125978.023
0 7 11 48 151985.375 -36808.957 124675.5
0 7 10 49 150772.844 -34159.4727 126036.68
0 7 11 49 152132.156 -34467.4414 124795.906
4 3 2 2 -66538.8438 -66538.8438 177436.922
4 3 3 2 -23347.7891 -70043.3672 186782.312
4 3 2 3 -70288.0625 -23429.3555 187434.844
4 3 3 3 -24802.709 -24802.709 198421.672
0 10 138 424 160133.062 -27366.4902 116815.82
0 10 139 424 160278.172 -27391.2871 116608.625
0 10 138 425 160163.359 -27058.8496 116837.914
0 10 139 425 160317.922 -27084.9609 116637.547
0 12 534 1704 159409.766 -26736.9395 117806
0 12 535 1704 159442.797 -26742.4824 117752.547
0 12 534 1705 159410.125 -26659.1621 117806.266
0 12 535 1705 159445.109 -26665.0117 117754.258
0 13 1058 3408 159229.781 -26726.1914 118081.164
0 13 1059 3408 159244.625 -26728.6836 118053.305
0 13 1058 3409 159232.312 -26687.7383 118083.047
0 13 1059 3409 159246.531 -26690.123 118054.711
0 5 0 6 130216.688 -77316.1641 126147.422
0 5 1 6 134121.406 -79634.5859 121547.523
0 5 0 7 132446.828 -70362.3828 128307.875
0 5 1 7 136662.234 -72601.8125 123850.148
0 11 268 846 159503.984 -27648.3945 117680.922
0 11 269 846 159573.516 -27660.4473 117576.383
0 11 268 847 159489.359 -27490.1113 117670.133
0 11 269 847 159576.297 -27505.0957 117578.438
2 3 4 0 18889.793 151118.344 132228.547
2 3 5 0 54716.668 145911.125 127672.227
2 3 4 1 21267.0605 170136.484 106335.297
2 3 5 1 61006.3242 162683.547 101677.219
0 10 138 426 160202.422 -26752.5527 116866.414
0 10 139 426 160377.312 -26781.7598 116680.758
0 10 138 427 160229.906 -26444.1934 116886.469
0 10 139 427 160411.734 -26474.2031 116705.812
0 6 8 20 154623.609 -55567.8633 113551.719
0 6 9 20 156854.109 -56369.4414 110288.039
0 6 8 21 155676.391 -51081.3164 114324.852
0 6 9 21 157964.969 -51832.25 111069.109
0 10 132 430 159241.047 -25347.9375 118031.195
0 10 133 430 159416.781 -25375.9141 117850.109
0 10 132 431 159238.422 -25036.5098 118029.258
0 10 133 431 159412.359 -25063.8594 117846.836
0 9 70 216 160688.031 -24793.6621 116436.047
0 9 71 216 161009.734 -24843.2988 116040.219
0 9 70 217 160691.328 -24166.4688 116438.438
0 9 71 217 161031.234 -24217.5879 116055.711
0 13 1064 3402 159316.672 -26974.1484 117912.234
0 13 1065 3402 159332.109 -26976.7598 117884.75
0 13 1064 3403 159316.297 -26935.1914 117911.961
0 13 1065 3403 159332.609 -26937.9453 117885.117
4 3 2 0 -54183.5391 -126428.258 144489.438
4 3 3 0 -18531.2129 -129718.492 148249.703
4 3 2 1 -60427.7734 -100712.961 161140.734
4 3 3 1 -21018.334 -105091.664 168146.672
0 14 2120 6802 159244.781 -27010.5742 118024.258
0 14 2121 6802 159253.641 -27012.0762 118011.375
0 14 2120 6803 159246.312 -26991.3945 118025.398
0 14 2121 6803 159255.891 -26993.0176 118013.047
0 11 258 846 158682.641 -27506.0254 118624.57
0 11 259 846 158761.344 -27519.666 118528.367
0 11 258 847 158687.25 -27351.8555 118628.016
0 11 259 847 158774.391 -27366.875 118538.109
0 13 1064 3404 159314.984 -26896.0723 117910.977
0 13 1065 3404 159332.141 -26898.9688 117884.781
0 13 1064 3405 159319.828 -26857.9941 117914.57
0 13 1065 3405 159335.531 -26860.6426 117887.289
0 9 72 212 161073.25 -27369.8672 115456.797
0 9 73 212 161333.5 -27414.0918 115013.141
0 9 72 213 161202.453 -26762.127 115549.414
0 9 73 213 161442.359 -26801.9531 115090.75
0 14 2122 6808 159259.484 -26896.4219 117996.258
0 14 2123 6808 159268 -26897.8613 117983.133
0 14 2122 6809 159260.562 -26877.1641 117997.062
0 14 2123 6809 159269.797 -26878.7207 117984.469
0 5 2 6 138262.719 -82093.4844 116659.164
0 5 3 6 142679.172 -84715.7578 111468.102
0 5 2 7 141250.094 -75039.1172 119179.773
0 5 3 7 145128.469 -77099.5 113381.609
0 5 2 18 148240.859 23162.6348 125078.219
0 5 3 18 152813.078 23877.043 119385.219
0 5 2 19 147180.484 32195.7305 124183.539
0 5 3 19 151615.234 33165.832 118449.398
0 7 22 54 166431.016 -24704.6035 107920.102
0 7 23 54 167592.047 -24876.9453 106054.344
0 7 22 55 166695 -22139.1797 108091.289
0 7 23 55 167868.828 -22295.0801 106229.5
0 9 64 206 158375.844 -30623.4531 118472.555
0 9 65 206 158680.625 -30682.3867 118080.695
0 9 64 207 158484.766 -30025.4355 118554.039
0 9 65 207 158766.094 -30078.7344 118144.297
4 4 10 6 58618.7656 -35171.2578 187580.047
4 4 11 6 78443.9609 -33618.8398 179300.469
4 4 10 7 59560.0898 -11912.0186 190592.297
4 4 11 7 79594.6719 -11370.667 181930.672
4 4 12 10 92576.2969 51431.2773 164580.078
4 4 13 10 107347.406 48794.2734 156141.672
4 4 12 11 89748.8281 69804.6406 159553.469
4 4 13 11 104085.617 66236.2969 151397.25
0 9 70 208 160195.078 -29723.6934 116078.852
0 9 71 208 160456.219 -29772.1504 115641.297
0 9 70 209 160297.906 -29116.6113 116153.359
0 9 71 209 160560.516 -29164.3105 115716.461
0 12 526 1706 159138.734 -26536.0723 118227.336
0 12 527 1706 159175.938 -26542.2773 118177.25
0 12 526 1707 159132.266 -26457.2949 118222.539
0 12 527 1707 159173.094 -26464.0801 118175.133
0 8 34 100 159130.047 -34188.0977 116239.531
0 8 35 100 159668.766 -34303.8398 115385.625
0 8 34 101 159282.484 -32976.4531 116350.867
0 8 35 101 159833.156 -33090.457 115504.43
0 4 0 12 132148.609 74333.5938 123889.32
0 4 1 12 139143.672 78268.3125 113054.227
0 4 0 13 127949.594 87965.3516 119952.75
0 4 1 13 134249.297 92296.3906 109077.555
0 17 16932 54448 159207.141 -26934.9551 118072.883
0 17 16933 54448 159208.234 -26935.1387 118071.258
0 17 16932 54449 159207.094 -26932.5156 118072.844
0 17 16933 54449 159208.109 -26932.6914 118071.172
0 4 6 8 196904.172 12306.5107 36919.5312
0 4 7 8 200030.766 12501.9229 12501.9229
0 4 6 9 193803.266 36338.1133 36338.1133
0 4 7 9 197223.906 36979.4844 12326.4941
0 12 534 1698 159403.672 -27202.9199 117801.492
0 12 535 1698 159443.375 -27209.6973 117752.977
0 12 534 1699 159404.625 -27125.25 117802.195
0 12 535 1699 159443.812 -27131.918 117753.305
0 15 4230 13618 159199.25 -26871.6758 118092.531
0 15 4231 13618 159203.578 -26872.4062 118086.039
0 15 4230 13619 159201.188 -26862.2852 118093.969
0 15 4231 13619 159205.281 -26862.9746 118087.289
0 11 270 848 159644.141 -27360.8848 117472.516
0 11 271 848 159724.703 -27374.6914 117375.82
0 11 270 849 159652.188 -27206.3555 117478.438
0 11 271 849 159727.078 -27219.1172 117377.555
0 13 1056 3408 159199.375 -26721.0879 118136.359
0 13 1057 3408 159215.641 -26723.8164 118109.547
0 13 1056 3409 159202.078 -26682.6738 118138.367
0 13 1057 3409 159217.5 -26685.2559 118110.93
0 17 16924 54450 159198.688 -26928.668 118086.047
0 17 16925 54450 159199.984 -26928.8848 118084.57
0 17 16924 54451 159198.781 -26926.2539 118086.117
0 17 16925 54451 159200.062 -26926.4688 118084.641
0 13 1052 3398 159072.625 -27088.1719 118197.641
0 13 1053 3398 159098.328 -27092.5508 118177.898
0 13 1052 3399 159080.641 -27050.6973 118203.594
0 13 1053 3399 159103.547 -27054.5957 118181.781
0 14 2114 6800 159181.297 -27038.668 118093.797
0 14 2115 6800 159191.375 -27040.3809 118081.828
0 14 2114 6801 159182.516 -27019.4453 118094.703
0 14 2115 6801 159191.734 -27021.0117 118082.102
0 6 12 22 165756.781 -49209.043 101008.031
0 6 13 22 167996.266 -49873.8906 97122.8438
0 6 12 23 166754.094 -44294.0586 101615.773
0 6 13 23 169006.688 -44892.4023 97707
0 10 126 420 158182.484 -28268.9414 119100.289
0 10 127 420 158342.969 -28297.6191 118911.859
0 10 126 421 158184.484 -27960.3457 119101.797
0 10 127 421 158369.984 -27993.1289 118932.141
0 9 66 206 158944.734 -30733.4531 117656.352
0 9 67 206 159204.188 -30783.6191 117226.516
0 9 66 207 159050.359 -30132.5879 117734.539
0 9 67 207 159287.312 -30177.4805 117287.734
0 7 8 52 148178.625 -26625.8477 128498.648
0 7 9 52 149465.812 -26857.1387 127279.484
0 7 8 53 148211.781 -24315.9961 128527.414
0 7 9 53 149467.828 -24522.0645 127281.188
0 13 1052 3406 159116.297 -26784.8359 118230.086
0 13 1053 3406 159135.109 -26788.002 118205.219
0 13 1052 3407 159118.656 -26746.3887 118231.852
0 13 1053 3407 159138.5 -26749.7227 118207.75
0 5 4 18 157513.875 24611.541 113213.086
0 5 5 18 162352.922 25367.6426 106544.102
0 5 4 19 156179.562 34164.2812 112254.07
0 5 5 19 160801.891 35175.4141 105526.242
0 8 26 108 154412.281 -23523.7441 122444.117
0 8 27 108 155126.422 -23632.541 121798.477
0 8 26 109 154403.984 -22316.2012 122437.523
0 8 27 109 155106.797 -22417.7773 121783.07
0 10 134 430 159584.969 -25402.6855 117662.742
0 10 135 430 159749.422 -25428.8633 117471.984
0 10 134 431 159577.047 -25089.75 117656.906
0 10 135 431 159746.344 -25116.3672 117469.727
0 13 1050 3402 159058.969 -26930.5176 118265.164
0 13 1051 3402 159080.391 -26934.1465 118242.258
0 13 1050 3403 159065.766 -26892.832 118270.211
0 13 1051 3403 159083.297 -26895.7969 118244.414
0 14 2122 6804 159264.859 -26975.0957 118000.25
0 14 2123 6804 159272.188 -26976.3379 117986.242
0 14 2122 6805 159263.812 -26955.4766 117999.469
0 14 2123 6805 159271.156 -26956.7227 117985.477
0 9 58 210 156545.938 -27823.5957 120772.742
0 9 59 210 156877.5 -27882.5234 120415.742
0 9 58 211 156483.484 -27201.2305 120724.555
0 9 59 211 156869.438 -27268.3203 120409.539
0 6 0 22 138192.203 -41025.8125 136032.953
0 6 1 22 140445.469 -41694.75 133862.078
0 6 0 23 138438.766 -36772.7969 136275.656
0 6 1 23 140752.656 -37387.4258 134154.875
0 10 130 430 158864.5 -25288.002 118372.68
0 10 131 430 159064.828 -25319.8887 118211.266
0 10 130 431 158858.375 -24976.7539 118368.109
0 10 131 431 159054.016 -25007.5137 118203.227
0 9 58 212 156476.031 -26588.6992 120718.812
0 9 59 212 156866.406 -26655.0332 120407.227
0 9 58 213 156457.828 -25974.4414 120704.766
0 9 59 213 156805.703 -26032.1973 120360.641
0 13 1060 3408 159260.25 -26731.3027 118026
0 13 1061 3408 159276.453 -26734.0254 117999.125
0 13 1060 3409 159261.688 -26692.666 118027.062
0 13 1061 3409 159278.266 -26695.4414 118000.453
4 3 2 4 -70466.3984 23488.8008 187910.406
4 3 3 4 -24779.2129 24779.2129 198233.703
4 3 2 5 -66828.7266 66828.7266 178209.938
4 3 3 5 -23434.4922 70303.4766 187475.938
0 11 262 844 158983.781 -27868.7383 118228.664
0 11 263 844 159077.531 -27885.1719 118143.039
0 11 262 845 158997.969 -27715.9551 118239.211
0 11 263 845 159088.609 -27731.7539 118151.258
4 4 10 4 54006.082 -75608.5078 172819.453
4 4 11 4 72836.125 -72836.125 166482.578
4 4 10 5 56556.1875 -56556.1875 180979.797
4 4 11 5 75863.6953 -54188.3555 173402.734
0 14 2116 6800 159201.016 -27042.0176 118069.555
0 14 2117 6800 159210.109 -27043.5625 118056.859
0 14 2116 6801 159200.891 -27022.5664 118069.469
0 14 2117 6801 159210.484 -27024.1934 118057.148
0 15 4238 13616 159231.016 -26896.4766 118038.352
0 15 4239 13616 159234.828 -26897.1172 118031.461
0 15 4238 13617 159231.875 -26886.9023 118038.984
0 15 4239 13617 159235.031 -26887.4336 118031.602
0 5 0 18 139496.344 21796.3027 135137.078
0 5 1 18 143787.391 22466.7793 130307.328
0 5 0 19 138613.516 30321.707 134281.844
0 5 1 19 142835.016 31245.1582 129444.234
0 8 28 100 155779.547 -33468.2656 121094.266
0 8 29 100 156368.344 -33594.7578 120330.32
0 8 28 101 155912.141 -32278.6855 121197.32
0 8 29 101 156576.047 -32416.1348 120490.156
0 7 16 58 158427.562 -13614.8691 117582.953
0 7 17 58 159826.359 -13735.0781 116123.844
0 7 16 59 158283.297 -11129.2939 117475.883
0 7 17 59 159662.469 -11226.2676 116004.773
0 10 124 424 157855.344 -26977.2324 119470.602
0 10 125 424 158027.891 -27006.7207 119292.547
0 10 124 425 157855.219 -26668.8984 119470.5
0 10 125 425 158046.5 -26701.2168 119306.594
0 9 72 214 161228.234 -26136.6094 115567.898
0 9 73 214 161529.578 -26185.459 115152.922
0 9 72 215 161304.672 -25518.9023 115622.688
0 9 73 215 161590.406 -25564.1074 115196.281
0 15 4238 13610 159233.656 -26955.2324 118040.312
0 15 4239 13610 159239.578 -26956.2363 118034.984
0 15 4238 13611 159232.672 -26945.3477 118039.578
0 15 4239 13611 159238.312 -26946.3047 118034.039
0 11 264 844 159163.609 -27900.2617 118051.523
0 11 265 844 159263.859 -27917.834 117970.344
0 11 264 845 159178.109 -27747.3555 118062.273
0 11 265 845 159261.172 -27761.8359 117968.367
0 3 6 0 133636.844 -116932.234 -83523.0312
0 3 7 0 125959.133 -110214.25 -110214.25
0 3 6 1 148283 -92676.8672 -92676.8672
0 3 7 1 135564.578 -84727.8672 -118619.008
0 3 6 2 158527.234 -59447.7148 -99079.5312
0 3 7 2 142490.875 -53434.0742 -124679.508
0 3 6 3 165037.188 -20629.6484 -103148.242
0 3 7 3 146569.406 -18321.1758 -128248.234
0 12 532 1706 159341.031 -26569.8047 117910.805
0 12 533 1706 159374.562 -26575.3965 117857.797
0 12 532 1707 159338.016 -26491.5 117908.57
0 12 533 1707 159373.812 -26497.4531 117857.242
0 7 20 48 162219.078 -39287.4336 110258.281
0 7 21 48 163390.297 -39571.0859 108501.375
0 7 20 49 162566.281 -36831.4219 110494.273
0 7 21 49 163724.578 -37093.8477 108723.352
0 12 532 1696 159318.047 -27343.8926 117893.797
0 12 533 1696 159360.188 -27351.1289 117847.172
0 12 532 1697 159321.953 -27266.7695 117896.688
0 12 533 1697 159358.609 -27273.043 117845.992
0 7 8 50 148080.828 -31235.7969 128413.836
0 7 9 50 149405.531 -31515.2305 127228.148
0 7 8 51 148141.484 -28933.8848 128466.445
0 7 9 51 149450.891 -29189.6289 127266.781
0 6 0 28 139504.312 -15258.2852 137324.562
0 6 1 28 141730.344 -15501.7568 135086.734
0 6 0 29 139551 -10902.4219 137370.516
0 6 1 29 141774.016 -11076.0957 135128.359
0 10 126 428 158145.656 -25791.3301 119072.562
0 10 127 428 158308.438 -25817.8789 118885.922
0 10 126 429 158167.641 -25485.998 119089.109
0 10 127 429 158338.266 -25513.4883 118908.328
0 9 62 206 157819.641 -30515.9062 119289.453
0 9 63 206 158126.594 -30575.2578 118903.781
0 9 62 207 157886.875 -29912.1602 119340.273
0 9 63 207 158203.797 -29972.2031 118961.836
0 5 8 16 181190.109 5662.19092 84932.8594
0 5 9 16 185212.188 5787.88086 75242.4531
0 5 8 17 179778.672 16854.252 84271.2578
0 5 9 17 184694.516 17315.1113 75032.1484
4 4 12 0 74181.2031 -123635.336 131877.688
4 4 13 0 87579.2266 -119426.219 127387.961
4 4 12 1 78174.5 -112918.719 138976.891
4 4 13 1 91963.7578 -108684.445 133765.469
0 15 4236 13608 159223.062 -26972.877 118051.891
0 15 4237 13608 159229.234 -26973.9219 118046.742
0 15 4236 13609 159223.406 -26963.2168 118052.148
0 15 4237 13609 159229.078 -26964.1758 118046.633
0 6 2 30 144022.812 -6751.06885 132771.031
0 6 3 30 146322.969 -6858.88965 130318.898
0 6 2 31 143947.578 -2249.18091 132701.672
0 6 3 31 146258.75 -2285.29297 130261.703
0 6 14 26 173667.141 -29849.041 94974.2188
0 6 15 26 175961.828 -30243.4395 90730.3125
0 6 14 27 174222.688 -24500.0645 95278.0234
0 6 15 27 176589.734 -24832.9316 91054.0859
0 6 12 30 170410.984 -7988.01514 103844.195
0 6 13 30 173118.391 -8114.92432 100084.062
0 6 12 31 169794.75 -2653.04297 103468.672
0 6 13 31 172886.5 -2701.35156 99950.0156
0 8 28 110 155727.703 -21290.8965 121053.961
0 8 29 110 156437.75 -21387.9746 120383.742
0 8 28 111 155690.906 -20069.5312 121025.352
0 8 29 111 156385 -20159.0039 120343.133
3 3 2 6 -60918.3477 -162448.938 101530.586
3 3 3 6 -21179.4082 -169435.266 105897.031
3 3 2 7 -54384.6172 -145025.641 126897.438
3 3 3 7 -18786.8535 -150294.828 131507.984
0 7 14 46 154502.547 -42246.7891 119498.062
0 7 15 46 155638.719 -42557.4609 117944.961
0 7 14 47 154914.188 -39938.8125 119816.438
0 7 15 47 156071.281 -40237.125 118272.758
4 4 14 12 113004 78233.5391 139081.844
4 4 15 12 123871.398 74322.8359 132129.484
4 4 14 13 109122.391 92334.3359 134304.484
4 4 15 13 119945.289 87959.875 127941.641
0 7 10 56 150729.797 -17663.6484 126000.68
0 7 11 56 151991.406 -17811.4922 124680.453
0 7 10 57 150691.656 -15304.6211 125968.805
0 7 11 57 151962.328 -15433.6738 124656.594
0 4 4 0 138573.375 -129912.539 60625.8555
0 4 5 0 142013.953 -133138.078 44379.3594
0 4 4 1 147175.828 -119580.359 64389.4258
0 4 5 1 151018.406 -122702.453 47193.2539
0 6 2 20 141689 -50919.4883 130619.547
0 6 3 20 143626.031 -51615.6055 127916.938
0 6 2 21 142469.047 -46747.6562 131338.656
0 6 3 21 144558.953 -47433.4102 128747.82
0 14 2108 6806 159141.094 -26915.2793 118180.516
0 14 2109 6806 159148.828 -26916.5879 118166.844
0 14 2108 6807 159143.484 -26896.2598 118182.297
0 14 2109 6807 159151.828 -26897.6719 118169.07
0 17 16926 54448 159200.625 -26933.8516 118082.625
0 17 16927 54448 159201.781 -26934.0469 118081.047
0 17 16926 54449 159200.891 -26931.4688 118082.82
0 17 16927 54449 159202.016 -26931.6582 118081.227
0 17 16924 54456 159198.531 -26914.0625 118085.922
0 17 16925 54456 159199.984 -26914.3105 118084.578
0 17 16924 54457 159198.625 -26911.6523 118086
0 17 16925 54457 159200.094 -26911.9004 118084.664
0 9 72 210 160908.875 -28599.0391 115338.977
0 9 73 210 161187.984 -28648.6465 114909.406
0 9 72 211 161002 -27986.6777 115405.734
0 9 73 211 161259.625 -28031.459 114960.477
0 5 4 6 146123.469 -86760.8125 105026.242
0 5 5 6 149684.109 -88874.9375 98230.1953
0 5 4 7 148867.297 -79085.7578 106998.383
0 5 5 7 152733.578 -81139.7109 100231.406
3 4 14 12 113725.258 -139969.547 78732.8672
3 4 15 12 125309.438 -133663.406 75185.6641
3 4 14 13 109150.914 -134339.594 92358.4688
3 4 15 13 120428.547 -128457.109 88314.2656
0 15 4226 13616 159179.75 -26887.8145 118116.922
0 15 4227 13616 159184.391 -26888.5977 118110.648
0 15 4226 13617 159180.766 -26878.2715 118117.688
0 15 4227 13617 159185.734 -26879.1094 118111.656
0 13 1050 3400 159047.516 -27006.2383 118256.648
0 13 1051 3400 159071.141 -27010.25 118235.375
0 13 1050 3401 159052.875 -26968.3145 118260.625
0 13 1051 3401 159076.438 -26972.3125 118239.305
0 7 14 58 155778.375 -13387.2051 120484.836
0 7 15 58 157094.672 -13500.3232 119048.297
0 7 14 59 155682.109 -10946.3984 120410.383
0 7 15 59 156980.391 -11037.6836 118961.703
0 14 2108 6804 159135.984 -26953.2676 118176.727
0 14 2109 6804 159145.156 -26954.8223 118164.109
0 14 2108 6805 159137.969 -26934.1797 118178.203
0 14 2109 6805 159146.797 -26935.6699 118165.328
0 17 16926 54458 159201.734 -26909.748 118083.445
0 17 16927 54458 159203.078 -26909.9766 118082.016
0 17 16926 54459 159201.984 -26907.3613 118083.625
0 17 16927 54459 159203.312 -26907.5859 118082.188
0 7 18 58 161241.266 -13856.6699 114632.461
0 7 19 58 162687.797 -13980.9814 113118.852
0 7 18 59 161045.594 -11323.5186 114493.344
0 7 19 59 162483.188 -11424.5986 112976.586
0 15 4236 13618 159225.531 -26876.1133 118053.727
0 15 4237 13618 159229.281 -26876.7441 118046.773
0 15 4236 13619 159227.047 -26866.6504 118054.852
0 15 4237 13619 159230.891 -26867.2988 118047.977
0 3 6 4 165046.453 20630.8066 -103154.031
0 3 7 4 146371.766 18296.4707 -128075.297
0 3 6 5 159265.562 59724.582 -99540.9766
0 3 7 5 141836.859 53188.8164 -124107.242
0 10 124 422 157857.922 -27594.3047 119472.547
0 10 125 422 158019.891 -27622.6172 119286.492
0 10 124 423 157846.812 -27284.0703 119464.141
0 10 125 423 158026.625 -27315.1504 119291.57
0 7 22 50 165253.891 -34858.2461 107156.82
0 7 23 50 166421.562 -35104.5469 105313.648
0 7 22 51 165589.703 -32341.7402 107374.57
0 7 23 51 166737.844 -32565.9844 105513.797
0 14 2112 6800 159162.109 -27035.4082 118118.406
0 14 2113 6800 159172.016 -27037.0918 118106.328
0 14 2112 6801 159164.656 -27016.4141 118120.312
0 14 2113 6801 159173.578 -27017.9277 118107.492
4 5 30 6 120509.289 -78954.3594 132975.766
4 5 31 6 125797.688 -77101.8047 129855.672
4 5 30 7 122602.812 -71870.6094 135285.859
4 5 31 7 127888.219 -70132.25 132013.641
0 7 16 46 156780.578 -42869.6875 116360.578
0 7 17 46 157934.953 -43185.3359 114749.609
0 7 16 47 157183.062 -40523.7578 116659.305
0 7 17 47 158335.422 -40820.8516 115040.578
0 13 1062 3398 159270.312 -27121.8359 117955.68
0 13 1063 3398 159287.312 -27124.7344 117929.383
0 13 1062 3399 159274.109 -27083.5957 117958.5
0 13 1063 3399 159291.844 -27086.6133 117932.734
0 10 136 420 159710.75 -28542.0566 117131.617
0 10 137 420 159870.906 -28570.6797 116936.828
0 10 136 421 159760.031 -28238.832 117167.758
0 10 137 421 159896.719 -28262.9941 116955.703
0 14 2116 6812 159218.703 -26811.793 118082.664
0 14 2117 6812 159226.891 -26813.1719 118069.305
0 14 2116 6813 159219.812 -26792.541 118083.492
0 14 2117 6813 159229.125 -26794.1094 118070.961
0 11 264 856 159194.5 -26040.1172 118074.43
0 11 265 856 159291.547 -26055.9902 117990.852
0 11 264 857 159197.188 -25885.0898 118076.43
0 11 265 857 159288.969 -25900.0117 117988.945
0 11 256 850 158524.156 -26859.3164 118815.711
0 11 257 850 158603.078 -26872.6895 118719.977
0 11 256 851 158531.672 -26705.7734 118821.336
0 11 257 851 158612.734 -26719.4277 118727.203
0 17 16936 54450 159211.328 -26930.8027 118066.273
0 17 16937 54450 159212.469 -26930.9961 118064.68
0 17 16936 54451 159211.188 -26928.3516 118066.164
0 17 16937 54451 159212.328 -26928.5449 118064.578
0 4 2 12 146156.25 82212.8906 100482.422
0 4 3 12 153439.359 86309.6406 86309.6406
0 4 2 13 140544.859 96624.5859 96624.5859
0 4 3 13 147104.609 101134.414 82746.3438
4 5 28 16 120757.367 4830.29492 154569.438
4 5 29 16 126393.508 4681.24121 149799.719
4 5 28 17 120385.102 14446.2119 154092.938
4 5 29 17 126049.32 14005.4805 149391.797
4 5 28 8 112996.094 -67797.6562 144635
4 5 29 8 118963.469 -66090.8125 140993.734
4 5 28 9 114931.094 -59764.168 147111.797
4 5 29 9 120928.188 -58224.6875 143322.297
4 4 10 8 59573.3633 11914.6729 190634.766
4 4 11 8 79092.0547 11298.8652 180781.844
4 4 10 9 58643.2422 35185.9453 187658.359
4 4 11 9 77663.0859 33284.1797 177515.625
0 13 1050 3404 159068.797 -26854.5117 118272.469
0 13 1051 3404 159088.891 -26857.9043 118248.57
0 13 1050 3405 159072.172 -26816.2422 118274.977
0 13 1051 3405 159092.562 -26819.6816 118251.297
0 11 256 848 158522.875 -27168.7168 118814.75
0 11 257 848 158598.203 -27181.627 118716.336
0 11 256 849 158518.641 -27013.1855 118811.578
0 11 257 849 158613.859 -27029.4121 118728.055
0 10 138 422 160056.578 -27978.6406 116760.023
0 10 139 422 160194.953 -28002.8301 116548.094
0 10 138 423 160101.844 -27673.8535 116793.039
0 10 139 423 160240.953 -27697.9023 116581.555
2 3 6 4 106590.828 170545.328 -21318.166
2 3 7 4 132010.109 150868.703 -18858.5879
2 3 6 5 102545.547 164072.859 -61527.3203
2 3 7 5 127666.031 145904.031 -54714.0117
0 11 260 844 158819.25 -27839.8984 118416.508
0 11 261 844 158888.922 -27852.1094 118313.281
0 11 260 845 158832.281 -27687.0723 118426.219
0 11 261 845 158905.656 -27699.8633 118325.742
0 15 4226 13608 159176.453 -26964.9805 118114.477
0 15 4227 13608 159181.047 -26965.7598 118108.18
0 15 4226 13609 159176.609 -26955.291 118114.602
0 15 4227 13609 159181.094 -26956.0527 118108.211
0 16 8468 27232 159214.406 -26896.0977 118067.344
0 16 8469 27232 159216.578 -26896.4648 118064.086
0 16 8468 27233 159215.109 -26891.3574 118067.859
0 16 8469 27233 159217.203 -26891.7109 118064.555
0 13 1064 3400 159317.453 -27052.0723 117912.805
0 13 1065 3400 159337.172 -27055.4219 117888.508
0 13 1064 3401 159316.938 -27013.0898 117912.43
0 13 1065 3401 159333.188 -27015.8457 117885.562
0 8 38 102 161754.156 -32224.4609 113101.531
0 8 39 102 162315.656 -32336.3223 112226.055
0 8 38 103 161924.5 -30993.3613 113220.648
0 8 39 103 162461.938 -31096.2305 112327.203
0 12 522 1704 158941.203 -26658.3496 118391.016
0 12 523 1704 158988.938 -26666.3574 118348.945
0 12 522 1705 158938.359 -26580.2676 118388.891
0 12 523 1705 158985.75 -26588.1934 118346.57
0 10 138 428 160263.047 -26136.6484 116910.641
0 10 139 428 160425.75 -26163.1855 116716
0 10 138 429 160274.062 -25825.4102 116918.672
0 10 139 429 160428.984 -25850.373 116718.352
0 7 8 54 148218.938 -22001.25 128533.617
0 7 9 54 149498.406 -22191.1699 127307.242
0 7 8 55 148227.234 -19686.4297 128540.805
0 7 9 55 149485.188 -19853.502 127295.984
0 6 10 20 159089.656 -57172.8477 106888.367
0 6 11 20 161297.109 -57966.1484 103330.969
0 6 10 21 160206.844 -52567.8711 107638.977
0 6 11 21 162482.594 -53314.6016 104090.414
0 7 12 46 152215.094 -41621.3125 122485.578
0 7 13 46 153317.125 -41922.6523 120976.789
0 7 12 47 152710.719 -39370.7305 122884.406
0 7 13 47 153810.359 -39654.2305 121365.992
0 13 1064 3406 159328.719 -26820.5938 117921.141
0 13 1065 3406 159344.469 -26823.2441 117893.891
0 13 1064 3407 159330.406 -26781.9785 117922.398
0 13 1065 3407 159348.344 -26784.9922 117896.766
0 11 266 856 159374.609 -26069.5762 117896.75
0 11 267 856 159456.031 -26082.8945 117801.25
0 11 266 857 159371.609 -25913.4492 117894.523
0 11 267 857 159451.859 -25926.5 117798.172
0 15 4224 13612 159168.141 -26924.7129 118127.75
0 15 4225 13612 159172.656 -26925.4766 118121.391
0 15 4224 13613 159168.734 -26915.0996 118128.188
0 15 4225 13613 159173.062 -26915.832 118121.68
0 16 8462 27220 159198.906 -26951.7773 118084.992
0 16 8463 27220 159200.891 -26952.1172 118081.609
0 16 8462 27221 159198.422 -26946.8379 118084.625
0 16 8463 27221 159200.672 -26947.2207 118081.445
0 9 66 218 159213.172 -23322.2402 117855.062
0 9 67 218 159614.734 -23381.0645 117528.82
0 9 66 219 159148.719 -22691.125 117807.359
0 9 67 219 159538.484 -22746.6973 117472.68
4 3 2 6 -61011.0312 101685.062 162696.094
4 3 3 6 -21511.2012 107556 172089.609
4 3 2 7 -54833.6484 127945.188 146223.078
4 3 3 7 -18935.3848 132547.703 151483.078
0 4 6 2 163423.578 -112353.719 30641.9238
0 4 7 2 164163.562 -112862.453 10260.2227
0 4 6 3 173250.703 -97453.5156 32484.5059
0 4 7 3 174648.844 -98239.9688 10915.5527
0 10 124 426 157826.984 -26355.873 119449.133
0 10 125 426 158023.531 -26388.6934 119289.242
0 10 124 427 157780.312 -26039.9141 119413.805
0 10 125 427 157967.688 -26070.8398 119247.094
0 14 2118 6812 159236.188 -26814.7363 118056.758
0 14 2119 6812 159244.203 -26816.0859 118043.258
0 14 2118 6813 159237.969 -26795.5977 118058.078
0 14 2119 6813 159246.641 -26797.0586 118045.086
0 16 8470 27222 159216.781 -26945.0879 118059.367
0 16 8471 27222 159219.109 -26945.4824 118056.25
0 16 8470 27223 159216.531 -26940.1875 118059.188
0 16 8471 27223 159218.656 -26940.5488 118055.906
0 13 1056 3396 159141.969 -27177.6855 118093.75
0 13 1057 3396 159164.062 -27181.459 118071.289
0 13 1056 3397 159147.906 -27139.8457 118098.164
0 13 1057 3397 159169.203 -27143.4805 118075.102
0 14 2110 6810 159162.656 -26841.2109 118157.68
0 14 2111 6810 159170.609 -26842.5508 118144.156
0 14 2110 6811 159164.984 -26822.1738 118159.398
0 14 2111 6811 159172.203 -26823.3945 118145.336
0 14 2118 6800 159220.641 -27045.3535 118045.242
0 14 2119 6800 159231.516 -27047.1992 118033.867
0 14 2118 6801 159221.641 -27026.084 118045.977
0 14 2119 6801 159233.516 -27028.1016 118035.344
0 11 270 854 159700.328 -26434.7715 117513.867
0 11 271 854 159778.5 -26447.7109 117415.344
0 11 270 855 159690.281 -26277.1602 117506.469
0 11 271 855 159778.281 -26291.6406 117415.195
0 9 60 216 157091.844 -24238.7793 119966.625
0 9 61 216 157461.25 -24295.7793 119633.648
0 9 60 217 157056.453 -23619.8184 119939.602
0 9 61 217 157412.672 -23673.3887 119596.734
3 3 6 0 85195.7422 -136313.188 -119274.039
3 3 7 0 110157.945 -125894.789 -110157.945
3 3 6 1 92164.6875 -147463.5 -92164.6875
3 3 7 1 116795.094 -133480.109 -83425.0703
0 16 8466 27220 159206.859 -26953.127 118071.461
0 16 8467 27220 159209.219 -26953.5273 118068.344
0 16 8466 27221 159207.25 -26948.334 118071.758
0 16 8467 27221 159209.578 -26948.7285 118068.617
0 6 14 28 174694.094 -19107.166 95535.8281
0 6 15 28 177055.766 -19365.4746 91294.3828
0 6 14 29 175047.766 -13675.6064 95729.25
0 6 15 29 177403.406 -13859.6406 91473.6328
0 9 68 206 159472 -30835.4043 116800.781
0 9 69 206 159742.453 -30887.7012 116374.875
0 9 68 207 159563.688 -30229.8398 116867.938
0 9 69 207 159825.609 -30279.4609 116435.453
0 10 130 418 158797.094 -28999.0781 118322.438
0 10 131 418 158948.422 -29026.7109 118124.75
0 10 130 419 158842.969 -28697.2188 118356.625
0 10 131 419 158960.797 -28718.5039 118133.945
0 13 1054 3408 159161.953 -26714.8066 118186.297
0 13 1055 3408 159181.5 -26718.0879 118161.953
0 13 1054 3409 159162.297 -26676.0078 118186.555
0 13 1055 3409 159183.656 -26679.5859 118163.547
0 6 14 24 172140.344 -40345.3945 94139.25
0 6 15 24 174378.125 -40869.8711 89913.7188
0 6 14 25 172942.891 -35129.0273 94578.1406
0 6 15 25 175230.766 -35593.75 90353.3594
0 8 24 104 153165.703 -28120.2676 123848.828
0 8 25 104 153868.406 -28249.2773 123214.93
0 8 24 105 153134.141 -26918.1113 123823.305
0 8 25 105 153841.984 -27042.5371 123193.789
0 16 8462 27232 159201.172 -26893.8613 118086.672
0 16 8463 27232 159203.938 -26894.3301 118083.875
0 16 8462 27233 159201.578 -26889.0723 118086.977
0 16 8463 27233 159204.391 -26889.5508 118084.203
0 14 2114 6812 159199.859 -26808.6172 118107.555
0 14 2115 6812 159208.25 -26810.0312 118094.352
0 14 2114 6813 159201.141 -26789.4023 118108.516
0 14 2115 6813 159209.844 -26790.8652 118095.539
0 11 266 844 159346.859 -27932.3848 117876.219
0 11 267 844 159429.969 -27946.9531 117782.008
0 11 266 845 159340.891 -27775.7324 117871.805
0 11 267 845 159426 -27790.5664 117779.07
3 3 4 2 22821.75 -182574 -68465.2422
3 3 5 2 64809.1055 -172824.281 -64809.1055
3 3 4 3 24406.0059 -195248.047 -24406.0059
3 3 5 3 68355.9219 -182282.453 -22785.3066
2 3 4 2 23410.0234 187280.188 70230.0703
2 3 5 2 66595.1328 177587.031 66595.1328
2 3 4 3 24884.873 199078.984 24884.873
2 3 5 3 70363.1016 187634.953 23454.3691
0 12 536 1702 159486.656 -26905.5879 117707.078
0 12 537 1702 159531.578 -26913.1641 117662.328
0 12 536 1703 159482.031 -26826.9336 117703.656
0 12 537 1703 159531.531 -26835.2598 117662.297
0 5 6 18 167317.391 26143.3398 99344.6953
0 5 7 18 172278.859 26918.5723 91523.1406
0 5 6 19 165475.453 36197.7539 98251.0469
0 5 7 19 170170.672 37224.8359 90403.1719
0 16 8458 27222 159189.047 -26940.3945 118097.109
0 16 8459 27222 159191.406 -26940.7949 118094.008
0 16 8458 27223 159188.938 -26935.5195 118097.039
0 16 8459 27223 159191.328 -26935.9238 118093.953
0 11 262 856 159021.266 -26011.7773 118256.539
0 11 263 856 159105.312 -26025.5273 118163.672
0 11 262 857 159019.359 -25856.1758 118255.117
0 11 263 857 159103.797 -25869.9062 118162.547
0 12 522 1696 158907.078 -27273.3574 118365.594
0 12 523 1696 158952.906 -27281.2227 118322.117
0 12 522 1697 158908.562 -27196.0215 118366.703
0 12 523 1697 158951.391 -27203.3516 118320.992
0 9 58 208 156603 -29057.1973 120816.758
0 9 59 208 156912.766 -29114.6719 120442.805
0 9 58 209 156555.484 -28436.8359 120780.117
0 9 59 209 156912.594 -28501.7012 120442.672
0 13 1058 3396 159187.734 -27185.5039 118049.984
0 13 1059 3396 159211.359 -27189.5352 118028.633
0 13 1058 3397 159192.766 -27147.498 118053.711
0 13 1059 3397 159216.062 -27151.4707 118032.117
0 10 136 430 159894.453 -25451.9473 117266.344
0 10 137 430 160067.766 -25479.5352 117080.812
0 10 136 431 159903.938 -25141.1465 117273.305
0 10 137 431 160066.75 -25166.7461 117080.07
4 5 30 18 130546.312 22507.9844 144051.109
4 5 31 18 135206.375 21807.4824 139567.891
4 5 30 19 129669.82 31299.6094 143083.938
4 5 31 19 134374.5 30342.6289 138709.156
0 17 16934 54448 159209.344 -26935.3262 118069.656
0 17 16935 54448 159210.484 -26935.5215 118068.078
0 17 16934 54449 159209.203 -26932.8711 118069.539
0 17 16935 54449 159210.312 -26933.0645 118067.945
0 15 4228 13618 159190.906 -26870.2656 118105.773
0 15 4229 13618 159195.5 -26871.041 118099.461
0 15 4228 13619 159192.281 -26860.7852 118106.805
0 15 4229 13619 159196.859 -26861.5566 118100.492
0 9 58 214 156438.812 -25360.1992 120690.109
0 9 59 214 156806.531 -25419.8105 120361.258
0 9 58 215 156391.859 -24741.6797 120653.883
0 9 59 215 156751.969 -24798.6504 120319.375
0 17 16936 54458 159212.406 -26911.5527 118067.07
0 17 16937 54458 159213.5 -26911.7344 118065.453
0 17 16936 54459 159212.547 -26909.1465 118067.164
0 17 16937 54459 159213.625 -26909.3301 118065.547
0 6 8 32 158241.094 2472.51709 116208.305
0 6 9 32 160854.609 2513.35327 113100.891
0 6 8 33 157896.969 7401.42041 115955.578
0 6 9 33 160479.812 7522.49121 112837.367
0 14 2122 6810 159263.75 -26858.2598 117999.43
0 14 2123 6810 159272.531 -26859.7441 117986.5
0 14 2122 6811 159266.266 -26839.2441 118001.289
0 14 2123 6811 159274.422 -26840.6191 117987.898
0 10 132 418 159102.438 -29054.8398 117928.469
0 10 133 418 159240.75 -29080.0977 117719.961
0 10 132 419 159107.875 -28745.0762 117932.492
0 10 133 419 159255.062 -28771.666 117730.562
0 3 6 6 149546.203 93466.375 -93466.375
0 3 7 6 134121.531 83825.9609 -117356.336
0 3 6 7 136906 119792.75 -85566.25
0 3 7 7 125813.094 110086.469 -110086.469
0 8 38 110 162850.359 -22264.6973 113868.023
0 8 39 110 163485.594 -22351.5449 113034.961
0 8 38 111 162888.219 -20997.3086 113894.5
0 8 39 111 163563.703 -21084.3828 113088.969
0 17 16938 54454 159213.719 -26921.4902 118063.18
0 17 16939 54454 159214.859 -26921.6836 118061.602
0 17 16938 54455 159214 -26919.1094 118063.383
0 17 16939 54455 159215.109 -26919.2949 118061.773
0 7 22 56 166967.078 -19566.4531 108267.703
0 7 23 56 168135.531 -19703.3828 106398.258
0 7 22 57 167186.375 -16979.8672 108409.914
0 7 23 57 168383.453 -17101.4453 106555.156
0 6 6 32 153233.453 2394.27271 122107.906
0 6 7 32 155706.859 2432.91968 119213.062
0 6 6 33 152996.594 7171.71533 121919.164
0 6 7 33 155433.75 7285.95703 119003.969
0 13 1062 3408 159293.094 -26736.8184 117972.562
0 13 1063 3408 159310.203 -26739.6914 117946.336
0 13 1062 3409 159296.484 -26698.4922 117975.062
0 13 1063 3409 159309.453 -26700.668 117945.781
0 10 128 430 158505.906 -25230.9219 118724.633
0 10 129 430 158680.484 -25258.709 118545.477
0 10 128 431 158497.453 -24920.0098 118718.305
0 10 129 431 158673.5 -24947.6895 118540.266
0 8 24 106 153145.828 -25723.7148 123832.758
0 8 25 106 153821.703 -25837.2402 123177.547
0 8 24 107 153097.062 -24519.4512 123793.328
0 8 25 107 153802.922 -24632.498 123162.484
0 12 536 1700 159481.703 -27060.4941 117703.422
0 12 537 1700 159527.781 -27068.3125 117659.516
0 12 536 1701 159479.578 -26982.2617 117701.852
0 12 537 1701 159529.641 -26990.7344 117660.906
0 9 64 218 158466.344 -23212.8438 118540.25
0 9 65 218 158829.594 -23266.0547 118191.555
0 9 64 219 158444.422 -22590.709 118523.859
0 9 65 219 158821.25 -22644.4375 118185.352
4 4 10 2 48914.7148 -107612.375 156527.094
4 4 11 2 66341.8516 -104251.484 151638.531
4 4 10 3 51484.668 -92672.3984 164750.922
4 4 11 3 69674.9297 -89582.0547 159256.984
0 11 258 854 158668.656 -26264.002 118614.117
0 11 259 854 158761.047 -26279.293 118528.148
0 11 258 855 158654.812 -26106.7715 118603.758
0 11 259 855 158753.781 -26123.0586 118522.719
0 8 36 100 160284.781 -34436.1836 114578.57
0 8 37 100 160825.5 -34552.3555 113708.656
0 8 36 101 160432.531 -33214.5469 114684.188
0 8 37 101 160977.812 -33327.4414 113816.344
0 9 68 218 159945.891 -23429.5742 117147.875
0 9 69 218 160276.125 -23477.9473 116763.664
0 9 68 219 159892.969 -22797.2383 117109.102
0 9 69 219 160228.281 -22845.0469 116728.812
0 12 524 1706 159037.156 -26519.1348 118307.18
0 12 525 1706 159089.266 -26527.8242 118268.266
0 12 524 1707 159040.453 -26442.0273 118309.625
0 12 525 1707 159083.703 -26449.2207 118264.133
4 6 62 24 134155.594 -32989.082 140753.422
4 6 63 24 136456.734 -32489.6973 138622.719
4 6 62 25 134404.688 -28643.6211 141014.766
4 6 63 25 136760.594 -28220.4395 138931.391
4 5 26 12 107028.312 -35676.1016 163090.75
4 5 27 12 113850.078 -34650.0234 158400.109
4 5 26 13 107282.68 -25543.4961 163478.375
4 5 27 13 113997.82 -24782.1367 158605.672
0 12 520 1700 158834.984 -26950.7598 118467.008
0 12 521 1700 158882.125 -26958.7578 118424.594
0 12 520 1701 158843.781 -26874.6934 118473.57
0 12 521 1701 158884.688 -26881.6133 118426.5
4 6 62 26 134650.172 -24281.1777 141272.312
4 6 63 26 136981.969 -23917.4883 139156.297
4 6 62 27 134856.062 -19896.7949 141488.328
4 6 63 27 137165.031 -19595.002 139342.25
0 15 4232 13606 159201.766 -26988.7012 118074.961
0 15 4233 13606 159205.953 -26989.4121 118068.352
0 15 4232 13607 159202.484 -26979.1055 118075.5
0 15 4233 13607 159206.547 -26979.7988 118068.805
0 15 4224 13610 159167.453 -26944.0293 118127.234
0 15 4225 13610 159171.797 -26944.7617 118120.75
0 15 4224 13611 159167.719 -26934.3574 118127.43
0 15 4225 13611 159172.016 -26935.0859 118120.906
0 15 4230 13606 159193.281 -26987.2656 118088.109
0 15 4231 13606 159197.734 -26988.0215 118081.695
0 15 4230 13607 159193.922 -26977.6562 118088.578
0 15 4231 13607 159198.438 -26978.4238 118082.219
0 8 40 106 163536.078 -27468.9492 111792.242
0 8 41 106 164077.891 -27559.959 110880.758
0 8 40 107 163652.766 -26210.0117 111872
0 8 41 107 164243.484 -26304.6191 110992.664
3 4 12 14 78178.5469 -138984.094 112924.57
3 4 13 14 92025.2812 -133854.953 108757.148
3 4 12 15 74175.2188 -131867.047 123625.359
3 4 13 15 87576.5859 -127384.125 119422.617
0 14 2108 6808 159145.75 -26877.2129 118183.977
0 14 2109 6808 159153.016 -26878.4434 118169.945
0 14 2108 6809 159146.812 -26857.9668 118184.773
0 14 2109 6809 159154.734 -26859.3047 118171.227
0 16 8472 27224 159220.984 -26936.0801 118052.781
0 16 8473 27224 159223.578 -26936.5215 118049.852
0 16 8472 27225 159221.047 -26931.2324 118052.828
0 16 8473 27225 159223.625 -26931.668 118049.883
0 7 8 48 147959.766 -35834.0078 128308.859
0 7 9 48 149331.266 -36166.1641 127164.898
0 7 8 49 148011.188 -33533.7852 128353.453
0 7 9 49 149368.062 -33841.1992 127196.242
0 18 33856 108904 159203.234 -26925.1836 118080.305
0 18 33857 108904 159203.734 -26925.2676 118079.461
0 18 33856 108905 159203.281 -26923.9766 118080.336
0 18 33857 108905 159203.781 -26924.0605 118079.508
0 18 33858 108904 159204.203 -26925.3457 118078.586
0 18 33859 108904 159204.703 -26925.4297 118077.75
0 18 33858 108905 159204.266 -26924.1445 118078.648
0 18 33859 108905 159204.75 -26924.2246 118077.781
0 18 33856 108906 159203.312 -26922.7656 118080.359
0 18 33857 108906 159203.844 -26922.8555 118079.547
0 18 33856 108907 159203.344 -26921.5586 118080.391
0 18 33857 108907 159203.891 -26921.6504 118079.57
0 18 33860 108904 159205.125 -26925.5039 118076.844
0 18 33861 108904 159205.594 -26925.584 118075.992
0 18 33860 108905 159205.219 -26924.3027 118076.914
0 18 33861 108905 159205.672 -26924.3828 118076.047
0 18 33862 108904 159206.062 -26925.6602 118075.109
0 18 33863 108904 159206.5 -26925.7383 118074.227
0 18 33862 108905 159206.109 -26924.4551 118075.156
0 18 33863 108905 159206.562 -26924.5312 118074.273
0 18 33860 108906 159205.297 -26923.1035 118076.977
0 18 33861 108906 159205.75 -26923.1797 118076.094
0 18 33860 108907 159205.359 -26921.8984 118077.031
0 18 33861 108907 159205.844 -26921.9844 118076.172
0 18 33856 108908 159203.406 -26920.3535 118080.438
0 18 33857 108908 159203.938 -26920.4453 118079.625
0 18 33856 108909 159203.469 -26919.1523 118080.492
0 18 33857 108909 159204.016 -26919.2461 118079.68
0 18 33858 108908 159204.469 -26920.5312 118078.789
0 18 33859 108908 159204.984 -26920.623 118077.969
0 18 33858 108909 159204.562 -26919.334 118078.859
0 18 33859 108909 159205.078 -26919.4219 118078.031
0 18 33856 108910 159203.516 -26917.9434 118080.516
0 18 33857 108910 159204.094 -26918.043 118079.734
0 18 33856 108911 159203.578 -26916.7383 118080.555
0 18 33857 108911 159204.188 -26916.8418 118079.805
0 18 33862 108910 159206.625 -26918.4688 118075.539
0 18 33863 108910 159207.109 -26918.5508 118074.68
0 18 33862 108911 159206.75 -26917.2754 118075.633
0 18 33863 108911 159207.219 -26917.3574 118074.758
0 18 33858 108910 159204.625 -26918.1309 118078.914
0 18 33859 108910 159205.156 -26918.2227 118078.086
0 18 33858 108911 159204.719 -26916.9316 118078.984
0 18 33859 108911 159205.266 -26917.0234 118078.172
0 18 33860 108908 159205.484 -26920.7051 118077.125
0 18 33861 108908 159205.953 -26920.7852 118076.25
0 18 33860 108909 159205.562 -26919.5039 118077.18
0 18 33861 108909 159206.047 -26919.5879 118076.328
0 18 33862 108908 159206.406 -26920.8613 118075.367
0 18 33863 108908 159206.859 -26920.9395 118074.5
0 18 33862 108909 159206.531 -26919.666 118075.453
0 18 33863 108909 159206.984 -26919.7461 118074.586
0 18 33860 108910 159205.672 -26918.3086 118077.258
0 18 33861 108910 159206.156 -26918.3906 118076.406
0 18 33860 108911 159205.797 -26917.1133 118077.344
0 18 33861 108911 159206.281 -26917.1973 118076.492
0 18 33864 108904 159206.953 -26925.8125 118073.352
0 18 33865 108904 159207.391 -26925.8867 118072.461
0 18 33864 108905 159207 -26924.6055 118073.383
0 18 33865 108905 159207.453 -26924.6836 118072.508
0 18 33858 108906 159204.328 -26922.9395 118078.688
0 18 33859 108906 159204.828 -26923.0254 118077.852
0 18 33858 108907 159204.406 -26921.7383 118078.75
0 18 33859 108907 159204.875 -26921.8184 118077.883
0 18 33866 108904 159207.828 -26925.9609 118071.578
0 18 33867 108904 159208.312 -26926.043 118070.703
0 18 33866 108905 159207.906 -26924.7578 118071.625
0 18 33867 108905 159208.359 -26924.834 118070.742
0 18 33864 108906 159207.109 -26923.4102 118073.469
0 18 33865 108906 159207.562 -26923.4844 118072.586
0 18 33864 108907 159207.203 -26922.2109 118073.539
0 18 33865 108907 159207.656 -26922.2891 118072.648
0 18 33866 108906 159208 -26923.5586 118071.695
0 18 33867 108906 159208.453 -26923.6387 118070.828
0 18 33866 108907 159208.109 -26922.3633 118071.773
0 18 33867 108907 159208.562 -26922.4414 118070.906
0 18 33864 108908 159207.328 -26921.0176 118073.625
0 18 33865 108908 159207.781 -26921.0938 118072.734
0 18 33864 108909 159207.438 -26919.8223 118073.711
0 18 33865 108909 159207.891 -26919.8984 118072.836
0 18 33866 108908 159208.234 -26921.1699 118071.867
0 18 33867 108908 159208.688 -26921.2461 118070.984
0 18 33866 108909 159208.359 -26919.9785 118071.961
0 18 33867 108909 159208.828 -26920.0586 118071.094
0 18 33864 108910 159207.578 -26918.6309 118073.812
0 18 33865 108910 159208.031 -26918.709 118072.938
0 18 33864 108911 159207.688 -26917.4355 118073.898
0 18 33865 108911 159208.172 -26917.5137 118073.039
0 18 33866 108910 159208.5 -26918.7852 118072.055
0 18 33867 108910 159208.953 -26918.8652 118071.188
0 18 33866 108911 159208.625 -26917.5918 118072.164
0 18 33867 108911 159209.109 -26917.6738 118071.305
0 18 33860 108912 159205.875 -26915.9121 118077.398
0 18 33861 108912 159206.375 -26915.998 118076.555
0 18 33860 108913 159205.969 -26914.7148 118077.477
0 18 33861 108913 159206.453 -26914.7969 118076.625
0 18 33862 108912 159206.859 -26916.0781 118075.703
0 18 33863 108912 159207.344 -26916.1602 118074.852
0 18 33862 108913 159206.953 -26914.8789 118075.773
0 18 33863 108913 159207.438 -26914.9629 118074.922
0 18 33864 108912 159207.812 -26916.2422 118073.984
0 18 33865 108912 159208.281 -26916.3203 118073.109
0 18 33864 108913 159207.938 -26915.0469 118074.07
0 18 33865 108913 159208.406 -26915.125 118073.211
0 18 33866 108912 159208.75 -26916.3984 118072.25
0 18 33867 108912 159209.25 -26916.4824 118071.398
0 18 33866 108913 159208.859 -26915.2031 118072.336
0 18 33867 108913 159209.344 -26915.2871 118071.484
0 18 33868 108908 159209.156 -26921.3262 118070.125
0 18 33869 108908 159209.656 -26921.4121 118069.273
0 18 33868 108909 159209.281 -26920.1328 118070.219
0 18 33869 108909 159209.797 -26920.2188 118069.375
0 18 33868 108910 159209.438 -26918.9434 118070.328
0 18 33869 108910 159209.922 -26919.0293 118069.484
0 18 33868 108911 159209.578 -26917.752 118070.43
0 18 33869 108911 159210.047 -26917.834 118069.562
0 18 33860 108902 159205.031 -26927.916 118076.789
0 18 33861 108902 159205.5 -26927.9961 118075.906
0 18 33860 108903 159205.094 -26926.7109 118076.828
0 18 33861 108903 159205.531 -26926.7891 118075.938
0 18 33862 108902 159205.953 -26928.0723 118075.039
0 18 33863 108902 159206.391 -26928.1465 118074.148
0 18 33862 108903 159205.969 -26926.8633 118075.047
0 18 33863 108903 159206.438 -26926.9395 118074.172
0 18 33858 108912 159204.828 -26915.7363 118079.062
0 18 33859 108912 159205.359 -26915.8262 118078.234
0 18 33858 108913 159204.891 -26914.5332 118079.109
0 18 33859 108913 159205.438 -26914.627 118078.305
0 18 33854 108906 159202.203 -26922.582 118081.984
0 18 33855 108906 159202.766 -26922.6738 118081.172
0 18 33854 108907 159202.219 -26921.3672 118081.984
0 18 33855 108907 159202.797 -26921.4668 118081.203
0 18 33854 108908 159202.234 -26920.1562 118081.992
0 18 33855 108908 159202.828 -26920.2578 118081.227
0 18 33854 108909 159202.281 -26918.9492 118082.031
0 18 33855 108909 159202.859 -26919.0488 118081.242
0 18 33858 108902 159204.109 -26927.7617 118078.531
0 18 33859 108902 159204.578 -26927.8398 118077.656
0 18 33858 108903 159204.156 -26926.5527 118078.555
0 18 33859 108903 159204.625 -26926.6348 118077.695
0 18 33868 108906 159208.938 -26923.7168 118069.953
0 18 33869 108906 159209.406 -26923.7988 118069.086
0 18 33868 108907 159209.031 -26922.5176 118070.031
0 18 33869 108907 159209.516 -26922.6016 118069.164
0 18 33862 108906 159206.203 -26923.2559 118075.227
0 18 33863 108906 159206.656 -26923.334 118074.344
0 18 33862 108907 159206.312 -26922.0605 118075.305
0 18 33863 108907 159206.766 -26922.1367 118074.422
0 18 33864 108902 159206.844 -26928.2266 118073.273
0 18 33865 108902 159207.312 -26928.3027 118072.391
0 18 33864 108903 159206.891 -26927.0176 118073.305
0 18 33865 108903 159207.359 -26927.0957 118072.43
0 15 4224 13614 159169.375 -26905.4902 118128.664
0 15 4225 13614 159173.328 -26906.1602 118121.883
0 15 4224 13615 159170.141 -26895.9082 118129.234
0 15 4225 13615 159173.609 -26896.4902 118122.086
0 5 8 8 167407.984 -78472.4922 78472.4922
0 5 9 8 170926.406 -80121.75 69438.8516
0 5 8 9 170692.234 -69343.7188 80011.9844
0 5 9 9 174393.531 -70847.375 70847.375
0 9 60 206 157200.406 -30396.1699 120049.516
0 9 61 206 157475.078 -30449.2832 119644.156
0 9 60 207 157262.047 -29793.7871 120096.609
0 9 61 207 157529.922 -29844.5332 119685.812
0 18 33862 108914 159207.047 -26913.6816 118075.844
0 18 33863 108914 159207.547 -26913.7637 118075
0 18 33862 108915 159207.125 -26912.4805 118075.898
0 18 33863 108915 159207.609 -26912.5625 118075.047
0 13 1054 3396 159106.531 -27171.6367 118145.141
0 13 1055 3396 159123.359 -27174.5117 118118.805
0 13 1054 3397 159112.188 -27133.7559 118149.344
0 13 1055 3397 159130.906 -27136.9473 118124.398
0 7 12 58 153154.766 -13161.7383 123241.727
0 7 13 58 154439.469 -13272.1426 121862.391
0 7 12 59 153076.922 -10763.2207 123179.086
0 7 13 59 154382.516 -10855.0205 121817.453
0 10 128 418 158488.234 -28942.6758 118711.398
0 10 129 418 158642.844 -28970.9082 118517.359
0 10 128 419 158497.297 -28634.7656 118718.195
0 10 129 419 158688.453 -28669.2988 118551.43
0 12 528 1694 159148.562 -27470.2246 118079.227
0 12 529 1694 159186.562 -27476.7832 118029.688
0 12 528 1695 159147.453 -27392.3223 118078.391
0 12 529 1695 159192.312 -27400.0449 118033.945
0 18 33856 108912 159203.656 -26915.5391 118080.617
0 18 33857 108912 159204.25 -26915.6387 118079.852
0 18 33856 108913 159203.734 -26914.3379 118080.68
0 18 33857 108913 159204.328 -26914.4375 118079.898
0 7 18 46 159090.938 -43501.4297 113103.719
0 7 19 46 160229.516 -43812.7578 111409.586
0 7 18 47 159510.688 -41123.8477 113402.133
0 7 19 47 160680.141 -41425.3477 111722.906
0 8 26 100 154606.5 -33216.2422 122598.117
0 8 27 100 155206.047 -33345.0469 121860.992
0 8 26 101 154644.203 -32016.1836 122628.023
0 8 27 101 155302.531 -32152.4766 121936.75
0 15 4240 13614 159239.359 -26917.3223 118025.102
0 15 4241 13614 159243.25 -26917.9785 118018.25
0 15 4240 13615 159238.969 -26907.5371 118024.805
0 15 4241 13615 159242.734 -26908.1719 118017.875
0 12 526 1694 159064.172 -27455.6562 118171.945
0 12 527 1694 159107.078 -27463.0625 118126.125
0 12 526 1695 159072.953 -27379.5 118178.469
0 12 527 1695 159105.484 -27385.0977 118124.953
0 17 16922 54452 159195.906 -26923.3379 118088.844
0 17 16923 54452 159197.375 -26923.5879 118087.5
0 17 16922 54453 159195.844 -26920.8984 118088.781
0 17 16923 54453 159197.266 -26921.1387 118087.422
0 5 10 12 186287.656 -40750.4258 64036.3828
0 5 11 12 189592.453 -41473.3477 53322.875
0 5 10 13 188060.406 -29384.4375 64645.7656
0 5 11 13 191507.109 -29922.9844 53861.375
0 8 32 112 158419.938 -19183.6621 118196.117
0 8 33 112 159104.281 -19266.5332 117463.695
0 8 32 113 158317.938 -17934.4531 118120.031
0 8 33 113 159029.078 -18015.0137 117408.195
0 15 4240 13612 159241.922 -26937.1953 118027
0 15 4241 13612 159246.391 -26937.9492 118020.594
0 15 4240 13613 159239.844 -26927.123 118025.461
0 15 4241 13613 159244.391 -26927.8926 118019.109
0 17 16930 54460 159206.875 -26905.7578 118077.547
0 17 16931 54460 159207.812 -26905.916 118075.812
0 17 16930 54461 159207.078 -26903.3652 118077.695
0 17 16931 54461 159208.016 -26903.5234 118075.953
0 11 256 852 158523.672 -26549.6191 118815.344
0 11 257 852 158606 -26563.4082 118722.172
0 11 256 853 158507.125 -26392.0566 118802.961
0 11 257 853 158597.828 -26407.1582 118716.047
0 6 0 20 137301.906 -49342.875 135156.562
0 6 1 20 139505.234 -50134.6953 132965.938
0 6 0 21 138044.828 -45295.957 135887.875
0 6 1 21 140163.344 -45991.0977 133593.188
0 9 72 216 161325.953 -24892.0898 115637.938
0 9 73 216 161620.297 -24937.5078 115217.594
0 9 72 217 161356.094 -24266.4434 115659.547
0 9 73 217 161678.125 -24314.875 115258.812
4 5 26 14 107487.523 -15355.3604 163790.5
4 5 27 14 114341.477 -14914.1064 159083.797
4 5 26 15 107631.273 -5125.29883 164009.562
4 5 27 15 114540.844 -4980.03662 159361.172
0 8 34 112 159855.109 -19357.4551 116769.156
0 8 35 112 160566.094 -19443.5508 116034.094
0 8 34 113 159752.141 -18096.9238 116693.945
0 8 35 113 160474.469 -18178.748 115967.875
0 14 2108 6802 159131.172 -26991.3047 118173.156
0 14 2109 6802 159140.281 -26992.8496 118160.492
0 14 2108 6803 159134.094 -26972.373 118175.32
0 14 2109 6803 159143.047 -26973.8887 118162.547
0 17 16938 54452 159213.453 -26926.3047 118062.992
0 17 16939 54452 159214.625 -26926.502 118061.422
0 17 16938 54453 159213.562 -26923.8926 118063.07
0 17 16939 54453 159214.703 -26924.0859 118061.477
0 7 20 58 164172.438 -14108.5684 111585.945
0 7 21 58 165686.344 -14238.6699 110026.078
0 7 20 59 163940.328 -11527.0547 111428.188
0 7 21 59 165467.5 -11634.4346 109880.766
0 17 16932 54460 159208.766 -26906.0762 118074.078
0 17 16933 54460 159209.688 -26906.2324 118072.344
0 17 16932 54461 159208.953 -26903.6777 118074.219
0 17 16933 54461 159209.875 -26903.8359 118072.484
0 12 534 1706 159411.031 -26581.4785 117806.938
0 12 535 1706 159450.125 -26587.9961 117757.961
0 12 534 1707 159411.641 -26503.7422 117807.383
0 12 535 1707 159450.422 -26510.1895 117758.195
0 18 33860 108914 159206.031 -26913.5098 118077.523
0 18 33861 108914 159206.547 -26913.5957 118076.688
0 18 33860 108915 159206.109 -26912.3105 118077.586
0 18 33861 108915 159206.625 -26912.3945 118076.758
0 17 16938 54456 159214.25 -26916.7227 118063.578
0 17 16939 54456 159215.375 -26916.9141 118061.977
0 17 16938 54457 159214.438 -26914.3262 118063.719
0 17 16939 54457 159215.578 -26914.5176 118062.133
0 11 270 846 159642.172 -27672.3477 117471.062
0 11 271 846 159716.438 -27685.2227 117369.742
0 11 270 847 159641.578 -27516.3457 117470.633
0 11 271 847 159716.438 -27529.25 117369.75
0 11 268 856 159523.703 -26093.9648 117695.469
0 11 269 856 159607.453 -26107.6641 117601.391
0 11 268 857 159535.938 -25940.1699 117704.5
0 11 269 857 159600.016 -25950.5879 117595.906
0 8 24 102 153244.062 -30529.0898 123912.188
0 8 25 102 153950 -30669.7266 123280.273
0 8 24 103 153185.266 -29320.6152 123864.641
0 8 25 103 153899.859 -29457.3945 123240.125
0 18 33854 108904 159202.172 -26925.0039 118081.945
0 18 33855 108904 159202.688 -26925.0938 118081.117
0 18 33854 108905 159202.172 -26923.7891 118081.961
0 18 33855 108905 159202.734 -26923.8848 118081.141
4 3 0 0 -107901.133 -107901.133 123315.578
4 3 1 0 -84196.6875 -117875.359 134714.703
4 3 0 1 -116893.633 -83495.4609 133592.734
4 3 1 1 -92364.3438 -92364.3438 147782.953
0 12 520 1698 158829.156 -27104.877 118462.656
0 12 521 1698 158874.688 -27112.6484 118419.039
0 12 520 1699 158828.984 -27027.2949 118462.531
0 12 521 1699 158877.062 -27035.4746 118420.812
0 18 33854 108910 159202.297 -26917.7383 118082.039
0 18 33855 108910 159202.922 -26917.8438 118081.289
0 18 33854 108911 159202.344 -26916.5312 118082.078
0 18 33855 108911 159202.984 -26916.6406 118081.328
0 18 33864 108914 159208.031 -26913.8477 118074.148
0 18 33865 108914 159208.484 -26913.9277 118073.273
0 18 33864 108915 159208.078 -26912.6426 118074.188
0 18 33865 108915 159208.562 -26912.7266 118073.336
2 3 2 0 -55090.6211 146908.328 128544.781
2 3 3 0 -18897.2695 151178.156 132280.891
2 3 2 1 -61908.7891 165090.109 103181.328
2 3 3 1 -21281.1582 170249.266 106405.789
0 14 2122 6802 159262.266 -27013.541 117998.336
0 14 2123 6802 159270.438 -27014.9258 117984.938
0 14 2122 6803 159263.516 -26994.3086 117999.258
0 14 2123 6803 159271.375 -26995.6406 117985.633
0 16 8460 27220 159193.969 -26950.9414 118091.047
0 16 8461 27220 159196.531 -26951.3789 118088.086
0 16 8460 27221 159193.719 -26946.043 118090.852
0 16 8461 27221 159196.062 -26946.4375 118087.727
0 11 272 850 159801.281 -27075.707 117276.039
0 11 273 850 159878.594 -27088.8047 117176.648
0 11 272 851 159823.891 -26923.457 117292.625
0 11 273 851 159888.797 -26934.3926 117184.117
0 6 4 32 148444.438 2319.44434 127569.445
0 6 5 32 150801.234 2356.26929 124882.266
0 6 4 33 148257.859 6949.58691 127409.102
0 6 5 33 150616.578 7060.15234 124729.359
0 11 256 846 158516.797 -27477.2773 118810.203
0 11 257 846 158598.5 -27491.4375 118716.555
0 11 256 847 158512.094 -27321.6621 118806.672
0 11 257 847 158608.203 -27338.2324 118723.812
4 5 26 10 103498.477 -54213.4883 157711.969
4 5 27 10 110395.078 -52797.6445 153593.141
4 5 26 11 105190.062 -45081.4531 160289.609
4 5 27 11 112252 -43924.6953 156176.688
0 7 10 46 150066.609 -41033.8359 125446.297
0 7 11 46 151119.297 -41321.6836 123965.055
0 7 10 47 150506.688 -38802.5039 125814.188
0 7 11 47 151615.578 -39088.3945 124372.164
0 6 10 32 163539.969 2555.31201 109878.414
0 6 11 32 166304.609 2598.50952 106538.891
0 6 10 33 163123.578 7646.41748 109598.656
0 6 11 33 165831.812 7773.36621 106236.008
0 12 520 1702 158840.578 -26796.5918 118471.18
0 12 521 1702 158883.797 -26803.8828 118425.844
0 12 520 1703 158842.922 -26719.4258 118472.922
0 12 521 1703 158885.781 -26726.6348 118427.32
0 16 8472 27230 159221.906 -26907.082 118053.461
0 16 8473 27230 159223.984 -26907.4355 118050.141
0 16 8472 27231 159221.781 -26902.2012 118053.367
0 16 8473 27231 159223.781 -26902.5391 118049.992
3 3 2 4 -69788.5625 -186102.844 23262.8555
3 3 3 4 -24790.8535 -198326.828 24790.8535
3 3 2 5 -66642.8125 -177714.172 66642.8125
3 3 3 5 -23367.7656 -186942.125 70103.2969
5 3 0 0 110269.102 -110269.102 -126021.82
5 3 1 0 85376.0312 -119526.438 -136601.656
5 3 0 1 119197.289 -85140.9219 -136225.484
5 3 1 1 94042.5547 -94042.5547 -150468.094
0 5 10 14 189142.984 -17732.1543 65017.9023
0 5 11 14 192676.891 -18063.459 54190.375
0 5 10 15 189470.281 -5920.94629 65130.4062
0 5 11 15 193078.484 -6033.70264 54303.3242
0 17 16922 54454 159195.719 -26918.4473 118088.695
0 17 16923 54454 159197.156 -26918.6914 118087.336
0 17 16922 54455 159195.672 -26916.0098 118088.656
0 17 16923 54455 159197.078 -26916.248 118087.273
0 5 6 6 153307.656 -91026.4219 91026.4219
0 5 7 6 156851.281 -93130.4453 83327.2422
0 5 6 7 156577.469 -83181.7734 92967.8672
0 5 7 7 160317.328 -85168.5859 85168.5859
0 14 2110 6800 159144.766 -27032.4648 118144.391
0 14 2111 6800 159153.5 -27033.9453 118131.445
0 14 2110 6801 159147 -27013.418 118146.055
0 14 2111 6801 159156.047 -27014.9512 118133.344
0 8 40 104 163189.062 -29960.4922 111555.031
0 8 41 104 163794.969 -30071.7324 110689.562
0 8 40 105 163344 -28712.8105 111660.938
0 8 41 105 163936.594 -28816.9805 110785.281
0 14 2120 6812 159253.281 -26817.6152 118030.555
0 14 2121 6812 159261.172 -26818.9434 118016.961
0 14 2120 6813 159256.125 -26798.6523 118032.664
0 14 2121 6813 159263.859 -26799.9551 118018.953
0 8 40 108 163850.609 -24961.6152 112007.258
0 8 41 108 164363.906 -25039.8125 111074.047
0 8 40 109 163960.109 -23697.3594 112082.109
0 8 41 109 164494.5 -23774.5957 111162.305
0 18 33856 108902 159203.141 -26927.5977 118080.234
0 18 33857 108902 159203.641 -26927.6836 118079.391
0 18 33856 108903 159203.203 -26926.3926 118080.289
0 18 33857 108903 159203.672 -26926.4727 118079.422
0 12 536 1704 159481.062 -26748.8984 117702.938
0 12 537 1704 159529.031 -26756.9434 117660.445
0 12 536 1705 159484.703 -26671.6348 117705.633
0 12 537 1705 159528.031 -26678.8828 117659.719
0 16 8458 27230 159190.172 -26901.7207 118097.953
0 16 8459 27230 159192.547 -26902.1211 118094.852
0 16 8458 27231 159190.594 -26896.9336 118098.25
0 16 8459 27231 159193.078 -26897.3535 118095.242
3 4 14 10 120688.344 -148539.516 46418.5938
3 4 15 10 132172.641 -140984.156 44057.5469
3 4 14 11 118132.891 -145394.328 63610.0195
3 4 15 11 129887.523 -138546.703 60614.1836
0 5 0 4 125506.672 -90207.9219 121584.586
0 5 1 4 128891.141 -92640.5078 116807.594
0 5 0 5 127894.281 -83930.625 123897.586
0 5 1 5 131541.188 -86323.9062 119209.203
0 6 0 30 139557.062 -6541.7373 137376.484
0 6 1 30 141759.516 -6644.97705 135114.547
0 6 0 31 139537.734 -2180.2771 137357.469
0 6 1 31 141710.359 -2214.22437 135067.688
0 10 124 420 157858.531 -28211.0488 119473.008
0 10 125 420 158018.547 -28239.6406 119285.484
0 10 124 421 157862 -27903.3438 119475.633
0 10 125 421 158021.359 -27931.5098 119287.602
0 13 1050 3398 159031.219 -27081.125 118244.523
0 13 1051 3398 159050.281 -27084.3691 118219.867
0 13 1050 3399 159037.938 -27043.4395 118249.531
0 13 1051 3399 159058.328 -27046.9043 118225.852
4 6 62 22 133728.25 -41653.0586 140305.031
4 6 63 22 136001.828 -41016.4258 138160.594
4 6 62 23 133895.625 -37315.1758 140480.656
4 6 63 23 136213.375 -36755.9922 138375.5
0 17 16924 54448 159198.203 -26933.4414 118085.68
0 17 16925 54448 159199.453 -26933.6543 118084.18
0 17 16924 54449 159198.484 -26931.0605 118085.891
0 17 16925 54449 159199.734 -26931.2715 118084.391
0 14 2124 6806 159277.859 -26938.4121 117970.984
0 14 2125 6806 159287.078 -26939.9727 117958.391
0 14 2124 6807 159277.297 -26918.873 117970.57
0 14 2125 6807 159286.078 -26920.3574 117957.641
0 15 4228 13606 159184.453 -26985.7676 118100.984
0 15 4229 13606 159188.688 -26986.4863 118094.422
0 15 4228 13607 159185.078 -26976.1582 118101.453
0 15 4229 13607 159189.438 -26976.8965 118094.977
0 15 4234 13606 159210.734 -26990.2227 118062.18
0 15 4235 13606 159216.031 -26991.1191 118056.391
0 15 4234 13607 159211.5 -26980.6367 118062.758
0 15 4235 13607 159216.781 -26981.5293 118056.953
0 11 258 844 158664.281 -27812.7344 118610.844
0 11 259 844 158735.188 -27825.1602 118508.828
0 11 258 845 158668.078 -27658.4492 118613.688
0 11 259 845 158751.094 -27672.9219 118520.719
0 4 6 10 188354.125 58860.6641 35316.3984
0 4 7 10 191247.625 59764.8828 11952.9766
0 4 6 11 180897.828 79142.8047 33918.3438
0 4 7 11 183862.641 80439.9062 11491.415
0 13 1060 3396 159232.828 -27193.2031 118005.672
0 13 1061 3396 159250.641 -27196.2441 117979.992
0 13 1060 3397 159237.344 -27155.1016 118009.023
0 13 1061 3397 159254.188 -27157.9707 117982.617
0 16 8456 27226 159185.016 -26920.2812 118103.844
0 16 8457 27226 159186.844 -26920.5918 118100.344
0 16 8456 27227 159185.375 -26915.4844 118104.102
0 16 8457 27227 159187.203 -26915.791 118100.594
0 10 134 418 159383.594 -29106.1836 117514.281
0 10 135 418 159511.234 -29129.4941 117296.836
0 10 134 419 159398.766 -28797.6289 117525.453
0 10 135 419 159534.203 -28822.0977 117313.727
0 16 8468 27220 159211.938 -26953.9863 118065.5
0 16 8469 27220 159214.781 -26954.4668 118062.75
0 16 8468 27221 159212.109 -26949.1582 118065.633
0 16 8469 27221 159214.703 -26949.5977 118062.703
5 3 0 2 125720.336 -53880.1445 -143680.391
5 3 1 2 101121.164 -60672.6953 -161793.859
5 3 0 3 128457.422 -18351.0605 -146808.484
5 3 1 3 104026.484 -20805.2969 -166442.375
0 16 8470 27232 159218.438 -26896.7793 118060.609
0 16 8471 27232 159220.125 -26897.0625 118057
0 16 8470 27233 159219.031 -26892.0215 118061.039
0 16 8471 27233 159220.672 -26892.2988 118057.398
0 11 272 852 159831.656 -26768.6816 117298.336
0 11 273 852 159905.156 -26780.9922 117196.117
0 11 272 853 159843.422 -26614.5566 117306.961
0 11 273 853 159910.188 -26625.6699 117199.797
0 12 530 1694 159227.5 -27483.8477 117982.281
0 12 531 1694 159273.672 -27491.8164 117938.734
0 12 530 1695 159228.047 -27406.1934 117982.695
0 12 531 1695 159268.109 -27413.0898 117934.617
0 14 2112 6812 159182.125 -26805.6309 118133.266
0 14 2113 6812 159190.75 -26807.084 118120.234
0 14 2112 6813 159183.703 -26786.4668 118134.43
0 14 2113 6813 159192.781 -26787.9941 118121.75
4 3 0 2 -124384.047 -53307.4453 142153.188
4 3 1 2 -100554.102 -60332.4531 160886.547
4 3 0 3 -129689.711 -18527.1016 148216.812
4 3 1 3 -105598.523 -21119.7051 168957.641
0 12 534 1696 159400.812 -27358.0977 117799.367
0 12 535 1696 159435.672 -27364.0801 117747.289
0 12 534 1697 159397.328 -27279.6699 117796.812
0 12 535 1697 159434.734 -27286.0723 117746.602
4 4 12 12 86532.6719 86532.6719 153835.859
4 4 13 12 100554.773 82272.0859 146261.484
4 4 12 13 83272.2656 101777.211 148039.578
4 4 13 13 96900.9609 96900.9609 140946.859
0 15 4238 13618 159233.125 -26877.3945 118039.906
0 15 4239 13618 159236.141 -26877.9004 118032.43
0 15 4238 13619 159234.609 -26867.9258 118041.008
0 15 4239 13619 159237.641 -26868.4355 118033.539
0 9 72 208 160750.031 -29826.666 115225.125
0 9 73 208 161025.188 -29877.7207 114793.344
0 9 72 209 160852.266 -29217.3047 115298.398
0 9 73 209 161111.75 -29264.4395 114855.062
4 6 62 28 135004.688 -15492.3418 141644.266
4 6 63 28 137294.312 -15254.9248 139473.594
4 6 62 29 135096.094 -11073.4502 141740.156
4 6 63 29 137376.891 -10902.9277 139557.469
3 4 12 12 86258.125 -153347.781 86258.125
3 4 13 12 100842.031 -146679.312 82507.1172
3 4 12 13 82253.5703 -146228.562 100532.141
3 4 13 13 96511.7812 -140380.766 96511.7812
0 4 0 14 123368.828 100237.172 115658.273
0 4 1 14 128965.742 104784.672 104784.672
0 4 0 15 118662.469 111246.062 111246.062
0 4 1 15 123613.211 115887.375 100435.727
0 4 4 12 160930.844 90523.5938 70407.2422
0 4 5 12 167881.172 94433.1641 52462.8672
0 4 4 13 154567.906 106265.438 67623.4609
0 4 5 13 160017.688 110012.156 50005.5273
0 8 30 112 157003.828 -19012.1836 119592.766
0 8 31 112 157711.641 -19097.8945 118899.789
0 8 30 113 156951.5 -17779.6641 119552.898
0 8 31 113 157643.781 -17858.084 118848.625
0 18 33868 108912 159209.734 -26916.5664 118070.547
0 18 33869 108912 159210.203 -26916.6465 118069.68
0 18 33868 108913 159209.844 -26915.3691 118070.633
0 18 33869 108913 159210.328 -26915.4512 118069.781
0 8 26 110 154376.469 -21106.1582 122415.719
0 8 27 110 155045.172 -21197.582 121734.688
0 8 26 111 154351.547 -19896.8789 122395.953
0 8 27 111 155000.078 -19980.4785 121699.273
0 17 16928 54460 159204.797 -26905.4062 118080.852
0 17 16929 54460 159205.875 -26905.5898 118079.234
0 17 16928 54461 159205.062 -26903.0215 118081.055
0 17 16929 54461 159206.125 -26903.2012 118079.414
0 16 8456 27224 159184.672 -26929.9395 118103.586
0 16 8457 27224 159186.578 -26930.2617 118100.141
0 16 8456 27225 159184.797 -26925.1016 118103.672
0 16 8457 27225 159186.594 -26925.4062 118100.148
0 9 62 218 157755.016 -23108.6445 119240.609
0 9 63 218 158124.797 -23162.8125 118902.438
0 9 62 219 157718.594 -22487.2227 119213.078
0 9 63 219 158084.125 -22539.3379 118871.844
0 6 6 18 148099.766 -62479.5859 118017
0 6 7 18 150215.078 -63371.9844 115008.422
0 6 6 19 149117.828 -58249.1523 118828.273
0 6 7 19 151293.312 -59098.9531 115833.945
5 3 0 4 127946.414 18278.0586 -146224.469
5 3 1 4 103147.039 20629.4082 -165035.266
5 3 0 5 123768.32 53043.5625 -141449.5
5 3 1 5 99309.5703 59585.7344 -158895.297
0 6 4 18 144107.594 -60795.3945 123842.469
0 6 5 18 146048.25 -61614.1094 120946.211
0 6 4 19 144921.266 -56609.8711 124541.719
0 6 5 19 146954.672 -57404.168 121696.836
0 14 2124 6808 159277.547 -26899.4727 117970.766
0 14 2125 6808 159286.516 -26900.9883 117957.969
0 14 2124 6809 159278.406 -26880.1758 117971.398
0 14 2125 6809 159287.281 -26881.6719 117958.523
0 11 260 856 158837.547 -25981.7266 118430.133
0 11 261 856 158937.781 -25998.125 118349.664
0 11 260 857 158838.141 -25826.707 118430.578
0 11 261 857 158930.688 -25841.7578 118344.391
0 12 524 1694 158983.859 -27441.793 118267.531
0 12 525 1694 159024.953 -27448.8867 118220.461
0 12 524 1695 158995.047 -27366.0898 118275.859
0 12 525 1695 159035 -27372.9707 118227.93
0 13 1050 3406 159075.234 -26777.9219 118277.258
0 13 1051 3406 159095.859 -26781.3965 118253.742
0 13 1050 3407 159077.016 -26739.3848 118278.578
0 13 1051 3407 159098.719 -26743.0332 118255.867
0 9 70 218 160686.641 -23538.084 116435.047
0 9 71 218 161028.219 -23588.1172 116053.531
0 9 70 219 160623.094 -22901.3398 116389
0 9 71 219 160977.016 -22951.8027 116016.633
2 3 6 6 94503.8203 151206.109 -94503.8203
2 3 7 6 120185.523 137354.891 -85846.8125
2 3 6 7 85760.6406 137217.016 -120064.891
2 3 7 7 110897.5 126739.992 -110897.5
3 3 0 6 -117683.031 -134494.891 84059.3125
3 3 1 6 -93583.2891 -149733.266 93583.2891
3 3 0 7 -108202.477 -123659.969 108202.477
3 3 1 7 -85121.8125 -136194.891 119170.531
0 5 2 4 132408.734 -95168.7734 111719.859
0 5 3 4 136146.891 -97855.5781 106364.758
0 5 2 5 135340.922 -88817.4766 114193.906
0 5 3 5 139447.406 -91512.3672 108943.289
0 15 4238 13608 159234.672 -26974.8418 118041.055
0 15 4239 13608 159239.984 -26975.7422 118035.273
0 15 4238 13609 159234.703 -26965.1289 118041.07
0 15 4239 13609 159239.875 -26966.0039 118035.195
0 10 140 426 160530.469 -26807.334 116478.656
0 10 141 426 160660.141 -26828.9883 116258.945
0 10 140 427 160557.812 -26498.3105 116498.492
0 10 141 427 160702.641 -26522.2129 116289.703
0 17 16922 54450 159195.891 -26928.1953 118088.828
0 17 16923 54450 159197.328 -26928.4355 118087.461
0 17 16922 54451 159195.953 -26925.7754 118088.883
0 17 16923 54451 159197.406 -26926.0195 118087.516
0 13 1066 3404 159350.719 -26902.1074 117859.617
0 13 1067 3404 159368.891 -26905.1719 117834.148
0 13 1066 3405 159353.594 -26863.6875 117861.75
0 13 1067 3405 159371.875 -26866.7676 117836.359
0 10 140 424 160421.516 -27415.7852 116399.602
0 10 141 424 160568.297 -27440.8691 116192.492
0 10 140 425 160458.812 -27108.7656 116426.656
0 10 141 425 160607.75 -27133.9238 116221.031
0 7 8 56 148227.891 -17370.4551 128541.383
0 7 9 56 149474.344 -17516.5234 127286.734
0 7 8 57 148222.109 -15053.8086 128536.359
0 7 9 57 149436.547 -15177.1504 127254.562
0 13 1066 3402 159346.078 -26979.127 117856.18
0 13 1067 3402 159362.094 -26981.8398 117829.125
0 13 1066 3403 159348.297 -26940.5977 117857.82
0 13 1067 3403 159364.906 -26943.4102 117831.211
0 17 16934 54460 159210.672 -26906.3965 118070.633
0 17 16935 54460 159211.672 -26906.5703 118068.953
0 17 16934 54461 159210.859 -26904.002 118070.789
0 17 16935 54461 159211.891 -26904.1738 118069.109
0 8 36 112 161294.047 -19531.7012 115300.039
0 8 37 112 162028.266 -19620.6094 114559.047
0 8 36 113 161198.984 -18260.8242 115232.094
0 8 37 113 161941.281 -18344.9102 114497.539
0 14 2120 6800 159242.641 -27049.0879 118022.664
0 14 2121 6800 159251.719 -27050.6328 118009.953
0 14 2120 6801 159243.719 -27029.834 118023.469
0 14 2121 6801 159253.156 -27031.4355 118011.023
0 8 24 108 153064.438 -23318.4102 123766.945
0 8 25 108 153762.766 -23424.7969 123130.336
0 8 24 109 153070.312 -22123.4434 123771.703
0 8 25 109 153719.109 -22217.2148 123095.383
0 11 268 844 159498.984 -27959.0508 117677.227
0 11 269 844 159572.672 -27971.9668 117575.758
0 11 268 845 159508.062 -27804.8711 117683.922
0 11 269 845 159575.266 -27816.5859 117577.672
0 7 6 52 145663.188 -26173.8555 130869.266
0 7 7 52 146904.078 -26396.8281 129688.758
0 7 6 53 145711.656 -23905.8184 130912.82
0 7 7 53 146958.594 -24110.3965 129736.891
0 12 536 1698 159482.281 -27216.3379 117703.844
0 12 537 1698 159520.125 -27222.7969 117653.883
0 12 536 1699 159485.797 -27139.0625 117706.438
0 12 537 1699 159524.078 -27145.5762 117656.797
4 4 10 10 56652.1484 56652.1484 181286.891
4 4 11 10 75619.4609 54013.9062 172844.484
4 4 10 11 54535.2227 76349.3125 174512.719
4 4 11 11 73175.1875 73175.1875 167257.562
0 8 30 98 156491.25 -36066.3398 119202.32
0 8 31 98 157031.859 -36190.9336 118387.297
0 8 30 99 156717.656 -34894.168 119374.773
0 8 31 99 157270.172 -35017.1875 118566.969
0 15 4240 13616 159239.125 -26897.8438 118024.914
0 15 4241 13616 159243.281 -26898.5449 118018.289
0 15 4240 13617 159238.781 -26888.0664 118024.664
0 15 4241 13617 159243.016 -26888.7812 118018.094
0 16 8460 27232 159195.875 -26892.9688 118092.461
0 16 8461 27232 159198.406 -26893.3965 118089.484
0 16 8460 27233 159196.391 -26888.1973 118092.844
0 16 8461 27233 159198.828 -26888.6074 118089.781
0 8 32 98 157623.891 -36327.3828 117602.211
0 8 33 98 158213.484 -36463.2617 116806.047
0 8 32 99 157821.562 -35139.957 117749.68
0 8 33 99 158412.266 -35271.4805 116952.797
0 4 6 0 143755.125 -134770.438 26954.0859
0 4 7 0 143793.156 -134806.078 8987.07227
0 4 6 1 153554.953 -124763.406 28791.5547
0 4 7 1 154394.906 -125445.867 9649.68164
0 7 6 50 145518.297 -30695.2656 130739.086
0 7 7 50 146775.156 -30960.3867 129574.938
0 7 6 51 145605.781 -28438.6309 130817.703
0 7 7 51 146850.25 -28681.6895 129641.234
4 3 0 4 -131572.906 18796.1309 150369.047
4 3 1 4 -106817.078 21363.416 170907.328
4 3 0 5 -127469.586 54629.8203 145679.531
4 3 1 5 -101734.773 61040.8594 162775.625
0 13 1052 3396 159069.531 -27165.3145 118195.344
0 13 1053 3396 159087.609 -27168.4043 118169.938
0 13 1052 3397 159070.375 -27126.623 118195.969
0 13 1053 3397 159091.953 -27130.3047 118173.156
0 9 70 206 160024.859 -30942.3066 115955.508
0 9 71 206 160293.516 -30994.2559 115524.031
0 9 70 207 160097.141 -30330.9043 116007.891
0 9 71 207 160380.906 -30384.666 115587.016
0 9 74 212 161638.141 -27465.8555 114598.922
0 9 75 212 161929.062 -27515.291 114172.648
0 9 74 213 161727.562 -26849.3008 114662.305
0 9 75 213 162012.875 -26896.668 114231.727
0 7 22 48 164515.438 -39843.5859 106677.984
0 7 23 48 165698.078 -40130.0039 104855.82
0 7 22 49 164898.953 -37359.918 106926.664
0 7 23 49 166064.047 -37623.8867 105087.398
4 5 28 6 109006.547 -82844.9766 139528.375
4 5 29 6 114942.117 -80885.1953 136227.703
4 5 28 7 111012.742 -75488.6641 142096.312
4 5 29 7 116980.797 -73654.5781 138643.906
0 10 126 418 158165.703 -28883.7754 119087.656
0 10 127 418 158329.734 -28913.7305 118901.922
0 10 126 419 158167.531 -28575.1875 119089.031
0 10 127 419 158328.109 -28604.1992 118900.703
0 17 16924 54458 159198.844 -26909.2598 118086.156
0 17 16925 54458 159200.281 -26909.5039 118084.797
0 17 16924 54459 159199.125 -26906.877 118086.367
0 17 16925 54459 159200.562 -26907.1211 118085
0 5 10 10 181079.375 -62246.0352 62246.0352
0 5 11 10 184236.797 -63331.3945 51816.5977
0 5 10 11 183931.172 -51730.6406 63226.3398
0 5 11 11 187131.609 -52630.7656 52630.7656
0 11 272 848 159793.828 -27386.541 117270.57
0 11 273 848 159842.703 -27394.918 117150.352
0 11 272 849 159791.062 -27230.0215 117268.539
0 11 273 849 159857.656 -27241.3672 117161.297
4 4 14 14 105125.133 105125.133 129384.766
4 4 15 14 115703.695 100276.531 123417.281
4 4 14 15 101237.562 116812.57 124600.086
4 4 15 15 111436.414 111436.414 118865.508
0 10 124 428 157774.5 -25730.8008 119409.406
0 10 125 428 157964.125 -25761.7246 119244.398
0 10 124 429 157795.906 -25426.0996 119425.609
0 10 125 429 157978.516 -25455.5195 119255.266
0 12 530 1708 159280.094 -26404.0957 118021.258
0 12 531 1708 159314.578 -26409.8145 117969.031
0 12 530 1709 159279.797 -26326.2773 118021.039
0 12 531 1709 159318.984 -26332.7539 117972.281
0 12 528 1708 159207.484 -26392.0605 118122.93
0 12 529 1708 159242.781 -26397.9141 118071.367
0 12 528 1709 159195.516 -26312.3438 118114.062
0 12 529 1709 159238.609 -26319.4668 118068.273
0 7 24 52 168222.734 -30227.5254 103824.969
0 7 25 52 169392.797 -30437.7676 101900.359
0 7 24 53 168506.453 -27645.5898 104000.07
0 7 25 53 169669.172 -27836.3496 102066.617
0 13 1052 3408 159121.516 -26708.0176 118233.961
0 13 1053 3408 159140.938 -26711.2793 118209.555
0 13 1052 3409 159122.5 -26669.3359 118234.703
0 13 1053 3409 159143.234 -26672.8105 118211.25
0 17 16930 54446 159204.891 -26939.4297 118076.062
0 17 16931 54446 159206.047 -26939.627 118074.5
0 17 16930 54447 159204.953 -26937.0117 118076.117
0 17 16931 54447 159206.078 -26937.2012 118074.516
0 18 33868 108904 159208.766 -26926.1211 118069.836
0 18 33869 108904 159209.281 -26926.207 118069
0 18 33868 108905 159208.828 -26924.916 118069.875
0 18 33869 108905 159209.328 -26925.002 118069.039
5 3 0 6 116949.805 83535.5781 -133656.922
5 3 1 6 93174.1797 93174.1797 -149078.688
5 3 0 7 109792.453 109792.453 -125477.086
5 3 1 7 85810.5547 120134.773 -137296.891
0 18 33858 108914 159204.969 -26913.3301 118079.156
0 18 33859 108914 159205.531 -26913.4258 118078.375
0 18 33858 108915 159205.062 -26912.1328 118079.227
0 18 33859 108915 159205.594 -26912.2207 118078.414
0 6 12 20 163497.016 -58756.7383 99630.9922
0 6 13 20 165651.469 -59531 95767.2578
0 6 12 21 164694.688 -54040.4453 100360.82
0 6 13 21 166860.578 -54751.1289 96466.2734
0 9 56 210 155820.797 -27694.7109 121430.656
0 9 57 210 156170.031 -27756.7832 121092.781
0 9 56 211 155763.375 -27076.0566 121385.914
0 9 57 211 156125.906 -27139.0742 121058.562
4 4 10 0 43604.9492 -130814.852 139535.844
4 4 11 0 59531.2852 -127567.031 136071.5
4 4 10 1 46253.5273 -120259.164 148011.281
4 4 11 1 62932.5039 -116874.648 143845.719
0 14 2124 6804 159279.906 -26977.6465 117972.508
0 14 2125 6804 159288.062 -26979.0273 117959.109
0 14 2124 6805 159279.656 -26958.1621 117972.328
0 14 2125 6805 159286.891 -26959.3828 117958.242
0 17 16928 54446 159202.531 -26939.0312 118079.172
0 17 16929 54446 159203.734 -26939.2363 118077.641
0 17 16928 54447 159202.672 -26936.627 118079.289
0 17 16929 54447 159203.828 -26936.8242 118077.711
0 15 4232 13620 159211.203 -26854.2578 118081.961
0 15 4233 13620 159215.578 -26854.9941 118075.484
0 15 4232 13621 159211.281 -26844.5547 118082.023
0 15 4233 13621 159216.031 -26845.3535 118075.82
0 6 14 22 170179.672 -50522.0938 93067.0078
0 6 15 22 172334.375 -51161.7656 88859.9141
0 6 14 23 171215.391 -45479.0859 93633.4141
0 6 15 23 173416.047 -46063.6367 89417.6484
0 7 24 54 168769.641 -25051.7422 104162.523
0 7 25 54 169956.547 -25227.9258 102239.484
0 7 24 55 169018.75 -22447.8027 104316.25
0 7 25 55 170191.656 -22603.5801 102380.914
0 15 4240 13610 159244.594 -26957.084 118028.969
0 15 4241 13610 159249.109 -26957.8477 118022.602
0 15 4240 13611 159243.406 -26947.1641 118028.102
0 15 4241 13611 159247.844 -26947.918 118021.656
0 13 1064 3398 159309.625 -27128.5312 117907.016
0 13 1065 3398 159331.859 -27132.3164 117884.57
0 13 1064 3399 159316.109 -27090.7383 117911.812
0 13 1065 3399 159337.375 -27094.3574 117888.648
0 10 138 420 160032.406 -28599.541 116742.398
0 10 139 420 160186.672 -28627.1113 116542.055
0 10 138 421 160041.234 -28288.5391 116748.82
0 10 139 421 160188.703 -28314.6055 116543.539
4 5 30 4 116101.641 -92080.6094 128112.156
4 5 31 4 121345.969 -90030.8828 125260.359
4 5 30 5 118355.039 -85705.3672 130598.656
4 5 31 5 123602.094 -83730.4453 127589.25
0 16 8456 27228 159185.672 -26910.6777 118104.32
0 16 8457 27228 159187.531 -26910.9883 118100.836
0 16 8456 27229 159185.641 -26905.8125 118104.305
0 16 8457 27229 159187.719 -26906.1641 118100.992
0 9 56 212 155772.688 -26469.1855 121393.164
0 9 57 212 156134.562 -26530.6777 121065.281
0 9 56 213 155734.969 -25854.4395 121363.773
0 9 57 213 156121.984 -25918.6875 121055.523
0 6 14 30 175372.016 -8220.5625 95906.5703
0 6 15 30 177671.781 -8328.36426 91612.0078
0 6 14 31 175694.281 -2745.22314 96082.8125
0 6 15 31 177873.375 -2779.27148 91715.9609
4 3 0 6 -119766.961 85547.8281 136876.531
4 3 1 6 -94129.7969 94129.7969 150607.688
4 3 0 7 -110646.688 110646.688 126453.352
4 3 1 7 -85894.0625 120251.68 137430.5
0 6 2 18 139718.906 -58943.9141 128803.359
0 6 3 18 142114.062 -59954.3711 126570.336
0 6 2 19 140816.547 -55006.4648 129815.258
0 6 3 19 142953 -55841.0195 127317.516
0 15 4224 13608 159167.031 -26963.3848 118126.922
0 15 4225 13608 159171.578 -26964.1562 118120.586
0 15 4224 13609 159167.297 -26953.7148 118127.117
0 15 4225 13609 159172.031 -26954.5176 118120.914
0 6 8 18 152328.438 -64263.5625 111866.203
0 6 9 18 154506.156 -65182.2852 108637.141
0 6 8 19 153516.891 -59967.5391 112738.969
0 6 9 19 155717.844 -60827.2891 109489.109
0 13 1048 3402 159015.875 -26923.2188 118310.766
0 13 1049 3402 159039 -26927.1348 118289.133
0 13 1048 3403 159020.797 -26885.2305 118314.43
0 13 1049 3403 159044.938 -26889.3086 118293.555
0 15 4234 13620 159219.031 -26855.5801 118068.336
0 15 4235 13620 159223.797 -26856.3809 118062.156
0 15 4234 13621 159220.828 -26846.1641 118069.672
0 15 4235 13621 159225.516 -26846.9531 118063.43
3 3 4 0 18840.459 -150723.672 -131883.219
3 3 5 0 54450.1758 -145200.469 -127050.406
3 3 4 1 21062.8555 -168502.844 -105314.266
3 3 5 1 60115.4609 -160307.906 -100192.438
0 10 138 430 160230.406 -25505.4238 116886.828
0 10 139 430 160400 -25532.4219 116697.266
0 10 138 431 160227.531 -25192.0234 116884.727
0 10 139 431 160394.234 -25218.2363 116693.07
0 9 74 214 161772.984 -26224.918 114694.516
0 9 75 214 162078.125 -26274.3867 114277.75
0 9 74 215 161891.812 -25611.791 114778.773
0 9 75 215 162168.094 -25655.498 114341.172
2 3 4 4 24837.623 198700.984 -24837.623
2 3 5 4 70373.125 187661.672 -23457.709
2 3 4 5 23455.6797 187645.438 -70367.0391
2 3 5 5 66852.1719 178272.469 -66852.1719
0 18 33866 108914 159208.969 -26914.0078 118072.414
0 18 33867 108914 159209.453 -26914.0918 118071.562
0 18 33866 108915 159209.047 -26912.8066 118072.484
0 18 33867 108915 159209.562 -26912.8926 118071.641
4 5 28 18 119728.172 23945.6328 153252.062
4 5 29 18 125400.344 23222.2871 148622.625
4 5 28 19 118830.156 33272.4453 152102.594
4 5 29 19 124500.562 32277.9238 147556.219
0 4 8 6 197260.875 -36986.4141 -12328.8047
0 4 9 6 193228.344 -36230.3164 -36230.3164
0 4 8 7 199984.891 -12499.0557 -12499.0557
0 4 9 7 196081.594 -12255.0996 -36765.3008
0 5 2 20 145844.984 41018.9023 123056.703
0 5 3 20 150143.766 42227.9336 117299.812
0 5 2 21 144249.422 49585.7383 121710.445
0 5 3 21 148427.938 51022.1055 115959.336
0 10 126 430 158155.266 -25175.1035 119079.789
0 10 127 430 158340.797 -25204.6387 118910.219
0 10 126 431 158135.438 -24863.0918 119064.867
0 10 127 431 158310.234 -24890.5742 118887.273
0 6 2 32 143860.641 2247.82251 132621.516
0 6 3 32 146127.719 2283.24561 130144.992
0 6 2 33 143709.531 6736.38428 132482.234
0 6 3 33 145963.328 6842.03076 129998.586
0 15 4224 13616 159171.688 -26886.4512 118130.367
0 15 4225 13616 159175.547 -26887.1055 118123.531
0 15 4224 13617 159172.594 -26876.8906 118131.047
0 15 4225 13617 159176.219 -26877.502 118124.023
0 7 10 58 150652.672 -12946.7139 125936.211
0 7 11 58 151877.422 -13051.9668 124586.961
0 7 10 59 150585.734 -10588.0596 125880.258
0 7 11 59 151826.891 -10675.3291 124545.5
0 18 33866 108902 159207.781 -26928.3848 118071.531
0 18 33867 108902 159208.281 -26928.4668 118070.695
0 18 33866 108903 159207.812 -26927.1719 118071.555
0 18 33867 108903 159208.266 -26927.25 118070.672
0 13 1064 3408 159326.125 -26742.3633 117919.234
0 13 1065 3408 159344.141 -26745.3848 117893.656
0 13 1064 3409 159322.688 -26702.8887 117916.688
0 13 1065 3409 159339.312 -26705.6719 117890.086
0 5 0 20 137504.953 38673.2656 133207.922
0 5 1 20 141635.516 39834.9922 128357.195
0 5 0 21 136200.922 46819.0664 131944.641
0 5 1 21 140160.828 48180.2852 127020.75
0 17 16936 54448 159211.656 -26935.7207 118066.516
0 17 16937 54448 159212.781 -26935.9082 118064.914
0 17 16936 54449 159211.484 -26933.2617 118066.383
0 17 16937 54449 159212.625 -26933.4531 118064.805
0 15 4226 13618 159181.516 -26868.6797 118118.234
0 15 4227 13618 159186.5 -26869.5234 118112.227
0 15 4226 13619 159182.828 -26859.1875 118119.219
0 15 4227 13619 159187.812 -26860.0273 118113.188
0 10 122 424 157499.078 -26916.3477 119816.195
0 10 123 424 157679.688 -26947.2129 119645.617
0 10 122 425 157471.406 -26604.0547 119795.133
0 10 123 425 157658.766 -26635.7109 119629.758
4 5 26 16 107559.539 5121.88281 163900.25
4 5 27 16 114491.984 4977.9126 159293.203
4 5 26 17 107210.469 15315.7812 163368.328
4 5 27 17 114124.516 14885.8066 158781.938
0 17 16938 54450 159213.609 -26931.1895 118063.109
0 17 16939 54450 159214.766 -26931.3867 118061.523
0 17 16938 54451 159213.5 -26928.7422 118063.023
0 17 16939 54451 159214.656 -26928.9375 118061.453
0 13 1058 3410 159231.641 -26648.7539 118082.539
0 13 1059 3410 159247.781 -26651.4531 118055.633
0 13 1058 3411 159229.625 -26609.543 118081.055
0 13 1059 3411 159247.453 -26612.5195 118055.391
0 8 28 98 155418.234 -35819.0469 120813.398
0 8 29 98 155931.156 -35937.2617 119993.906
0 8 28 99 155585.219 -34642.0195 120943.195
0 8 29 99 156156.609 -34769.2461 120167.398
0 5 8 18 177291.234 27701.7559 83105.2656
0 5 9 18 182460.312 28509.4238 74124.5
0 5 8 19 174849.656 38248.3633 81960.7812
0 5 9 19 179564.938 39279.8281 72948.25
0 18 33870 108908 159210.125 -26921.4922 118068.422
0 18 33871 108908 159210.672 -26921.582 118067.609
0 18 33870 108909 159210.281 -26920.3008 118068.523
0 18 33871 108909 159210.797 -26920.3887 118067.688
0 17 16922 54456 159195.688 -26913.584 118088.68
0 17 16923 54456 159197.078 -26913.8223 118087.281
0 17 16922 54457 159195.797 -26911.1719 118088.758
0 17 16923 54457 159197.203 -26911.4082 118087.367
0 10 132 432 159228.062 -24723.8887 118021.578
0 10 133 432 159398.156 -24750.3008 117836.336
0 10 132 433 159200.094 -24408.6074 118000.852
0 10 133 433 159377.438 -24435.7969 117821.016
0 9 58 206 156564.922 -30273.2949 120787.383
0 9 59 206 156913.266 -30340.6504 120443.188
0 9 58 207 156588.922 -29666.2617 120805.906
0 9 59 207 156919.75 -29728.9355 120448.164
0 7 20 46 161374.547 -44125.8516 109684.258
0 7 21 46 162533.016 -44442.6211 107932.086
0 7 20 47 161828.797 -41721.4883 109993.016
0 7 21 47 162969.625 -42015.6055 108222.016
0 4 8 4 183839.156 -80429.6328 -11489.9473
0 4 9 4 181022.766 -79197.4609 -33941.7695
0 4 8 5 191563.766 -59863.6758 -11972.7354
0 4 9 5 188188.844 -58809.0156 -35285.4102
0 4 2 14 134574.328 109341.641 92519.8516
0 4 3 14 140593.297 114232.055 79083.7266
0 4 2 15 128596.641 120559.352 88410.1953
0 4 3 15 134265.109 125873.539 75524.1172
0 9 64 204 158173.031 -31819.9648 118320.836
0 9 65 204 158512.562 -31888.2715 117955.641
0 9 64 205 158262.547 -31219.7598 118387.805
0 9 65 205 158569.25 -31280.2637 117997.82
0 13 1048 3400 159003 -26998.6777 118301.18
0 13 1049 3400 159024.75 -27002.3711 118278.539
0 13 1048 3401 159007.938 -26960.6953 118304.852
0 13 1049 3401 159030.641 -26964.5469 118282.922
0 9 58 216 156372.438 -24127.7793 120638.891
0 9 59 216 156737.984 -24184.1836 120308.648
0 9 58 217 156351.5 -23513.7988 120622.742
0 9 59 217 156711.547 -23567.9492 120288.359
0 7 6 54 145764.922 -21636.9824 130960.68
0 7 7 54 146984.953 -21818.0801 129760.164
0 7 6 55 145782.344 -19361.7168 130976.32
0 7 7 55 147000.703 -19523.5293 129774.062
4 5 26 8 99828.8828 -71306.3438 152120.203
4 5 27 8 106626.82 -69539.2344 148350.359
4 5 26 9 101694.32 -62953.6328 154962.781
4 5 27 9 108541.883 -61349.7617 151014.797
0 17 16932 54446 159207.203 -26939.8223 118072.922
0 17 16933 54446 159208.328 -26940.0137 118071.336
0 17 16932 54447 159207.172 -26937.3906 118072.914
0 17 16933 54447 159208.297 -26937.5801 118071.305
0 10 122 422 157515.188 -27534.3945 119828.438
0 10 123 422 157689.344 -27564.8379 119652.945
0 10 122 423 157510.906 -27226.0059 119825.18
0 10 123 423 157676.156 -27254.5684 119642.938
0 8 34 98 158739.734 -36584.5469 115954.422
0 8 35 98 159354.781 -36726.3008 115158.742
0 8 34 99 158946.953 -35390.5352 116105.781
0 8 35 99 159521.953 -35518.5586 115279.531
0 12 522 1706 158944.859 -26503.7461 118393.734
0 12 523 1706 158989.219 -26511.1406 118349.148
0 12 522 1707 158946.344 -26426.3828 118394.844
0 12 523 1707 158993.938 -26434.2949 118352.672
0 16 8472 27222 159221.625 -26945.9082 118053.25
0 16 8473 27222 159224.188 -26946.3418 118050.289
0 16 8472 27223 159221.031 -26940.9492 118052.812
0 16 8473 27223 159223.703 -26941.4004 118049.922
0 14 2106 6806 159120.797 -26911.8496 118204.305
0 14 2107 6806 159131.609 -26913.6797 118192.906
0 14 2106 6807 159123.172 -26892.8242 118206.055
0 14 2107 6807 159133.906 -26894.6406 118194.609
0 14 2108 6810 159147.359 -26838.6309 118185.18
0 14 2109 6810 159155.609 -26840.0234 118171.883
0 14 2108 6811 159147.469 -26819.2246 118185.25
0 14 2109 6811 159155.984 -26820.6582 118172.156
1 3 6 0 -133503.516 -116815.57 83439.6953
1 3 7 0 -123202.117 -107801.859 107801.859
1 3 6 1 -146212.531 -91382.8281 91382.8281
1 3 7 1 -133314.656 -83321.6562 116650.312
0 8 38 100 161411.453 -34678.2383 112861.914
0 8 39 100 161973.594 -34799.0156 111989.562
0 8 38 101 161547.078 -33445.293 112956.75
0 8 39 101 162155.109 -33571.1758 112115.055
0 14 2106 6804 159116.453 -26949.9629 118201.07
0 14 2107 6804 159126.828 -26951.7188 118189.352
0 14 2106 6805 159118.906 -26930.9512 118202.898
0 14 2107 6805 159128.922 -26932.6484 118190.906
0 17 16938 54458 159214.594 -26911.9199 118063.828
0 17 16939 54458 159215.703 -26912.1094 118062.219
0 17 16938 54459 159214.703 -26909.5098 118063.906
0 17 16939 54459 159215.797 -26909.6973 118062.305
0 12 520 1696 158837.188 -27261.3613 118468.648
0 12 521 1696 158874.078 -27267.6934 118418.586
0 12 520 1697 158831.797 -27182.8848 118464.633
0 12 521 1697 158870.75 -27189.5488 118416.109
0 9 74 210 161474.547 -28699.5762 114482.938
0 9 75 210 161751.875 -28748.8672 114047.711
0 9 74 211 161603.938 -28091.3105 114574.664
0 9 75 211 161866.797 -28137 114128.734
0 12 526 1708 159124.516 -26378.3105 118216.781
0 12 527 1708 159169.656 -26385.793 118172.586
0 12 526 1709 159119.812 -26299.8301 118213.273
0 12 527 1709 159155.391 -26305.7109 118162.008
0 5 4 4 140206.25 -100773.242 100773.242
0 5 5 4 143451.359 -103105.664 94139.9453
0 5 4 5 143375.375 -94090.0859 103051.055
0 5 5 5 146599.797 -96206.1172 96206.1172
0 15 4230 13620 159202.75 -26852.832 118095.133
0 15 4231 13620 159206.969 -26853.543 118088.547
0 15 4230 13621 159202.484 -26843.0723 118094.938
0 15 4231 13621 159206.875 -26843.8086 118088.469
0 10 140 428 160588.75 -26189.7656 116520.93
0 10 141 428 160732.281 -26213.1738 116311.148
0 10 140 429 160594.391 -25877.0273 116525.031
0 10 141 429 160756.562 -25903.1582 116328.727
0 11 272 854 159854.406 -26460.2754 117315.023
0 11 273 854 159935.484 -26473.6973 117218.344
0 11 272 855 159866 -26306.0762 117323.539
0 11 273 855 159951.047 -26320.0703 117229.758
0 12 532 1708 159345.781 -26414.9883 117914.32
0 12 533 1708 159380.547 -26420.75 117862.219
0 12 532 1709 159352.078 -26338.2227 117918.984
0 12 533 1709 159390.969 -26344.6523 117869.93
0 16 8474 27226 159226.062 -26927.2227 118046.828
0 16 8475 27226 159228.016 -26927.5547 118043.414
0 16 8474 27227 159225.938 -26922.3398 118046.734
0 16 8475 27227 159227.797 -26922.6582 118043.258
0 13 1066 3406 159359.156 -26825.7168 117865.859
0 13 1067 3406 159377.031 -26828.7266 117840.172
0 13 1066 3407 159364.016 -26787.627 117869.453
0 13 1067 3407 159380.844 -26790.457 117842.992
0 15 4226 13606 159174.859 -26984.1426 118113.305
0 15 4227 13606 159179.641 -26984.9531 118107.141
0 15 4226 13607 159175.906 -26974.6035 118114.078
0 15 4227 13607 159180.516 -26975.3828 118107.789
0 11 270 856 159686.141 -26120.5332 117503.422
0 11 271 856 159782.438 -26136.2891 117418.25
0 11 270 857 159677.781 -25963.2324 117497.273
0 11 271 857 159770.516 -25978.3105 117409.484
0 7 8 46 147754.719 -40401.6797 128131.031
0 7 9 46 148972.172 -40734.5781 126859.125
0 7 8 47 147914.109 -38134.1055 128269.266
0 7 9 47 149229.984 -38473.3555 127078.656
0 12 532 1694 159315.828 -27499.0938 117892.156
0 12 533 1694 159349.578 -27504.9199 117839.328
0 12 532 1695 159314.859 -27421.1348 117891.438
0 12 533 1695 159351.734 -27427.4824 117840.914
0 6 12 32 169164.188 2643.19043 103084.43
0 6 13 32 172130.109 2689.53296 99512.7266
0 6 12 33 168576.625 7902.02979 102726.383
0 6 13 33 171408.391 8034.76855 99095.4766
0 13 1060 3410 159264.641 -26654.2754 118029.258
0 13 1061 3410 159281.484 -26657.0938 118002.852
0 13 1060 3411 159266.562 -26615.7129 118030.672
0 13 1061 3411 159284.984 -26618.793 118005.438
0 15 4236 13606 159221.688 -26992.082 118050.875
0 15 4237 13606 159227.359 -26993.041 118045.352
0 15 4236 13607 159222.188 -26982.4473 118051.25
0 15 4237 13607 159227.672 -26983.375 118045.578
0 12 520 1704 158843.828 -26642.0195 118473.609
0 12 521 1704 158888.172 -26649.4551 118429.102
0 12 520 1705 158844.359 -26564.5469 118474
0 12 521 1705 158892.984 -26572.6816 118432.68
0 10 134 432 159577.797 -24778.1934 117657.453
0 10 135 432 159765.828 -24807.3887 117484.055
0 10 134 433 159556.672 -24463.2793 117641.883
0 10 135 433 159739.031 -24491.2383 117464.344
0 5 4 20 154532.344 43462.2227 111070.125
0 5 5 20 158962.422 44708.1836 104319.094
0 5 4 21 152629.625 52466.4336 109702.547
0 5 5 21 156895.266 53932.7461 102962.516
0 18 33870 108910 159210.422 -26919.1113 118068.641
0 18 33871 108910 159210.922 -26919.1973 118067.797
0 18 33870 108911 159210.578 -26917.9238 118068.742
0 18 33871 108911 159211.078 -26918.0098 118067.898
0 16 8474 27228 159225.969 -26917.4883 118046.766
0 16 8475 27228 159227.906 -26917.8145 118043.336
0 16 8474 27229 159226.062 -26912.6445 118046.82
0 16 8475 27229 159228.047 -26912.9805 118043.438
0 8 40 102 162906.062 -32453.9395 111361.562
0 8 41 102 163477 -32567.6855 110474.703
0 8 40 103 163054.25 -31209.6035 111462.867
0 8 41 103 163646.688 -31322.9961 110589.359
0 13 1056 3410 159201.031 -26643.6289 118137.586
0 13 1057 3410 159216.297 -26646.1855 118110.047
0 13 1056 3411 159199.891 -26604.5684 118136.727
0 13 1057 3411 159213.5 -26606.8438 118107.953
0 14 2114 6798 159177.484 -27076.8828 118090.953
0 14 2115 6798 159187.5 -27078.5859 118078.961
0 14 2114 6799 159179.531 -27057.7988 118092.477
0 14 2115 6799 159188.953 -27059.4004 118080.039
0 16 8458 27220 159188.953 -26950.0957 118097.031
0 16 8459 27220 159191.391 -26950.5078 118093.992
0 16 8458 27221 159188.984 -26945.2441 118097.07
0 16 8459 27221 159191.359 -26945.6426 118093.961
0 8 28 112 155639.641 -18846.9883 120985.508
0 8 29 112 156345.203 -18932.4258 120312.516
0 8 28 113 155578.922 -17624.1738 120938.305
0 8 29 113 156291.516 -17704.8965 120271.203
0 8 24 100 153238.484 -32922.332 123907.68
0 8 25 100 153927.75 -33070.4141 123262.461
0 8 24 101 153271.109 -31731.9082 123934.062
0 8 25 101 153980.141 -31878.7012 123304.406
4 6 62 20 132230.016 -49857.2188 138733.125
4 6 63 20 134894.062 -49247.0391 137035.25
4 6 62 21 133459.859 -45945.1992 140023.453
4 6 63 21 135916.812 -45305.6016 138074.219
0 13 1066 3400 159356.078 -27058.6309 117863.586
0 13 1067 3400 159373.797 -27061.6387 117837.773
0 13 1066 3401 159349.328 -27018.5801 117858.594
0 13 1067 3401 159366.906 -27021.5605 117832.68
0 16 8456 27222 159184.203 -26939.5742 118103.227
0 16 8457 27222 159186.656 -26939.9902 118100.195
0 16 8456 27223 159184.422 -26934.7539 118103.398
0 16 8457 27223 159186.656 -26935.1328 118100.188
0 10 140 422 160347.594 -28029.5137 116345.961
0 10 141 422 160500.375 -28056.2188 116143.344
0 10 140 423 160382.969 -27722.4453 116371.625
0 10 141 423 160532.922 -27748.3652 116166.891
0 9 66 204 158782.297 -31942.5332 117536.109
0 9 67 204 159047.297 -31995.8457 117111.008
0 9 66 205 158850.719 -31335.7852 117586.758
0 9 67 205 159103.812 -31385.7129 117152.609
0 5 10 16 189132.453 5910.38916 65014.2773
0 5 11 16 192815.469 6025.4834 54229.3516
0 5 10 17 188393.656 17661.9062 64760.3203
0 5 11 17 191913 17991.8457 53975.5312
0 18 33852 108906 159200.984 -26922.375 118083.5
0 18 33853 108906 159201.609 -26922.4824 118082.75
0 18 33852 108907 159201 -26921.1621 118083.5
0 18 33853 108907 159201.609 -26921.2656 118082.742
0 11 254 848 158342.203 -27137.75 118988.602
0 11 255 848 158430.688 -27152.916 118900.375
0 11 254 849 158355.156 -26985.3242 118998.328
0 11 255 849 158439.438 -26999.6895 118906.945
3 3 2 2 -64778.4648 -172742.578 -64778.4648
3 3 3 2 -22957.1602 -183657.281 -68871.4766
3 3 2 3 -69068.7734 -184183.406 -23022.9258
3 3 3 3 -24601.0586 -196808.469 -24601.0586
0 7 6 48 145329.766 -35197.0547 130569.719
0 7 7 48 146604.25 -35505.7188 129424.062
0 7 6 49 145438.656 -32950.9453 130667.539
0 7 7 49 146707.266 -33238.3633 129515.008
0 17 16926 54446 159200.094 -26938.6211 118082.234
0 17 16927 54446 159201.312 -26938.8281 118080.703
0 17 16926 54447 159200.328 -26936.2324 118082.414
0 17 16927 54447 159201.516 -26936.4316 118080.852
2 3 2 2 -67288.2891 179435.453 67288.2891
2 3 3 2 -23466.7598 187734.078 70400.2812
2 3 2 3 -70618.3281 188315.547 23539.4434
2 3 3 3 -24901.8223 199214.578 24901.8223
0 11 254 850 158353.547 -26830.4102 118997.125
0 11 255 850 158445.984 -26846.0703 118911.844
0 11 254 851 158363.312 -26677.4141 119004.461
0 11 255 851 158446.734 -26691.4668 118912.422
0 9 62 204 157676.062 -31719.9883 119180.922
0 9 63 204 157928.625 -31770.7949 118754.922
0 9 62 205 157746.594 -31117.9805 119234.234
0 9 63 205 158028.969 -31173.6816 118830.367
0 14 2122 6812 159269.453 -26820.3379 118003.664
0 14 2123 6812 159276.969 -26821.6035 117989.789
0 14 2122 6813 159269.75 -26800.9453 118003.883
0 14 2123 6813 159277.984 -26802.332 117990.547
0 13 1048 3404 159023.031 -26846.7852 118316.094
0 13 1049 3404 159048.5 -26851.082 118296.211
0 13 1048 3405 159023.719 -26808.0762 118316.602
0 13 1049 3405 159050.266 -26812.5527 118297.531
0 18 33860 108900 159204.922 -26930.3262 118076.695
0 18 33861 108900 159205.422 -26930.4121 118075.859
0 18 33860 108901 159204.984 -26929.125 118076.75
0 18 33861 108901 159205.453 -26929.2031 118075.875
0 8 40 110 164097.172 -22435.1621 112175.805
0 8 41 110 164694.422 -22516.8145 111297.406
0 8 40 111 164176.062 -21163.3223 112229.734
0 8 41 111 164787.328 -21242.1152 111360.188
0 13 1062 3396 159266 -27198.8672 117952.484
0 13 1063 3396 159283.859 -27201.9219 117926.844
0 13 1062 3397 159267.609 -27160.2617 117953.695
0 13 1063 3397 159282.172 -27162.7441 117925.586
0 11 262 842 158969.047 -28176.6445 118217.703
0 11 263 842 159056 -28192.0547 118127.039
0 11 262 843 158982.516 -28023.7734 118227.711
0 11 263 843 159066.453 -28038.5684 118134.812
0 14 2124 6810 159281.156 -26861.1973 117973.445
0 14 2125 6810 159290.188 -26862.7168 117960.68
0 14 2124 6811 159284.609 -26842.334 117976
0 14 2125 6811 159292.562 -26843.6758 117962.445
0 16 8466 27234 159211.234 -26885.8457 118074.703
0 16 8467 27234 159213.484 -26886.2246 118071.508
0 16 8466 27235 159211.609 -26881.0508 118074.984
0 16 8467 27235 159213.938 -26881.4453 118071.852
0 10 136 418 159638.547 -29152.7422 117078.656
0 10 137 418 159764.625 -29175.7676 116859.094
0 10 136 419 159668.625 -28846.3809 117100.711
0 10 137 419 159819.609 -28873.6602 116899.297
0 9 56 208 155879.375 -28922.9297 121476.305
0 9 57 208 156215.891 -28985.3691 121128.336
0 9 56 209 155852.5 -28309.1465 121455.367
0 9 57 209 156198.328 -28371.9609 121114.727
0 10 130 432 158867.156 -24667.8496 118374.648
0 10 131 432 159047.969 -24695.9238 118198.734
0 10 130 433 158828.391 -24351.6191 118345.766
0 10 131 433 159019.234 -24380.8809 118177.391
0 17 16926 54460 159202.266 -26904.9805 118083.836
0 17 16927 54460 159203.594 -26905.2031 118082.398
0 17 16926 54461 159202.531 -26902.5957 118084.039
0 17 16927 54461 159203.859 -26902.8184 118082.594
0 14 2116 6798 159197.328 -27080.2578 118066.812
0 14 2117 6798 159207.828 -27082.0449 118055.172
0 14 2116 6799 159198.969 -27061.1035 118068.031
0 14 2117 6799 159208.922 -27062.7949 118055.977
0 15 4236 13620 159228.422 -26857.1641 118055.859
0 15 4237 13620 159232.188 -26857.7969 118048.93
0 15 4236 13621 159230.016 -26847.7109 118057.039
0 15 4237 13621 159233.984 -26848.3809 118050.258
0 7 24 50 167570.078 -35346.8125 103422.156
0 7 25 50 168725.125 -35590.457 101498.703
0 7 24 51 167922.812 -32797.4219 103639.852
0 7 25 51 169072.203 -33021.9141 101707.492
0 7 22 58 167191.797 -14368.0459 108413.43
0 7 23 58 168532.469 -14483.2588 106649.453
0 7 22 59 166996.484 -11741.9404 108286.781
0 7 23 59 168496.391 -11847.4023 106626.617
2 3 0 0 -110681.961 126493.664 110681.961
2 3 1 0 -85928.7891 137486.062 120300.297
2 3 0 1 -119917.523 137048.594 85655.375
2 3 1 1 -94414.0078 151062.422 94414.0078
0 18 33852 108908 159201 -26919.9473 118083.5
0 18 33853 108908 159201.609 -26920.0527 118082.742
0 18 33852 108909 159200.969 -26918.7285 118083.492
0 18 33853 108909 159201.641 -26918.8418 118082.766
4 6 60 26 129756.734 -25040.7715 145691.766
4 6 61 26 132261.328 -24658.8926 143469.922
4 6 60 27 129966.609 -20521.0449 145927.422
4 6 61 27 132464.156 -20206.3984 143689.938
4 6 60 24 129246.977 -34012.3633 145119.422
4 6 61 24 131764.906 -33499.5508 142931.422
4 6 60 25 129483.703 -29531.3711 145385.203
4 6 61 25 132015.172 -29088.0898 143202.906
0 16 8464 27234 159207.297 -26885.1816 118081.492
0 16 8465 27234 159209.234 -26885.5059 118078.078
0 16 8464 27235 159207.516 -26880.3574 118081.656
0 16 8465 27235 159209.531 -26880.6992 118078.305
0 7 14 44 153514.172 -46773.8477 118733.609
0 7 15 44 154685 -47130.5859 117222.227
0 7 14 45 153989.875 -44512.6992 119101.547
0 7 15 45 155187.734 -44858.957 117603.203
0 12 522 1694 158905.078 -27428.1953 118364.117
0 12 523 1694 158943.703 -27434.8613 118315.266
0 12 522 1695 158912.188 -27351.8301 118369.406
0 12 523 1695 158954.719 -27359.1504 118323.469
0 11 264 842 159137.984 -28206.5859 118032.523
0 11 265 842 159218.766 -28220.9023 117936.938
0 11 264 843 159169.781 -28056.7832 118056.094
0 11 265 843 159250.922 -28071.084 117960.766
0 8 22 104 151791.891 -27868.041 125109.727
0 8 23 104 152464.5 -27991.5273 124472.961
0 8 22 105 151792.672 -26682.3047 125110.367
0 8 23 105 152494.312 -26805.6406 124497.312
0 7 16 60 158179.609 -8650.44727 117398.93
0 7 17 60 159511.953 -8723.30957 115895.398
0 7 16 61 158046.266 -6173.68213 117299.969
0 7 17 61 159378.688 -6225.72998 115798.586
0 11 256 854 158470.672 -26231.2266 118775.625
0 11 257 854 158567.766 -26247.3008 118693.539
0 11 256 855 158456.594 -26074.1562 118765.07
0 11 257 855 158541.594 -26088.1426 118673.945
0 4 8 8 199595.797 12474.7373 -12474.7373
0 4 9 8 196883.609 12305.2256 -36915.6797
0 4 8 9 196574.578 36857.7344 -12285.9111
0 4 9 9 192669.344 36125.5039 -36125.5039
4 4 8 6 12351.4482 -37054.3438 197623.172
4 4 9 6 36234.3594 -36234.3594 193249.922
4 4 8 7 12525.0078 -12525.0078 200400.125
4 4 9 7 36985.7656 -12328.5889 197257.422
1 3 6 2 -157840.516 -59190.1914 98650.3281
1 3 7 2 -141716.594 -53143.7227 124002.023
1 3 6 3 -165246.453 -20655.8066 103279.031
1 3 7 3 -147020.234 -18377.5293 128642.703
0 14 2108 6800 159124.906 -27029.0918 118168.5
0 14 2109 6800 159135.344 -27030.8633 118156.836
0 14 2108 6801 159128.453 -27010.2676 118171.133
0 14 2109 6801 159138.281 -27011.9355 118159.008
0 18 33854 108902 159202.109 -26927.4238 118081.906
0 18 33855 108902 159202.625 -26927.5098 118081.062
0 18 33854 108903 159202.141 -26926.2129 118081.922
0 18 33855 108903 159202.672 -26926.3047 118081.109
0 6 0 18 135032.125 -56966.6797 132922.25
0 6 1 18 137353.266 -57945.9102 130914.828
0 6 0 19 136031.578 -53137.3359 133906.078
0 6 1 19 138383.844 -54056.1914 131897.109
3 4 10 14 46344.3633 -148301.969 120495.344
3 4 11 14 62960.0703 -143908.734 116925.844
3 4 10 15 43636.5859 -139637.078 130909.766
3 4 11 15 59539.1562 -136089.5 127583.898
0 15 4222 13612 159160.891 -26923.4863 118141.797
0 15 4223 13612 159164.203 -26924.0469 118134.539
0 15 4222 13613 159161.125 -26913.8145 118141.969
0 15 4223 13613 159164.547 -26914.3926 118134.805
0 10 122 426 157453.844 -26293.5625 119781.789
0 10 123 426 157636.891 -26324.1289 119613.141
0 10 122 427 157447.875 -25985.0488 119777.25
0 10 123 427 157610.734 -26011.9277 119593.305
0 16 8470 27220 159217.562 -26954.9375 118059.953
0 16 8471 27220 159220.234 -26955.3906 118057.086
0 16 8470 27221 159217.312 -26950.0391 118059.781
0 16 8471 27221 159219.875 -26950.4707 118056.812
0 12 536 1706 159491.078 -26594.8262 117710.336
0 12 537 1706 159537.266 -26602.5273 117666.531
0 12 536 1707 159494.734 -26517.5566 117713.039
0 12 537 1707 159538.828 -26524.8867 117667.672
3 4 12 10 93159.5547 -165616.984 51755.3086
3 4 13 10 107885.594 -156924.5 49038.9062
3 4 12 11 90027.2344 -160048.422 70021.1797
3 4 13 11 104973.234 -152688.344 66801.1484
0 14 2110 6812 159166.312 -26802.9727 118160.391
0 14 2111 6812 159173.875 -26804.2422 118146.57
0 14 2110 6813 159168.672 -26783.9375 118162.156
0 14 2111 6813 159176.625 -26785.2773 118148.625
0 17 16936 54460 159212.75 -26906.75 118067.312
0 17 16937 54460 159213.828 -26906.9316 118065.695
0 17 16936 54461 159212.969 -26904.3574 118067.484
0 17 16937 54461 159214.078 -26904.5449 118065.875
0 18 33862 108900 159205.859 -26930.4883 118074.969
0 18 33863 108900 159206.344 -26930.5703 118074.109
0 18 33862 108901 159205.906 -26929.2793 118075.008
0 18 33863 108901 159206.375 -26929.3613 118074.141
5 3 2 0 54597.8398 -127394.961 -145594.25
5 3 3 0 18884.5488 -132191.844 -151076.391
5 3 2 1 60938.0664 -101563.453 -162501.516
5 3 3 1 21239.6055 -106198.016 -169916.844
4 6 62 30 135142.125 -6646.3335 141788.453
4 6 63 30 137382.5 -6542.02295 139563.156
4 6 62 31 135136.469 -2215.35181 141782.516
4 6 63 31 137375.375 -2180.56152 139555.938
0 18 33870 108906 159209.922 -26923.8867 118068.266
0 18 33871 108906 159210.438 -26923.9727 118067.43
0 18 33870 108907 159210.016 -26922.6855 118068.336
0 18 33871 108907 159210.531 -26922.7734 118067.5
0 18 33854 108912 159202.391 -26915.3223 118082.109
0 18 33855 108912 159203.062 -26915.4375 118081.391
0 18 33854 108913 159202.469 -26914.123 118082.172
0 18 33855 108913 159203.109 -26914.2305 118081.438
3 3 0 4 -128855.461 -147263.375 18407.9219
3 3 1 4 -104770.242 -167632.391 20954.0488
3 3 0 5 -125242.32 -143134.078 53675.2812
3 3 1 5 -100974.562 -161559.297 60584.7305
4 5 30 20 128574.875 39902.5469 141875.719
4 5 31 20 133299.094 38699.7344 137599.062
4 5 30 21 127243.906 48264.9297 140407.078
4 5 31 21 132005.016 46840.4922 136263.25
0 14 2112 6798 159158.141 -27073.5938 118115.469
0 14 2113 6798 159166.906 -27075.084 118102.547
0 14 2112 6799 159160.469 -27054.5586 118117.188
0 14 2113 6799 159170.172 -27056.209 118104.961
4 4 8 4 11463.0869 -80241.6094 183409.391
4 4 9 4 33422.6016 -77986.0703 178253.875
4 4 8 5 11951.8691 -59759.3438 191229.906
4 4 9 5 35176.2891 -58627.1484 187606.859
0 11 256 844 158517.141 -27786.9375 118810.445
0 11 257 844 158596.906 -27800.9238 118715.359
0 11 256 845 158516.391 -27632.0078 118809.891
0 11 257 845 158607.75 -27647.9316 118723.469
0 18 33858 108900 159203.969 -26930.166 118078.422
0 18 33859 108900 159204.453 -26930.248 118077.57
0 18 33858 108901 159204.031 -26928.9609 118078.469
0 18 33859 108901 159204.531 -26929.0469 118077.617
0 9 60 218 157028.047 -23002.1562 119917.914
0 9 61 218 157370.453 -23052.3125 119564.656
0 9 60 219 156986.797 -22382.8828 119886.406
0 9 61 219 157349.938 -22434.6602 119549.078
0 8 38 112 162794.703 -19713.4199 113829.102
0 8 39 112 163521.453 -19801.4258 113059.758
0 8 38 113 162685.172 -18429.1797 113752.523
0 8 39 113 163468.375 -18517.9023 113023.055
0 6 16 26 178241.938 -30635.332 86335.9375
0 6 17 26 180508.297 -31024.8613 81792.8203
0 6 16 27 178906.031 -25158.6602 86657.6094
0 6 17 27 181159.156 -25475.5059 82087.7422
0 9 56 214 155698.094 -25240.1211 121335.039
0 9 57 214 156034.625 -25294.6738 120987.781
0 9 56 215 155718.375 -24635.1328 121350.836
0 9 57 215 156046.594 -24687.0586 120997.062
0 7 12 44 151261.938 -46087.6211 121718.594
0 7 13 44 152390.172 -46431.3828 120245.367
0 7 12 45 151738.266 -43861.8438 122101.891
0 7 13 45 152865.703 -44187.7422 120620.602
0 12 538 1702 159573.516 -26920.2383 117615.344
0 12 539 1702 159606.25 -26925.7598 117561.531
0 12 538 1703 159573.25 -26842.2773 117615.148
0 12 539 1703 159609.281 -26848.3398 117563.773
3 4 14 8 123259.195 -151703.625 9481.47656
3 4 15 8 134199.453 -143146.078 8946.62988
3 4 14 9 122470.688 -150733.156 28262.4668
3 4 15 9 133639 -142548.266 26727.8008
0 7 24 56 169266.188 -19835.8809 104468.969
0 7 25 56 170436.797 -19973.0625 102528.391
0 7 24 57 169513.469 -17216.2109 104621.594
0 7 25 57 170650.438 -17331.6855 102656.898
0 7 14 60 155571.156 -8507.79785 120324.57
0 7 15 60 156849.016 -8577.67969 118862.133
0 7 14 61 155444.406 -6072.04688 120226.531
0 7 15 61 156746.562 -6122.9126 118784.5
0 16 8468 27234 159215.812 -26886.6172 118068.383
0 16 8469 27234 159217.906 -26886.9727 118065.07
0 16 8468 27235 159216.344 -26881.8496 118068.773
0 16 8469 27235 159218.484 -26882.209 118065.5
0 11 260 842 158809.641 -28148.3887 118409.336
0 11 261 842 158887.906 -28162.2617 118312.516
0 11 260 843 158799.188 -27991.459 118401.539
0 11 261 843 158880.734 -28005.834 118307.188
0 16 8472 27232 159221.891 -26897.3613 118053.453
0 16 8473 27232 159223.812 -26897.6855 118050.016
0 16 8472 27233 159222.359 -26892.584 118053.797
0 16 8473 27233 159224.203 -26892.8965 118050.305
0 8 22 106 151759.188 -25490.8008 125082.758
0 8 23 106 152426.844 -25602.9453 124442.219
0 8 22 107 151779.203 -24308.3887 125099.258
0 8 23 107 152429.875 -24412.5957 124444.703
0 7 16 44 155826.859 -47478.4961 115652.742
0 7 17 44 157009.156 -47838.7305 114076.969
0 7 16 45 156316.938 -45185.3672 116016.484
0 7 17 45 157466.312 -45517.6055 114409.117
0 9 72 218 161354.125 -23635.8574 115658.133
0 9 73 218 161717.906 -23689.1465 115287.172
0 9 72 219 161364.906 -23007.1055 115665.859
0 9 73 219 161710.672 -23056.4043 115282.023
0 4 8 2 164062.953 -112793.289 -10253.9346
0 4 9 2 161784.406 -111226.781 -30334.5762
0 4 8 3 174224.969 -98001.5391 -10889.0605
0 4 9 3 172160.641 -96840.3516 -32280.1172
0 17 16940 54454 159216.016 -26921.877 118060.031
0 17 16941 54454 159217.172 -26922.0762 118058.461
0 17 16940 54455 159216.266 -26919.4902 118060.211
0 17 16941 54455 159217.406 -26919.6836 118058.625
0 7 18 60 160879.891 -8798.11914 114375.547
0 7 19 60 162282.047 -8874.7998 112836.734
0 7 18 61 160730.719 -6278.54395 114269.5
0 7 19 61 162114.359 -6332.5918 112720.141
0 6 10 18 156659.109 -66090.5625 105255.336
0 6 11 18 158758.156 -66976.0938 101704.438
0 6 10 19 157916.656 -61686.1953 106100.25
0 6 11 19 160087.406 -62534.1445 102556
2 4 14 0 101861.148 125367.578 117532.094
2 4 15 0 111770.117 119221.453 111770.117
2 4 14 1 106770.641 131410.016 106770.641
2 4 15 1 116474.328 124239.289 100944.422
0 5 8 6 160178.938 -95106.25 75083.875
0 5 9 6 163283.734 -96949.7109 66334.0156
0 5 8 7 163851.359 -87046.0391 76805.3281
0 5 9 7 167155.688 -88801.4531 67906.9922
0 15 4222 13610 159160.25 -26942.8086 118141.32
0 15 4223 13610 159163.641 -26943.3828 118134.117
0 15 4222 13611 159160.562 -26933.1445 118141.547
0 15 4223 13611 159163.891 -26933.709 118134.305
0 16 8464 27218 159202.188 -26962.0508 118077.711
0 16 8465 27218 159204.156 -26962.3848 118074.32
0 16 8464 27219 159202.531 -26957.2539 118077.969
0 16 8465 27219 159204.453 -26957.5781 118074.523
0 17 16922 54448 159195.656 -26933.0117 118088.656
0 17 16923 54448 159196.938 -26933.2285 118087.172
0 17 16922 54449 159195.797 -26930.6074 118088.758
0 17 16923 54449 159197.156 -26930.8379 118087.352
0 11 258 856 158642.875 -25949.8848 118594.844
0 11 259 856 158741.484 -25966.0137 118513.531
0 11 258 857 158635.875 -25793.8203 118589.617
0 11 259 857 158740.938 -25810.9043 118513.133
0 9 74 216 161943.328 -24987.3496 114815.297
0 9 75 216 162265.781 -25037.1035 114410.055
0 9 74 217 161993.203 -24362.2598 114850.648
0 9 75 217 162290.672 -24406.9961 114427.602
0 14 2106 6808 159125.078 -26873.7246 118207.477
0 14 2107 6808 159136.516 -26875.6523 118196.547
0 14 2106 6809 159125.891 -26854.4355 118208.078
0 14 2107 6809 159137.312 -26856.3613 118197.133
0 14 2116 6814 159221.281 -26773.3516 118084.578
0 14 2117 6814 159229.938 -26774.8105 118071.555
0 14 2116 6815 159224.078 -26754.3906 118086.664
0 14 2117 6815 159231.328 -26755.6055 118072.594
0 16 8474 27224 159226.203 -26936.9648 118046.93
0 16 8475 27224 159228.594 -26937.3691 118043.844
0 16 8474 27225 159226.156 -26932.0957 118046.898
0 16 8475 27225 159228.297 -26932.459 118043.625
0 12 538 1700 159563.453 -27074.3633 117607.93
0 12 539 1700 159593.797 -27079.5117 117552.359
0 12 538 1701 159567.953 -26997.2148 117611.242
0 12 539 1701 159599.594 -27002.5684 117556.633
1 3 6 4 -168214.312 21026.7891 105133.938
1 3 7 4 -149488.141 18686.0176 130802.133
1 3 6 5 -162350.172 60881.3086 101468.859
1 3 7 5 -145365.328 54511.9961 127194.656
0 11 264 858 159191.047 -25728.6309 118071.875
0 11 265 858 159283.531 -25743.5781 117984.922
0 11 264 859 159201.219 -25574.8066 118079.422
0 11 265 859 159283.5 -25588.0234 117984.898
0 14 2106 6802 159112.906 -26988.2051 118198.43
0 14 2107 6802 159122.656 -26989.8594 118186.258
0 14 2106 6803 159116.344 -26969.3652 118200.992
0 14 2107 6803 159124.891 -26970.8145 118187.914
2 3 4 6 21269.9629 170159.703 -106349.805
2 3 5 6 61146.1836 163056.5 -101910.312
2 3 4 7 18994.8145 151958.516 -132963.703
2 3 5 7 54868.0547 146314.812 -128025.461
0 8 26 98 154314.172 -35564.5938 122366.312
0 8 27 98 154807.016 -35678.1797 121547.695
0 8 26 99 154490.312 -34398.2344 122505.984
0 8 27 99 155057.922 -34524.6133 121744.695
0 10 136 432 159926.359 -24832.3164 117289.742
0 10 137 432 160094.75 -24858.4629 117100.555
0 10 136 433 159913.797 -24518.0312 117280.523
0 10 137 433 160089.125 -24544.9141 117096.438
0 12 518 1700 158752.641 -26936.7871 118560.633
0 12 519 1700 158794.094 -26943.8223 118514.039
0 12 518 1701 158757.062 -26860.0215 118563.93
0 12 519 1701 158802.703 -26867.7422 118520.469
0 13 1062 3410 159298.953 -26660.0156 117976.891
0 13 1063 3410 159313.609 -26662.4707 117948.852
0 13 1062 3411 159302.906 -26621.7871 117979.828
0 13 1063 3411 159318.438 -26624.3809 117952.43
0 10 124 418 157840.312 -28824.3555 119459.234
0 10 125 418 158012.125 -28855.7285 119280.633
0 10 124 419 157839.266 -28515.8809 119458.43
0 10 125 419 158004.219 -28545.6836 119274.664
0 8 22 102 151815.75 -30244.5449 125129.383
0 8 23 102 152521.422 -30385.127 124519.445
0 8 22 103 151796.094 -29054.7188 125113.18
0 8 23 103 152514.266 -29192.1836 124513.602
1 3 6 6 -150490.047 94056.2734 94056.2734
1 3 7 6 -136708.328 85442.7109 119619.789
1 3 6 7 -136900.266 119787.727 85562.6719
1 3 7 7 -126361.938 110566.703 110566.703
0 13 1050 3396 159032.953 -27159.0684 118245.812
0 13 1051 3396 159051.969 -27162.3184 118221.117
0 13 1050 3397 159031.609 -27120.0156 118244.812
0 13 1051 3397 159050.031 -27123.1543 118219.68
0 15 4222 13614 159161.734 -26904.2012 118142.43
0 15 4223 13614 159165.109 -26904.7695 118135.211
0 15 4222 13615 159162.984 -26894.6973 118143.352
0 15 4223 13615 159166.094 -26895.2227 118135.938
0 15 4240 13618 159239.734 -26878.5078 118025.375
0 15 4241 13618 159243.875 -26879.209 118018.719
0 15 4240 13619 159241.516 -26869.0898 118026.695
0 15 4241 13619 159246.031 -26869.8516 118020.328
0 16 8462 27218 159198.141 -26961.3652 118084.422
0 16 8463 27218 159200.203 -26961.7168 118081.094
0 16 8462 27219 159198.922 -26956.6406 118085
0 16 8463 27219 159200.797 -26956.9609 118081.539
0 11 272 846 159767.844 -27694.1328 117251.5
0 11 273 846 159832.641 -27705.3633 117142.969
0 11 272 847 159775.266 -27539.3887 117256.938
0 11 273 847 159842.031 -27550.8965 117149.852
0 18 33852 108904 159201 -26924.8066 118083.516
0 18 33853 108904 159201.594 -26924.9082 118082.742
0 18 33852 108905 159201 -26923.5898 118083.5
0 18 33853 108905 159201.609 -26923.6953 118082.75
0 6 0 32 139457.109 2179.01733 137278.094
0 6 1 32 141639.078 2213.1106 134999.75
0 6 0 33 139343.25 6531.71484 137166.016
0 6 1 33 141502.266 6632.91846 134869.344
0 11 266 858 159373.578 -25758.1328 117895.992
0 11 267 858 159452.203 -25770.8398 117798.422
0 11 266 859 159372.172 -25602.2676 117894.938
0 11 267 859 159457.094 -25615.9082 117802.031
0 18 33856 108914 159203.812 -26913.1348 118080.734
0 18 33857 108914 159204.391 -26913.2344 118079.961
0 18 33856 108915 159203.875 -26911.9316 118080.781
0 18 33857 108915 159204.484 -26912.0332 118080.016
0 17 16934 54446 159209.5 -26940.2109 118069.773
0 17 16935 54446 159210.672 -26940.4121 118068.211
0 17 16934 54447 159209.453 -26937.7773 118069.742
0 17 16935 54447 159210.641 -26937.9766 118068.188
0 5 0 2 120547.219 -101711.719 116780.117
0 5 1 2 123495.336 -104199.188 111917.641
0 5 0 3 123046.141 -96129.7969 119200.953
0 5 1 3 126210.016 -98601.5781 114377.828
0 14 2118 6814 159239.094 -26776.3477 118058.914
0 14 2119 6814 159247.875 -26777.8262 118045.992
0 14 2118 6815 159239.781 -26757.0254 118059.414
0 14 2119 6815 159247.875 -26758.3848 118045.977
0 13 1054 3410 159163.062 -26637.2773 118187.125
0 13 1055 3410 159183.094 -26640.627 118163.125
0 13 1054 3411 159164.031 -26598.582 118187.852
0 13 1055 3411 159183.859 -26601.8926 118163.695
0 9 68 204 159329.344 -32052.584 116696.289
0 9 69 204 159585.938 -32104.2012 116260.852
0 9 68 205 159384.375 -31441.0566 116736.602
0 9 69 205 159675.141 -31498.416 116325.828
0 10 122 420 157517.906 -28150.1719 119830.508
0 10 123 420 157695.359 -28181.8848 119657.516
0 10 122 421 157521.906 -27843.2266 119833.555
0 10 123 421 157702.172 -27875.0918 119662.688
0 11 270 844 159631.75 -27982.3223 117463.398
0 11 271 844 159694.141 -27993.2598 117353.359
0 11 270 845 159644.828 -27828.7129 117473.023
0 11 271 845 159704.469 -27839.1074 117360.945
0 14 2118 6798 159219.266 -27083.9883 118044.211
0 14 2119 6798 159227.797 -27085.4414 118031.102
0 14 2118 6799 159220.422 -27064.752 118045.078
0 14 2119 6799 159231.234 -27066.5898 118033.656
0 14 2124 6802 159278.297 -27016.2578 117971.32
0 14 2125 6802 159286.031 -27017.5703 117957.602
0 14 2124 6803 159279.609 -26997.0371 117972.289
0 14 2125 6803 159287.141 -26998.3145 117958.43
0 9 60 204 157095.969 -31603.293 119969.781
0 9 61 204 157377.562 -31659.9395 119570.07
0 9 60 205 157161.891 -31002.6387 120020.117
0 9 61 205 157463.281 -31062.0938 119635.188
0 14 2122 6800 159258.688 -27051.8145 117995.68
0 14 2123 6800 159266.359 -27053.1172 117981.922
0 14 2122 6801 159260.953 -27032.7598 117997.367
0 14 2123 6801 159268.125 -27033.9766 117983.234
4 6 60 28 130150.453 -15983.3896 146133.844
4 6 61 28 132622.906 -15734.9229 143862.141
4 6 60 29 130275.812 -11427.7031 146274.594
4 6 61 29 132730.609 -11248.3564 143978.969
0 6 16 28 179402.344 -19622.1309 86898.0156
0 6 17 28 181686.375 -19871.9492 82326.6406
0 6 16 29 179725.875 -14041.084 87054.7188
0 6 17 29 182036.688 -14221.6162 82485.3672
0 11 254 846 158341.125 -27446.8262 118987.797
0 11 255 846 158429.688 -27462.1777 118899.617
0 11 254 847 158344.188 -27292.7266 118990.086
0 11 255 847 158436.391 -27308.6172 118904.656
4 6 60 22 128965.898 -42988.6328 144803.812
4 6 61 22 131466.359 -42336.625 142607.578
4 6 60 23 129073.344 -38495.5586 144924.469
4 6 61 23 131514.719 -37894.0742 142660.031
0 13 1048 3398 158993.328 -27074.6719 118293.984
0 13 1049 3398 159012.609 -27077.9551 118269.508
0 13 1048 3399 158997.688 -27036.5957 118297.234
0 13 1049 3399 159018.031 -27040.0508 118273.547
5 3 2 2 66557.2422 -66557.2422 -177485.984
5 3 3 2 23380.0176 -70140.0469 -187040.141
5 3 2 3 69665.5703 -23221.8594 -185774.875
5 3 3 3 24767.2383 -24767.2383 -198137.906
0 15 4228 13620 159193.359 -26851.248 118107.602
0 15 4229 13620 159198 -26852.0332 118101.328
0 15 4228 13621 159193.922 -26841.627 118108.016
0 15 4229 13621 159198.203 -26842.3496 118101.477
0 16 8474 27230 159225.969 -26907.7695 118046.75
0 16 8475 27230 159228 -26908.1133 118043.406
0 16 8474 27231 159225.766 -26902.875 118046.609
0 16 8475 27231 159227.828 -26903.2246 118043.281
0 17 16940 54456 159216.516 -26917.1035 118060.391
0 17 16941 54456 159217.672 -26917.3008 118058.82
0 17 16940 54457 159216.703 -26914.709 118060.539
0 17 16941 54457 159217.891 -26914.9102 118058.992
0 16 8462 27234 159202.078 -26884.2988 118087.336
0 16 8463 27234 159204.891 -26884.7754 118084.57
0 16 8462 27235 159202.344 -26879.4844 118087.547
0 16 8463 27235 159205.078 -26879.9453 118084.711
0 8 24 110 153033.172 -20922.5039 123741.672
0 8 25 110 153689.734 -21012.2676 123071.859
0 8 24 111 153007 -19723.5586 123720.5
0 8 25 111 153685.188 -19810.9805 123068.211
0 11 254 852 158351.438 -26520.7715 118995.539
0 11 255 852 158434.219 -26534.6348 118903.016
0 11 254 853 158328.641 -26362.3379 118978.406
0 11 255 853 158416.938 -26377.0371 118890.055
0 11 266 842 159293.203 -28234.0977 117836.523
0 11 267 842 159374.781 -28248.5586 117741.242
0 11 266 843 159323.484 -28083.877 117858.922
0 11 267 843 159406.547 -28098.5176 117764.695
0 15 4242 13614 159247.844 -26918.7559 118011.945
0 15 4243 13614 159252.672 -26919.5723 118005.805
0 15 4242 13615 159246.609 -26908.8281 118011.023
0 15 4243 13615 159251.156 -26909.5977 118004.68
0 8 42 106 164658.578 -27657.4941 109986.789
0 8 43 106 165198.062 -27748.1113 109056.539
0 8 42 107 164793.719 -26392.7422 110077.047
0 8 43 107 165349.578 -26481.7676 109156.555
4 4 8 8 12526.8037 12526.8037 200428.859
4 4 9 8 37000.9062 12333.6357 197338.172
4 4 8 9 12341.7793 37025.3398 197468.469
4 4 9 9 36304.4922 36304.4922 193623.953
0 16 8458 27232 159191.25 -26892.1875 118098.75
0 16 8459 27232 159193.562 -26892.5762 118095.594
0 16 8458 27233 159192.125 -26887.4746 118099.398
0 16 8459 27233 159194.141 -26887.8164 118096.031
0 13 1056 3394 159140.359 -27255.1191 118092.562
0 13 1057 3394 159158.5 -27258.2266 118067.172
0 13 1056 3395 159140 -27216.2031 118092.289
0 13 1057 3395 159160.641 -27219.7324 118068.75
4 5 24 12 91010.2031 -37474.7891 171313.328
4 5 25 12 99224.8047 -36556.5078 167115.469
4 5 24 13 92400.7422 -27176.6914 173930.812
4 5 25 13 100108.367 -26344.3066 168603.562
0 6 16 24 176574.062 -41384.5469 85528.0625
0 6 17 24 178735.141 -41891.0508 80989.3672
0 6 16 25 177474.484 -36049.5039 85964.2109
0 6 17 25 179674.594 -36496.4023 81415.0469
0 4 6 12 172596.656 97085.6172 32361.873
0 4 7 12 175196.75 98548.1719 10949.7969
0 4 6 13 164037.562 112775.828 30757.043
0 4 7 13 165868.406 114034.531 10366.7754
0 16 8456 27230 159185.469 -26900.9258 118104.172
0 16 8457 27230 159187.797 -26901.3203 118101.055
0 16 8456 27231 159185.75 -26896.1152 118104.383
0 16 8457 27231 159188.094 -26896.5098 118101.266
0 18 33868 108914 159209.938 -26914.1719 118070.703
0 18 33869 108914 159210.453 -26914.2559 118069.875
0 18 33868 108915 159210.031 -26912.9707 118070.766
0 18 33869 108915 159210.531 -26913.0566 118069.938
0 12 534 1708 159425.891 -26428.2676 117817.914
0 12 535 1708 159461.312 -26434.1387 117766.227
0 12 534 1709 159428.453 -26350.8457 117819.797
0 12 535 1709 159469.5 -26357.6289 117772.273
0 12 536 1696 159471.859 -27370.2949 117696.156
0 12 537 1696 159510.984 -27377.0078 117647.133
0 12 536 1697 159470.891 -27292.2578 117695.438
0 12 537 1697 159514.453 -27299.7148 117649.695
0 8 36 98 159922.703 -36857.1836 114319.75
0 8 37 98 160470.516 -36983.4375 113457.664
0 8 36 99 160063.438 -35639.1289 114420.359
0 8 37 99 160644.062 -35768.4062 113580.375
0 16 8466 27218 159206.234 -26962.7383 118071
0 16 8467 27218 159208.562 -26963.1328 118067.867
0 16 8466 27219 159206.625 -26957.9453 118071.281
0 16 8467 27219 159208.984 -26958.3457 118068.164
0 5 6 20 163449.328 45970.125 97048.0312
0 5 7 20 167899.281 47221.6758 89196.5
0 5 6 21 161159.047 55398.418 95688.1797
0 5 7 21 165411.016 56860.0391 87874.6016
0 17 16940 54452 159215.812 -26926.7051 118059.875
0 17 16941 54452 159216.984 -26926.9023 118058.305
0 17 16940 54453 159215.859 -26924.2812 118059.914
0 17 16941 54453 159217.031 -26924.4785 118058.344
4 4 12 14 80271.0234 115947.031 142704.047
4 4 13 14 93325.0078 110293.195 135745.469
4 4 12 15 76187.4453 126979.078 135444.344
4 4 13 15 90005.2656 122734.445 130916.742
0 10 130 416 158739.203 -29608.5801 118279.305
0 10 131 416 158898.516 -29638.2969 118087.664
0 10 130 417 158750.984 -29300.7188 118288.094
0 10 131 417 158926.234 -29333.0645 118108.273
0 12 524 1708 159034.922 -26363.457 118305.523
0 12 525 1708 159079.391 -26370.8281 118260.922
0 12 524 1709 159027.062 -26284.5039 118299.672
0 12 525 1709 159079 -26293.0879 118260.641
0 5 10 8 174179.984 -81646.8672 59874.3672
0 5 11 8 177006.062 -82971.5938 49782.957
0 5 10 9 177833.281 -72244.7734 61130.1914
0 5 11 9 180860.156 -73474.4375 50866.9219
4 4 8 2 10116.4053 -111280.469 161862.484
4 4 9 2 29997.2715 -109989.992 159985.438
4 4 8 3 10743.2461 -96689.2109 171891.938
4 4 9 3 31683.2676 -95049.8047 168977.438
0 9 66 220 159115.578 -22064.8535 117782.82
0 9 67 220 159472.781 -22114.3906 117424.297
0 9 66 221 159057.906 -21435.5371 117740.125
0 9 67 221 159445.297 -21487.7441 117404.062
0 17 16920 54452 159193 -26922.8457 118091.539
0 17 16921 54452 159194.438 -26923.0879 118090.18
0 17 16920 54453 159193 -26920.418 118091.539
0 17 16921 54453 159194.391 -26920.6543 118090.148
0 15 4242 13612 159251.141 -26938.7539 118014.391
0 15 4243 13612 159255.609 -26939.5098 118007.984
0 15 4242 13613 159249.766 -26928.8008 118013.375
0 15 4243 13613 159254.406 -26929.584 118007.078
0 14 2114 6814 159205.281 -26770.666 118111.586
0 14 2115 6814 159213.266 -26772.0039 118098.07
0 14 2114 6815 159208.016 -26751.6895 118113.609
0 14 2115 6815 159215.938 -26753.0215 118100.062
0 18 33870 108912 159210.719 -26916.7305 118068.852
0 18 33871 108912 159211.219 -26916.8164 118068.016
0 18 33870 108913 159210.812 -26915.5332 118068.922
0 18 33871 108913 159211.359 -26915.623 118068.109
0 12 518 1698 158752.719 -27091.834 118560.688
0 12 519 1698 158789.984 -27098.1934 118510.977
0 12 518 1699 158751.516 -27014.1133 118559.789
0 12 519 1699 158789.531 -27020.584 118510.641
0 18 33864 108900 159206.844 -26930.6504 118073.258
0 18 33865 108900 159207.328 -26930.7344 118072.406
0 18 33864 108901 159206.844 -26929.4375 118073.266
0 18 33865 108901 159207.312 -26929.5195 118072.398
0 10 128 432 158482.844 -24608.1758 118707.359
0 10 129 432 158672.375 -24637.6055 118539.422
0 10 128 433 158438.609 -24291.8555 118674.227
0 10 129 433 158641.078 -24322.8984 118516.031
0 12 538 1704 159573.609 -26764.4219 117615.422
0 12 539 1704 159613.766 -26771.1562 117567.078
0 12 538 1705 159578.828 -26687.3789 117619.266
0 12 539 1705 159627.359 -26695.4941 117577.086
0 18 33852 108910 159200.969 -26917.5156 118083.484
0 18 33853 108910 159201.672 -26917.6289 118082.797
0 18 33852 108911 159201 -26916.3027 118083.508
0 18 33853 108911 159201.688 -26916.4199 118082.805
0 7 10 44 149002.984 -45399.3477 124557.188
0 7 11 44 150129.078 -45742.4531 123152.758
0 7 10 45 149558.531 -43231.7617 125021.586
0 7 11 45 150633.031 -43542.3594 123566.156
3 4 10 12 52000.3203 -166401.031 93600.5781
3 4 11 12 69979.2344 -159952.531 89973.3047
3 4 10 13 49137.832 -157241.047 108103.227
3 4 11 13 66455.1562 -151897.5 104429.531
0 7 6 56 145791.156 -17084.9004 130984.242
0 7 7 56 147020.625 -17228.9785 129791.648
0 7 6 57 145809.391 -14808.7656 131000.617
0 7 7 57 146995.797 -14929.2607 129769.734
0 9 72 206 160602 -31053.9023 115119.008
0 9 73 206 160887.688 -31109.1426 114695.328
0 9 72 207 160650.766 -30435.7871 115153.961
0 9 73 207 160975.094 -30497.2344 114757.641
0 11 262 858 159025 -25701.7949 118259.312
0 11 263 858 159109.984 -25715.5293 118167.125
0 11 262 859 159019.953 -25545.6855 118255.562
0 11 263 859 159105.391 -25559.4102 118163.719
0 6 6 34 152699.141 11929.6201 121682.125
0 6 7 34 155081.438 12115.7373 118734.227
0 6 6 35 152340.094 16662.1973 121396.008
0 6 7 35 154696.844 16919.9668 118439.773
5 3 2 6 60896.8672 101494.789 -162391.656
5 3 3 6 21225.627 106128.125 -169805.016
5 3 2 7 54815.9883 127903.969 -146175.969
5 3 3 7 18862.3457 132036.422 -150898.766
1 3 4 0 -147406.766 -128980.93 18425.8457
1 3 5 0 -141783.125 -124060.227 53168.668
1 3 4 1 -165736.062 -103585.031 20717.0078
1 3 5 1 -157524.266 -98452.6641 59071.5938
0 4 4 14 146979.359 119420.734 64303.4727
0 4 5 14 151623.875 123194.391 47382.4609
0 4 4 15 139085.141 130392.305 60849.7461
0 4 5 15 142988.891 134052.094 44684.0273
0 13 1058 3394 159177.859 -27261.541 118042.664
0 13 1059 3394 159197.469 -27264.9004 118018.344
0 13 1058 3395 159181.438 -27223.291 118045.32
0 13 1059 3395 159203.812 -27227.1172 118023.039
4 4 10 12 52613.1719 94703.7031 168362.141
4 4 11 12 70498.9141 90641.4609 161140.375
4 4 10 13 49795.2305 109549.508 159344.734
4 4 11 13 67929.4531 106746.289 155267.328
0 7 8 58 148187.359 -12734.8516 128506.227
0 7 9 58 149393.141 -12838.4736 127217.602
0 7 8 59 148169.125 -10418.1426 128490.422
0 7 9 59 149358.906 -10501.7988 127188.438
3 3 2 0 -54068.9961 -144183.984 -126160.992
3 3 3 0 -18849.7617 -150798.094 -131948.328
3 3 2 1 -59329.2188 -158211.25 -98882.0391
3 3 3 1 -21150.1953 -169201.562 -105750.977
0 5 6 4 146442.438 -105255.5 86950.1953
0 5 7 4 149483.656 -107441.383 79413.1953
0 5 6 5 149918.312 -98383.8984 89014
0 5 7 5 153232.297 -100558.695 81404.6562
0 7 12 60 153001.625 -8367.27637 123118.5
0 7 13 60 154253.547 -8435.74121 121715.688
0 7 12 61 152931.5 -5973.88672 123062.055
0 7 13 61 154186.281 -6022.90186 121662.617
0 13 1050 3408 159078.688 -26700.8301 118279.82
0 13 1051 3408 159099.797 -26704.3711 118256.68
0 13 1050 3409 159080.578 -26662.3086 118281.219
0 13 1051 3409 159101.906 -26665.8809 118258.227
4 5 28 4 104697.602 -96321.7891 134012.922
4 5 29 4 110585.953 -94202.8516 131064.844
4 5 28 5 106891.625 -89788.9688 136821.281
4 5 29 5 112781.812 -87719.1797 133667.328
4 5 24 14 92189.2891 -16268.6982 173532.781
4 5 25 14 100089.617 -15803.625 168572
4 5 24 15 92188 -5422.82324 173530.344
4 5 25 15 100149.805 -5271.04199 168673.344
0 10 132 416 159044.234 -29665.4746 117885.32
0 10 133 416 159188.094 -29692.3105 117681.055
0 10 132 417 159084.328 -29362.2441 117915.047
0 10 133 417 159211.953 -29385.7988 117698.672
0 17 16924 54446 159197.672 -26938.2109 118085.289
0 17 16925 54446 159198.859 -26938.4121 118083.75
0 17 16924 54447 159197.922 -26935.8242 118085.469
0 17 16925 54447 159199.141 -26936.0312 118083.953
0 9 68 220 159840.688 -22165.4082 117070.812
0 9 69 220 160225.109 -22218.7148 116726.5
0 9 68 221 159818.484 -21538.0371 117054.555
0 9 69 221 160203.141 -21589.877 116710.484
0 6 8 34 157540.703 12307.8682 115693.953
0 6 9 34 160066.094 12505.1641 112546.477
0 6 8 35 157117.781 17184.7578 115383.375
0 6 9 35 159562.953 17452.1992 112192.711
5 3 2 4 69855 23285.002 -186280.016
5 3 3 4 24789.3105 24789.3105 -198314.484
5 3 2 5 66439.0234 66439.0234 -177170.734
5 3 3 5 23455.834 70367.5 -187646.672
0 15 4240 13608 159245.312 -26976.6445 118029.508
0 15 4241 13608 159250.062 -26977.4492 118023.305
0 15 4240 13609 159245.016 -26966.8789 118029.297
0 15 4241 13609 159249.906 -26967.707 118023.203
0 12 518 1702 158752.062 -26781.6562 118560.195
0 12 519 1702 158798.766 -26789.5391 118517.539
0 12 518 1703 158749.984 -26703.791 118558.641
0 12 519 1703 158795.141 -26711.3887 118514.836
0 13 1054 3394 159101.031 -27248.3828 118141.062
0 13 1055 3394 159120.656 -27251.7441 118116.781
0 13 1054 3395 159104.281 -27210.0957 118143.477
0 13 1055 3395 159121.875 -27213.1055 118117.695
0 11 274 850 159943.812 -27099.8555 117068.258
0 11 275 850 160016.188 -27112.1191 116964.961
0 11 274 851 159967.859 -26947.709 117085.852
0 11 275 851 160044.156 -26960.5605 116985.391
0 18 33856 108900 159202.984 -26929.998 118080.117
0 18 33857 108900 159203.484 -26930.0859 118079.281
0 18 33856 108901 159203.062 -26928.8008 118080.188
0 18 33857 108901 159203.578 -26928.8848 118079.352
0 10 128 416 158446.328 -29553.9551 118680.008
0 10 129 416 158596.312 -29581.9277 118482.594
0 10 128 417 158477.391 -29250.2207 118703.273
0 10 129 417 158604.016 -29273.5918 118488.352
0 17 16920 54454 159192.984 -26917.9844 118091.523
0 17 16921 54454 159194.328 -26918.2129 118090.094
0 17 16920 54455 159193.016 -26915.5625 118091.555
0 17 16921 54455 159194.312 -26915.7812 118090.086
0 14 2110 6798 159139.359 -27070.3984 118140.391
0 14 2111 6798 159148.703 -27071.9883 118127.891
0 14 2110 6799 159142.891 -27051.5723 118143
0 14 2111 6799 159150.141 -27052.8027 118128.961
0 9 74 208 161322.203 -29932.832 114374.922
0 9 75 208 161604.828 -29985.2695 113944.023
0 9 74 209 161439.328 -29323.9434 114457.961
0 9 75 209 161713.859 -29373.8066 114020.906
0 15 4230 13604 159190.953 -27006.3008 118086.375
0 15 4231 13604 159195.422 -27007.0605 118079.977
0 15 4230 13605 159191.688 -26996.7129 118086.922
0 15 4231 13605 159196.188 -26997.4727 118080.555
0 8 42 108 164931.844 -25126.3359 110169.32
0 8 43 108 165519.328 -25215.834 109268.617
0 8 42 109 165095.312 -23861.4316 110278.508
0 8 43 109 165679.266 -23945.8301 109374.203
0 9 64 220 158391.516 -21964.4473 118484.281
0 9 65 220 158743.297 -22013.2305 118127.328
0 9 64 221 158368.328 -21342.6074 118466.93
0 9 65 221 158727.734 -21391.043 118115.75
0 15 4238 13620 159235.453 -26858.3477 118041.641
0 15 4239 13620 159239.344 -26859.0039 118034.797
0 15 4238 13621 159237.266 -26848.9355 118042.977
0 15 4239 13621 159241.516 -26849.6504 118036.406
0 5 2 2 126527.008 -106757.164 106757.164
0 5 3 2 129663.922 -109403.938 101299.938
0 5 2 3 129475.414 -101152.672 109244.883
0 5 3 3 132898.422 -103826.898 103826.898
0 18 33862 108916 159207.188 -26911.2754 118075.953
0 18 33863 108916 159207.672 -26911.3594 118075.086
0 18 33862 108917 159207.281 -26910.0781 118076.023
0 18 33863 108917 159207.75 -26910.1562 118075.148
0 15 4232 13604 159199.562 -27007.7617 118073.336
0 15 4233 13604 159204.906 -27008.668 118067.586
0 15 4232 13605 159200.828 -26998.2617 118074.281
0 15 4233 13605 159205.438 -26999.043 118067.977
0 7 18 44 158161.766 -48189.9102 112443.133
0 7 19 44 159296.172 -48535.5508 110760.617
0 7 18 45 158634.031 -45855.1484 112778.875
0 7 19 45 159765.406 -46182.1875 111086.875
0 11 274 852 159975.531 -26792.7773 117091.461
0 11 275 852 160059.172 -26806.7852 116996.375
0 11 274 853 159980.125 -26637.3145 117094.82
0 11 275 853 160067.688 -26651.8945 117002.594
0 18 33868 108902 159208.75 -26928.5449 118069.828
0 18 33869 108902 159209.266 -26928.6328 118068.984
0 18 33868 108903 159208.75 -26927.3301 118069.82
0 18 33869 108903 159209.266 -26927.418 118068.992
3 3 0 2 -123911.266 -141612.875 -53104.8281
3 3 1 2 -98650.9688 -157841.547 -59190.5781
3 3 0 3 -128182.75 -146494.578 -18311.8223
3 3 1 3 -103182.547 -165092.078 -20636.5098
4 5 24 10 88126.4609 -57023.0078 165885.109
4 5 25 10 96085.0859 -55628.207 161827.516
4 5 24 11 89635.5078 -47454.0938 168725.672
4 5 25 11 97678.9453 -46268.9766 164511.922
0 7 4 52 143249.047 -25740.0605 133176.844
0 7 5 52 144432.312 -25952.6777 132020.156
0 7 4 53 143329.734 -23515.0352 133251.859
0 7 5 53 144520.766 -23710.4395 132101.016
0 16 8454 27226 159181 -26919.6035 118110.57
0 16 8455 27226 159183.125 -26919.9629 118107.289
0 16 8454 27227 159180.969 -26914.7383 118110.547
0 16 8455 27227 159183.312 -26915.1348 118107.43
0 8 42 104 164358.562 -30175.207 109786.391
0 8 43 104 164937.359 -30281.4688 108884.43
0 8 42 105 164478.422 -28912.2227 109866.445
0 8 43 105 165056.469 -29013.832 108963.062
0 11 258 842 158653.906 -28120.7852 118603.102
0 11 259 842 158722.328 -28132.9141 118499.242
0 11 258 843 158654.625 -27965.9766 118603.625
0 11 259 843 158725.328 -27978.4375 118501.477
0 14 2126 6806 159294.922 -26941.2988 117944.75
0 14 2127 6806 159303.641 -26942.7734 117931.75
0 14 2126 6807 159294.5 -26921.7812 117944.43
0 14 2127 6807 159302.984 -26923.2168 117931.266
0 7 4 50 143042.344 -30172.9961 132984.688
0 7 5 50 144262.625 -30430.3965 131865.062
0 7 4 51 143147.906 -27958.5781 133082.828
0 7 5 51 144368.547 -28196.9805 131961.875
0 13 1048 3406 159027 -26769.8027 118319.039
0 13 1049 3406 159052.422 -26774.084 118299.125
0 13 1048 3407 159027.75 -26731.1035 118319.594
0 13 1049 3407 159054.375 -26735.5801 118300.578
0 11 268 858 159527.562 -25783.0215 117698.32
0 11 269 858 159602.984 -25795.209 117598.094
0 11 268 859 159537.531 -25628.834 117705.672
0 11 269 859 159611.812 -25640.7637 117604.602
0 7 20 60 163742.734 -8954.68066 111293.891
0 7 21 60 165174.797 -9032.99707 109686.391
0 7 20 61 163540.969 -6388.31934 111156.758
0 7 21 61 164963.766 -6443.89697 109546.25
0 16 8470 27234 159219.703 -26887.2754 118061.539
0 16 8471 27234 159221.328 -26887.5488 118057.891
0 16 8470 27235 159220.297 -26882.5137 118061.984
0 16 8471 27235 159221.906 -26882.7871 118058.32
4 5 30 2 111456.234 -103769.602 122986.195
4 5 31 2 116631.117 -101581.945 120393.414
4 5 30 3 113797.047 -98100.8984 125569.156
4 5 31 3 119005.328 -95972.0391 122844.211
0 16 8460 27218 159193.641 -26960.6055 118090.797
0 16 8461 27218 159195.938 -26960.9941 118087.641
0 16 8460 27219 159194.016 -26955.8105 118091.086
0 16 8461 27219 159196.625 -26956.25 118088.156
4 5 26 6 95991.1094 -86849.1016 146272.172
4 5 27 6 102692.977 -84833.3281 142877.188
4 5 26 7 97927.7891 -79274.875 149223.297
4 5 27 7 104684.914 -77375.7969 145648.562
0 12 534 1694 159390.672 -27512.0137 117791.883
0 12 535 1694 159433.062 -27519.3301 117745.375
0 12 534 1695 159390.422 -27434.1426 117791.695
0 12 535 1695 159431.828 -27441.2695 117744.461
0 4 8 0 143161.797 -134214.188 -8947.6123
0 4 9 0 141746.438 -132887.281 -26577.457
0 4 8 1 152969.312 -124287.578 -9560.58203
0 4 9 1 151233.672 -122877.367 -28356.3145
0 8 26 112 154321.844 -18687.4102 122372.406
0 8 27 112 154955.781 -18764.1777 121664.5
0 8 26 113 154262.25 -17475.0195 122325.148
0 8 27 113 154902.578 -17547.5566 121622.734
0 10 140 430 160558.672 -25557.6816 116499.117
0 10 141 430 160717.844 -25583.0156 116300.711
0 10 140 431 160557.812 -25243.9551 116498.492
0 10 141 431 160715.906 -25268.8086 116299.305
0 17 16922 54458 159196.047 -26908.7832 118088.938
0 17 16923 54458 159197.406 -26909.0176 118087.531
0 17 16922 54459 159196.312 -26906.4023 118089.148
0 17 16923 54459 159197.719 -26906.6387 118087.75
0 8 22 108 151770.016 -23121.2148 125091.688
0 8 23 108 152399.594 -23217.125 124419.984
0 8 22 109 151744.547 -21931.8301 125070.703
0 8 23 109 152384.734 -22024.3574 124407.859
2 4 14 2 111440.242 137157.234 94295.5938
2 4 15 2 121245.039 129328.039 88913.0312
2 4 14 3 115876.109 142616.75 80221.9219
2 4 15 3 126469.773 134901.094 75881.8594
0 10 124 430 157779.125 -25115.2344 119412.914
0 10 125 430 157971.828 -25145.9062 119250.219
0 10 124 431 157761.25 -24804.2578 119399.391
0 10 125 431 157945.062 -24833.1582 119230.008
0 7 6 46 145109.438 -39678.3633 130371.766
0 7 7 46 146431.234 -40039.7891 129271.32
0 7 6 47 145227.422 -37441.4453 130477.758
0 7 7 47 146535.5 -37778.6836 129363.367
0 6 4 34 148029.438 11564.7998 127212.805
0 6 5 34 150330.766 11744.5908 124492.664
0 6 4 35 147711.938 16155.9922 126939.945
0 6 5 35 149992.484 16405.4277 124212.539
0 16 8454 27224 159180.938 -26929.3066 118110.523
0 16 8455 27224 159182.891 -26929.6348 118107.117
0 16 8454 27225 159181.109 -26924.4785 118110.648
0 16 8455 27225 159183.062 -26924.8086 118107.25
0 14 2120 6814 159256.031 -26779.1953 118032.594
0 14 2121 6814 159264.25 -26780.5781 118019.242
0 14 2120 6815 159256.609 -26759.8535 118033.023
0 14 2121 6815 159263.984 -26761.0938 118019.047
0 13 1066 3408 159361.672 -26748.3281 117867.719
0 13 1067 3408 159380.156 -26751.4316 117842.484
0 13 1066 3409 159359.609 -26709.0762 117866.203
0 13 1067 3409 159379.094 -26712.3418 117841.688
0 15 4224 13606 159166.656 -26982.75 118126.648
0 15 4225 13606 159170.625 -26983.4238 118119.875
0 15 4224 13607 159166.734 -26973.0488 118126.703
0 15 4225 13607 159171.188 -26973.8027 118120.305
0 12 526 1692 159066.75 -27611.4395 118173.859
0 12 527 1692 159112.328 -27619.3516 118130.031
0 12 526 1693 159064.562 -27533.3926 118172.234
0 12 527 1693 159111.203 -27541.4668 118129.195
0 17 16920 54450 159192.984 -26927.7031 118091.531
0 17 16921 54450 159194.422 -26927.9453 118090.172
0 17 16920 54451 159193.016 -26925.2754 118091.547
0 17 16921 54451 159194.469 -26925.5234 118090.195
0 12 528 1692 159147.641 -27625.4824 118078.539
0 12 529 1692 159191.75 -27633.1367 118033.531
0 12 528 1693 159145.844 -27547.4629 118077.195
0 12 529 1693 159183 -27553.8926 118027.039
2 3 2 4 -70574.2578 188198.031 -23524.7539
2 3 3 4 -24835.752 198686.016 -24835.752
2 3 2 5 -67046.7266 178791.266 -67046.7266
2 3 3 5 -23456.3789 187651.031 -70369.1328
4 5 26 18 106566.594 25372.998 162387.203
4 5 27 18 113449.641 24662.9668 157842.984
4 5 26 19 105686.344 35228.7773 161045.844
4 5 27 19 112553.484 34255.4062 156596.141
2 3 0 2 -127792.859 146048.984 54768.3672
2 3 1 2 -102030.375 163248.594 61218.2188
2 3 0 3 -132658.609 151609.844 18951.2305
2 3 1 3 -106660.57 170656.922 21332.1152
0 15 4238 13606 159232.297 -26993.8789 118039.297
0 15 4239 13606 159237.281 -26994.7227 118033.273
0 15 4238 13607 159233.484 -26984.3613 118040.18
0 15 4239 13607 159239.547 -26985.3867 118034.945
0 14 2126 6808 159294.922 -26902.4062 117944.742
0 14 2127 6808 159302.047 -26903.6113 117930.578
0 14 2126 6809 159295.375 -26883.0371 117945.078
0 14 2127 6809 159303.812 -26884.4629 117931.875
0 18 33864 108916 159208.172 -26911.4434 118074.25
0 18 33865 108916 159208.656 -26911.5234 118073.398
0 18 33864 108917 159208.219 -26910.2363 118074.281
0 18 33865 108917 159208.703 -26910.3184 118073.43
0 15 4224 13618 159173.391 -26867.3086 118131.641
0 15 4225 13618 159176.656 -26867.8633 118124.352
0 15 4224 13619 159174.578 -26857.7949 118132.523
0 15 4225 13619 159178.109 -26858.3906 118125.422
0 18 33870 108904 159209.781 -26926.291 118068.156
0 18 33871 108904 159210.328 -26926.3828 118067.344
0 18 33870 108905 159209.844 -26925.0859 118068.211
0 18 33871 108905 159210.359 -26925.1738 118067.375
0 9 56 206 155852.562 -30135.5527 121455.414
0 9 57 206 156220.719 -30206.7422 121132.078
0 9 56 207 155882.781 -29532.4785 121478.961
0 9 57 207 156222.25 -29596.793 121133.266
0 17 16938 54448 159213.891 -26936.0977 118063.305
0 17 16939 54448 159214.938 -26936.2754 118061.664
0 17 16938 54449 159213.75 -26933.6445 118063.211
0 17 16939 54449 159214.875 -26933.834 118061.617
0 17 16930 54462 159207.328 -26900.9766 118077.883
0 17 16931 54462 159208.234 -26901.1289 118076.133
0 17 16930 54463 159207.562 -26898.584 118078.039
0 17 16931 54463 159208.469 -26898.7402 118076.289
0 15 4242 13616 159247.203 -26899.209 118011.469
0 15 4243 13616 159250.844 -26899.8223 118004.453
0 15 4242 13617 159247.203 -26889.4883 118011.461
0 15 4243 13617 159251.641 -26890.2363 118005.031
0 17 16932 54462 159209.156 -26901.2852 118074.375
0 17 16933 54462 159210.094 -26901.4434 118072.633
0 17 16932 54463 159209.391 -26898.8945 118074.539
0 17 16933 54463 159210.328 -26899.0508 118072.805
0 18 33860 108916 159206.203 -26911.1094 118077.648
0 18 33861 108916 159206.688 -26911.1934 118076.789
0 18 33860 108917 159206.266 -26909.9062 118077.695
0 18 33861 108917 159206.766 -26909.9922 118076.852
0 10 122 428 157446.719 -25677.3457 119776.367
0 10 123 428 157611.141 -25704.1602 119593.609
0 10 122 429 157458.812 -25371.7812 119785.555
0 10 123 429 157623.859 -25398.377 119603.258
0 6 14 20 167773.859 -60293.7344 91751.3281
0 6 15 20 169874.359 -61048.5977 87591.4688
0 6 14 21 169025.078 -55461.3555 92435.5938
0 6 15 21 171148.766 -56158.1914 88248.5859
0 12 538 1698 159556.906 -27229.0723 117603.109
0 12 539 1698 159595.438 -27235.6465 117553.57
0 12 538 1699 159557.406 -27151.25 117603.469
0 12 539 1699 159597.828 -27158.127 117555.328
4 6 62 18 130019.023 -57549.4062 136413.406
4 6 63 18 132625.672 -56839.5742 134730.844
4 6 62 19 131074.797 -53719.1797 137521.094
4 6 63 19 133673.344 -53044.9766 135795.141
0 13 1066 3398 159355.125 -27136.2793 117862.883
0 13 1067 3398 159375.969 -27139.8281 117839.383
0 13 1066 3399 159355.906 -27097.5059 117863.445
0 13 1067 3399 159374.297 -27100.6367 117838.148
0 8 32 114 158301.578 -16695.8691 118107.82
0 8 33 114 158979.203 -16767.3379 117371.359
0 8 32 115 158208.281 -15450.0264 118038.211
0 8 33 115 158896.172 -15517.2041 117310.062
0 7 22 46 163686.5 -44758.0273 106140.461
0 7 23 46 164836.172 -45072.3906 104310.391
0 7 22 47 164125.344 -42313.5664 106425.031
0 7 23 47 165270.219 -42608.7266 104585.055
0 10 140 420 160305.859 -28648.4102 116315.68
0 10 141 420 160426.016 -28669.8828 116089.531
0 10 140 421 160331.531 -28339.8477 116334.297
0 10 141 421 160456.516 -28361.9434 116111.602
0 11 272 856 159877.703 -26151.8691 117332.125
0 11 273 856 159966.5 -26166.3945 117241.062
0 11 272 857 159864.469 -25993.5859 117322.398
0 11 273 857 159977.047 -26011.8945 117248.805
0 13 1068 3404 159387.781 -26908.3613 117809.203
0 13 1069 3404 159409.047 -26911.9531 117786.016
0 13 1068 3405 159390.875 -26869.9707 117811.484
0 13 1069 3405 159411.188 -26873.3965 117787.586
0 6 4 16 142145.016 -68851.4922 122155.867
0 6 5 16 144060.625 -69779.3594 119300.203
0 6 4 17 143171.266 -64874.4805 123037.797
0 6 5 17 145104.141 -65750.3203 120164.375
0 15 4222 13608 159159.406 -26962.0918 118140.695
0 15 4223 13608 159163.266 -26962.7461 118133.844
0 15 4222 13609 159160.516 -26952.5664 118141.523
0 15 4223 13609 159163.812 -26953.125 118134.242
0 8 34 114 159660.844 -16839.2285 116627.25
0 8 35 114 160392.281 -16916.375 115908.492
0 8 34 115 159608.469 -15586.7646 116589.008
0 8 35 115 160276.047 -15651.957 115824.492
0 4 8 10 191221.109 59756.5977 -11951.3193
0 4 9 10 188207.109 58814.7227 -35288.832
0 4 8 11 184036.766 80516.0859 -11502.2979
0 4 9 11 181792.562 79534.25 -34086.1055
0 10 142 426 160807.781 -26853.6465 116051.711
0 10 143 426 160956.125 -26878.4141 115844.391
0 10 142 427 160836.281 -26544.2695 116072.273
0 10 143 427 160999.406 -26571.1914 115875.547
0 15 4228 13604 159181.547 -27004.7051 118098.828
0 15 4229 13604 159186.078 -27005.4727 118092.477
0 15 4228 13605 159183.125 -26995.2598 118100.008
0 15 4229 13605 159187.422 -26995.9863 118093.477
0 17 16924 54460 159199.438 -26904.5 118086.602
0 17 16925 54460 159200.875 -26904.7422 118085.227
0 17 16924 54461 159199.734 -26902.1211 118086.82
0 17 16925 54461 159201.141 -26902.3613 118085.438
0 16 8456 27220 159184.25 -26949.2969 118103.266
0 16 8457 27220 159186.578 -26949.6934 118100.125
0 16 8456 27221 159184.141 -26944.4238 118103.195
0 16 8457 27221 159186.609 -26944.8398 118100.164
0 7 24 48 166820.078 -40401.7383 102959.266
0 7 25 48 167969.578 -40680.1328 101044.203
0 7 24 49 167222.422 -37886.3281 103207.586
0 7 25 49 168360.938 -38144.2734 101279.625
0 13 1068 3402 159381.047 -26985.0469 117804.227
0 13 1069 3402 159403.047 -26988.7734 117781.578
0 13 1068 3403 159383.844 -26946.6113 117806.305
0 13 1069 3403 159404.5 -26950.1016 117782.641
0 13 1064 3396 159306.281 -27205.7461 117904.531
0 13 1065 3396 159329.328 -27209.6836 117882.695
0 13 1064 3397 159303.969 -27166.459 117902.828
0 13 1065 3397 159328.375 -27170.623 117882
0 10 142 424 160740.672 -27470.3301 116003.281
0 10 143 424 160882.156 -27494.5098 115791.164
0 10 142 425 160772.688 -27161.791 116026.391
0 10 143 425 160915 -27185.8359 115814.805
0 6 10 34 162615.594 12704.3447 109257.359
0 6 11 34 165256.172 12910.6387 105867.242
0 6 10 35 162103.375 17730.0566 108913.203
0 6 11 35 164647.516 18008.3223 105477.312
0 10 138 418 159895.344 -29199.6387 116642.398
0 10 139 418 160035.781 -29225.2832 116432.281
0 10 138 419 159963.875 -28899.7246 116692.398
0 10 139 419 160114.938 -28927.0137 116489.859
0 16 8468 27218 159211.281 -26963.5938 118065.008
0 16 8469 27218 159214.094 -26964.0684 118062.25
0 16 8468 27219 159211.672 -26958.8027 118065.312
0 16 8469 27219 159214.531 -26959.2832 118062.562
0 12 520 1694 158826.25 -27414.5879 118460.5
0 12 521 1694 158865.562 -27421.375 118412.242
0 12 520 1695 158826.875 -27337.1445 118460.961
0 12 521 1695 158875.266 -27345.4746 118419.484
0 6 6 16 145933.984 -70686.7734 116291.148
0 6 7 16 147855.688 -71617.6016 113202.016
0 6 6 17 147059 -66636.1094 117187.641
0 6 7 17 149047.672 -67537.2266 114114.617
0 14 2124 6812 159284.219 -26822.8242 117975.703
0 14 2125 6812 159294.734 -26824.5957 117964.062
0 14 2124 6813 159286.297 -26803.7305 117977.25
0 14 2125 6813 159296.078 -26805.377 117965.047
0 14 2112 6814 159186.875 -26767.5664 118136.781
0 14 2113 6814 159196.203 -26769.1367 118124.281
0 14 2112 6815 159191.25 -26748.8691 118140.039
0 14 2113 6815 159200.031 -26750.3457 118127.117
0 17 16938 54460 159214.906 -26907.1152 118064.062
0 17 16939 54460 159215.984 -26907.2949 118062.43
0 17 16938 54461 159215.141 -26904.7246 118064.242
0 17 16939 54461 159216.234 -26904.9082 118062.609
0 6 2 16 137377.812 -66542.375 126645.172
0 6 3 16 139702.812 -67668.5469 124422.82
0 6 2 17 138578.781 -62793.5117 127752.32
0 6 3 17 140990.938 -63886.5195 125570.055
0 13 1060 3394 159220.062 -27268.7676 117996.219
0 13 1061 3394 159245.734 -27273.166 117976.367
0 13 1060 3395 159225.938 -27230.9004 118000.562
0 13 1061 3395 159248.406 -27234.7441 117978.336
4 5 28 20 117664.773 42359.3164 150610.906
4 5 29 20 123372.203 41124.0664 146218.906
4 5 28 21 116213.898 51134.1133 148753.781
4 5 29 21 121969.18 49691.1445 144556.062
0 6 14 32 175185.219 2737.26904 95804.4141
0 6 15 32 177986.266 2781.0354 91774.1719
0 6 14 33 174270.75 8168.94189 95304.3203
0 6 15 33 177197.656 8306.13965 91367.5469
0 11 274 848 159917.875 -27407.7988 117049.266
0 11 275 848 159996.234 -27421.2285 116950.367
0 11 274 849 159927.234 -27253.2227 117056.109
0 11 275 849 160007.078 -27266.832 116958.305
4 4 8 0 8962.6582 -134439.875 143402.531
4 4 9 0 26613.7129 -133068.562 141939.797
4 4 8 1 9521.14551 -123774.898 152338.328
4 4 9 1 28281.0586 -122551.258 150832.312
0 10 134 416 159302.547 -29713.6582 117454.516
0 10 135 416 159409.016 -29733.5176 117221.672
0 10 134 417 159348.641 -29411.0293 117488.5
0 10 135 417 159475.641 -29434.4668 117270.656
5 3 4 0 -18898.0352 -132286.25 -151184.281
5 3 5 0 -54826.6562 -127928.867 -146204.422
5 3 4 1 -21279.6895 -106398.445 -170237.516
5 3 5 1 -61028.4883 -101714.156 -162742.641
1 3 4 2 -182736.891 -68526.3281 22842.1113
1 3 5 2 -172513.562 -64692.5898 64692.5898
1 3 4 3 -197035.672 -24629.459 24629.459
1 3 5 3 -183803.562 -22975.4453 68926.3281
0 9 54 210 155088.953 -27564.6387 122071.977
0 9 55 210 155456.828 -27630.0215 121754.273
0 9 54 211 155036 -26949.6152 122030.289
0 9 55 211 155391.203 -27011.3613 121702.875
0 12 520 1706 158843.312 -26486.8105 118473.219
0 12 521 1706 158899.797 -26496.2305 118437.758
0 12 520 1707 158847.828 -26410.002 118476.594
0 12 521 1707 158898.344 -26418.4023 118436.688
0 9 70 220 160603.547 -22271.1934 116374.828
0 9 71 220 160947.797 -22318.9336 115995.586
0 9 70 221 160564.891 -21638.6289 116346.836
0 9 71 221 160918.984 -21686.3477 115974.82
0 8 22 100 151807.156 -32614.8184 125122.305
0 8 23 100 152524.453 -32768.9258 124521.914
0 8 22 101 151802.719 -31427.9062 125118.648
0 8 23 101 152502.188 -31572.7207 124503.742
0 15 4234 13604 159210.281 -27009.5801 118061.852
0 15 4235 13604 159215.281 -27010.4297 118055.844
0 15 4234 13605 159210.156 -26999.8438 118061.758
0 15 4235 13605 159215.375 -27000.7285 118055.906
0 15 4242 13610 159253.688 -26958.623 118016.273
0 15 4243 13610 159258 -26959.3516 118009.742
0 15 4242 13611 159252.547 -26948.7129 118015.43
0 15 4243 13611 159256.812 -26949.4316 118008.867
0 10 138 432 160260.344 -24884.1738 116908.664
0 10 139 432 160425.891 -24909.8789 116716.102
0 10 138 433 160268.047 -24572.3457 116914.289
0 10 139 433 160428.844 -24597 116718.25
0 15 4222 13616 159165.359 -26885.3828 118145.102
0 15 4223 13616 159168.359 -26885.8926 118137.617
0 15 4222 13617 159166.844 -26875.9199 118146.211
0 15 4223 13617 159169.797 -26876.418 118138.695
0 7 4 54 143375.828 -21282.3516 133294.719
0 7 5 54 144567.312 -21459.209 132143.547
0 7 4 55 143421.297 -19048.1406 133336.984
0 7 5 55 144604.906 -19205.3379 132177.922
0 12 524 1692 158979.938 -27596.373 118264.617
0 12 525 1692 159023.625 -27603.9551 118219.461
0 12 524 1693 158982.516 -27519.1934 118266.531
0 12 525 1693 159022.078 -27526.0391 118218.312
0 14 2126 6804 159295.109 -26980.2188 117944.883
0 14 2127 6804 159304.875 -26981.875 117932.672
0 14 2126 6805 159295.484 -26960.8398 117945.164
0 14 2127 6805 159303.078 -26962.123 117931.336
0 8 40 100 162590.922 -34931.6445 111146.133
0 8 41 100 163143.609 -35050.3867 110249.398
0 8 40 101 162725.688 -33689.3047 111238.258
0 8 41 101 163296.734 -33807.5234 110352.867
0 9 76 212 162212.766 -27563.4961 113739.031
0 9 77 212 162498.656 -27612.0742 113304.727
0 9 76 213 162304.375 -26945.0645 113803.266
0 9 77 213 162584.266 -26991.5293 113364.422
0 17 16940 54458 159216.828 -26912.3008 118060.641
0 17 16941 54458 159218 -26912.498 118059.07
0 17 16940 54459 159216.906 -26909.8828 118060.688
0 17 16941 54459 159218.062 -26910.0781 118059.109
0 14 2120 6798 159238.281 -27087.2246 118019.43
0 14 2121 6798 159248.141 -27088.9043 118007.305
0 14 2120 6799 159241.031 -27068.2539 118021.477
0 14 2121 6799 159249.25 -27069.6504 118008.125
0 13 1064 3410 159326.219 -26664.5801 117919.289
0 13 1065 3410 159342.953 -26667.3848 117892.789
0 13 1064 3411 159332 -26626.6484 117923.578
0 13 1065 3411 159348.25 -26629.3652 117896.703
0 13 1052 3394 159070.109 -27243.0859 118195.766
0 13 1053 3394 159085.641 -27245.7461 118168.469
0 13 1052 3395 159069.297 -27204.1133 118195.172
0 13 1053 3395 159086.016 -27206.9707 118168.75
0 7 4 48 142799.172 -34584.1719 132758.594
0 7 5 48 144042.984 -34885.4102 131664.297
0 7 4 49 142924.844 -32381.4102 132875.438
0 7 5 49 144171.266 -32663.8008 131781.547
0 11 268 842 159444.188 -28260.8594 117636.797
0 11 269 842 159517.641 -28273.8789 117535.219
0 11 268 843 159479.406 -28111.3613 117662.797
0 11 269 843 159543.125 -28122.5918 117553.992
0 9 56 216 155638.281 -24014.5 121288.43
0 9 57 216 156024.266 -24074.0566 120979.75
0 9 56 217 155620.75 -23403.9004 121274.766
0 9 57 217 155998.344 -23460.6875 120959.648
0 10 126 416 158157.406 -29500.0645 119081.414
0 10 127 416 158308.656 -29528.2754 118886.086
0 10 126 417 158167.438 -29193.0117 119088.961
0 10 127 417 158325 -29222.0938 118898.359
0 16 8454 27228 159181.109 -26909.9043 118110.664
0 16 8455 27228 159183.516 -26910.3105 118107.586
0 16 8454 27229 159181.125 -26905.0488 118110.664
0 16 8455 27229 159183.422 -26905.4375 118107.508
0 12 530 1692 159233.859 -27640.4492 117987.008
0 12 531 1692 159279.234 -27648.3242 117942.859
0 12 530 1693 159236.344 -27563.1289 117988.844
0 12 531 1693 159280.312 -27570.7402 117943.656
3 4 12 8 95911.7344 -170509.766 10656.8604
3 4 13 8 110592.125 -160861.266 10053.8291
3 4 12 9 94840.9219 -168606.094 31613.6426
3 4 13 9 109694.57 -159555.734 29916.7012
0 8 24 98 153137.516 -35293.4141 123826.047
0 8 25 98 153721.375 -35427.9727 123097.195
0 8 24 99 153227.672 -34117.0977 123898.938
0 8 25 99 153872.078 -34260.5781 123217.875
4 6 60 20 126708.07 -51127.8164 142268.719
4 6 61 20 129514.547 -50488.7266 140490.359
4 6 60 21 127864.828 -47108.0977 143567.531
4 6 61 21 130696.516 -46519.0977 141772.484
3 3 0 0 -108213.023 -123672.016 -108213.023
3 3 1 0 -83660.4766 -133856.766 -117124.664
3 3 0 1 -116584.273 -133239.172 -83274.4844
3 3 1 1 -91510.2266 -146416.359 -91510.2266
0 9 58 204 156498.016 -31482.998 120735.781
0 9 59 204 156801.969 -31544.1465 120357.758
0 9 58 205 156535.453 -30879.0645 120764.664
0 9 59 205 156860.562 -30943.1973 120402.727
0 9 54 212 155020.812 -26341.4277 122018.336
0 9 55 212 155406.844 -26407.0195 121715.117
0 9 54 213 155010.922 -25734.2344 122010.555
0 9 55 213 155386.953 -25796.6621 121699.555
0 17 16940 54450 159215.906 -26931.5801 118059.945
0 17 16941 54450 159217.031 -26931.7695 118058.352
0 17 16940 54451 159215.844 -26929.1367 118059.898
0 17 16941 54451 159217.016 -26929.3379 118058.344
0 16 8460 27234 159196.938 -26883.4297 118093.242
0 16 8461 27234 159199.328 -26883.8359 118090.164
0 16 8460 27235 159197.547 -26878.6738 118093.703
0 16 8461 27235 159199.797 -26879.0547 118090.508
0 7 8 44 146909.906 -44761.6133 127398.445
0 7 9 44 147961.266 -45081.9492 125998.266
0 7 8 45 147417.953 -42613 127839
0 7 9 45 148475.766 -42918.7734 126436.391
0 17 16934 54462 159211.078 -26901.6074 118070.938
0 17 16935 54462 159212.141 -26901.7891 118069.289
0 17 16934 54463 159211.312 -26899.2188 118071.125
0 17 16935 54463 159212.375 -26899.3984 118069.477
0 12 518 1696 158747.062 -27245.8965 118556.461
0 12 519 1696 158792.172 -27253.6367 118512.617
0 12 518 1697 158751.547 -27169.1504 118559.812
0 12 519 1697 158794.844 -27176.5605 118514.609
0 11 260 858 158831.938 -25670.5918 118425.953
0 11 261 858 158924.812 -25685.5996 118340.008
0 11 260 859 158822.578 -25513.9785 118418.984
0 11 261 859 158925.578 -25530.5273 118340.578
0 9 70 204 159870.828 -32161.5137 115843.898
0 9 71 204 160141.031 -32215.8711 115414.141
0 9 70 205 159936.891 -31550.0508 115891.773
0 9 71 205 160212.438 -31604.4062 115465.609
0 17 16928 54462 159205.297 -26900.6328 118081.234
0 17 16929 54462 159206.344 -26900.8125 118079.586
0 17 16928 54463 159205.531 -26898.2422 118081.398
0 17 16929 54463 159206.594 -26898.4199 118079.758
0 13 1052 3410 159125.047 -26630.9141 118236.594
0 13 1053 3410 159143.344 -26633.9746 118211.344
0 13 1052 3411 159125.547 -26592.1465 118236.953
0 13 1053 3411 159143.594 -26595.166 118211.523
0 14 2108 6812 159148.172 -26799.916 118185.781
0 14 2109 6812 159157.875 -26801.5508 118173.562
0 14 2108 6813 159150.266 -26780.8398 118187.336
0 14 2109 6813 159159.484 -26782.3906 118174.75
0 16 8472 27220 159222.703 -26955.8105 118054.055
0 16 8473 27220 159224.828 -26956.1699 118050.773
0 16 8472 27221 159222.391 -26950.9004 118053.828
0 16 8473 27221 159224.672 -26951.2852 118050.656
4 6 60 30 130342.352 -6860.12354 146349.297
4 6 61 30 132795.5 -6752.31299 144049.359
4 6 60 31 130358.695 -2286.99463 146367.656
4 6 61 31 132810.75 -2251.02954 144065.891
0 5 12 12 192311.781 -42068.2031 42068.2031
0 5 13 12 194418.531 -42529.0547 30377.8926
0 5 12 13 194323.172 -30362.9941 42508.1953
0 5 13 13 196551.016 -30711.0957 30711.0957
0 8 30 114 156877.359 -16545.6582 119496.422
0 8 31 114 157597.797 -16621.6426 118813.961
0 8 30 115 156845.719 -15316.9648 119472.336
0 8 31 115 157519.109 -15382.7246 118754.633
0 9 62 220 157645.281 -21860.9668 119157.664
0 9 63 220 158019.375 -21912.8418 118823.164
0 9 62 221 157630.375 -21243.1562 119146.406
0 9 63 221 157969.219 -21288.8203 118785.453
0 16 8474 27222 159226.703 -26946.7656 118047.305
0 16 8475 27222 159229.188 -26947.1875 118044.281
0 16 8474 27223 159226.422 -26941.8613 118047.086
0 16 8475 27223 159228.922 -26942.2832 118044.086
0 6 12 18 160883.859 -67872.875 98038.6016
0 6 13 18 162966.812 -68751.625 94215.1875
0 6 12 19 162224.812 -63369.0703 98855.75
0 6 13 19 164359.75 -64203.0273 95020.4766
0 14 2106 6810 159127.844 -26835.3398 118209.531
0 14 2107 6810 159138.094 -26837.0723 118197.719
0 14 2106 6811 159128.125 -26815.9629 118209.742
0 14 2107 6811 159137.422 -26817.5293 118197.219
1 3 4 6 -169729.359 106080.852 21216.1699
1 3 5 6 -162944.016 101840.008 61104
1 3 4 7 -151613.328 132661.672 18951.666
1 3 5 7 -145833.219 127604.062 54687.4531
0 8 40 112 164210.656 -19884.8848 112253.367
0 8 41 112 164886.969 -19966.7812 111427.523
0 8 40 113 164187.953 -18599.416 112237.852
0 8 41 113 164920.859 -18682.4414 111450.43
2 4 12 0 76287.0703 135621.453 127145.117
2 4 13 0 89934.3359 130813.578 122637.734
2 4 12 1 80411.3281 142953.469 116149.695
2 4 13 1 94370.6016 137266.344 111528.898
0 9 76 214 162361.156 -26320.2656 113843.078
0 9 77 214 162645.641 -26366.3828 113407.219
0 9 76 215 162438.953 -25698.3516 113897.633
0 9 77 215 162709.062 -25741.082 113451.445
0 9 58 218 156302.781 -22895.916 120585.156
0 9 59 218 156672.203 -22950.0293 120258.148
0 9 58 219 156272.344 -22281.0176 120561.672
0 9 59 219 156636.391 -22332.9219 120230.672
4 6 62 32 135092.094 2214.62451 141735.969
4 6 63 32 137315.547 2179.61182 139495.156
4 6 62 33 134979.766 6638.34912 141618.109
4 6 63 33 137202.531 6533.45312 139380.344
0 6 2 34 143507.094 11211.4922 132295.609
0 6 3 34 145732.969 11385.3887 129793.422
0 6 2 35 143226.875 15665.4404 132037.281
0 6 3 35 145431.469 15906.5674 129524.906
0 13 1046 3402 158958.922 -26913.5781 118346.008
0 13 1047 3402 158987.688 -26918.4473 118328.617
0 13 1046 3403 158962.125 -26875.3125 118348.391
0 13 1047 3403 158992.469 -26880.4395 118332.164
0 5 0 22 134690.734 54718.1094 130481.648
0 5 1 22 138593.922 56303.7812 125600.742
0 5 0 23 133070.812 62376.9414 128912.352
0 5 1 23 136827.391 64137.8398 123999.82
0 14 2106 6800 159105.812 -27025.8477 118193.164
0 14 2107 6800 159115.516 -27027.4961 118180.953
0 14 2106 6801 159109.469 -27007.043 118195.883
0 14 2107 6801 159119.797 -27008.8008 118184.133
0 8 36 114 161128.719 -16994.0449 115181.867
0 8 37 114 161871.219 -17072.3535 114448.008
0 8 36 115 161034.672 -15726.042 115114.633
0 8 37 115 161759.625 -15796.8379 114369.117
0 18 33852 108902 159200.969 -26927.2285 118083.484
0 18 33853 108902 159201.531 -26927.3242 118082.68
0 18 33852 108903 159201.016 -26926.0215 118083.508
0 18 33853 108903 159201.578 -26926.1191 118082.719
0 10 120 424 157153.5 -26857.2891 120167.18
0 10 121 424 157326.047 -26886.7754 119991.844
0 10 120 425 157138.422 -26547.7988 120155.656
0 10 121 425 157301.547 -26575.3613 119973.156
0 11 274 854 160002.734 -26484.8262 117111.367
0 11 275 854 160085.672 -26498.5566 117015.75
0 11 274 855 160025.578 -26332.3359 117128.094
0 11 275 855 160112.906 -26346.7051 117035.664
4 4 8 10 11968.6104 59843.0508 191497.766
4 4 9 10 35242.2305 58737.0547 187958.562
4 4 8 11 11502.3945 80516.7578 184038.312
4 4 9 11 34003.2734 79340.9688 181350.797
0 17 16936 54446 159211.812 -26940.6055 118066.625
0 17 16937 54446 159212.891 -26940.7852 118065
0 17 16936 54447 159211.797 -26938.1699 118066.617
0 17 16937 54447 159212.891 -26938.3574 118064.992
0 6 16 30 179968.891 -8436.04199 87172.4375
0 6 17 30 182232.969 -8542.16992 82574.3125
0 6 16 31 180064.562 -2813.50879 87218.7734
0 6 17 31 182276.5 -2848.07031 82594.0391
0 18 33866 108900 159207.812 -26930.8164 118071.562
0 18 33867 108900 159208.312 -26930.9004 118070.711
0 18 33866 108901 159207.797 -26929.5996 118071.539
0 18 33867 108901 159208.281 -26929.6797 118070.688
0 17 16920 54456 159193.094 -26913.1426 118091.609
0 17 16921 54456 159194.359 -26913.3574 118090.125
0 17 16920 54457 159193.219 -26910.7383 118091.703
0 17 16921 54457 159194.469 -26910.9473 118090.203
1 3 2 0 -141776.344 -124054.305 -53166.1289
1 3 3 0 -146882.406 -128522.102 -18360.3008
1 3 2 1 -158289.266 -98930.7891 -59358.4688
1 3 3 1 -165381.953 -103363.719 -20672.7441
0 7 10 60 150528.891 -8232.04785 125832.734
0 7 11 60 151769.781 -8299.91016 124498.641
0 7 10 61 150487.234 -5878.40771 125797.93
0 7 11 61 151692.375 -5925.48291 124435.148
2 3 2 6 -61332.5625 163553.516 -102220.945
2 3 3 6 -21282.6699 170261.359 -106413.344
2 3 2 7 -54971.0039 146589.344 -128265.672
2 3 3 7 -18996.1445 151969.156 -132973.016
0 5 4 2 132957.344 -112182.758 95563.0938
0 5 5 2 136437.453 -115119.102 89537.0781
0 5 4 3 136532.438 -106665.977 98132.6953
0 5 5 3 140256.547 -109575.43 92043.3594
0 18 33872 108908 159211.203 -26921.6719 118066.781
0 18 33873 108908 159211.734 -26921.7637 118065.953
0 18 33872 108909 159211.328 -26920.4785 118066.875
0 18 33873 108909 159211.859 -26920.5703 118066.062
4 5 24 16 92069.1484 5415.83203 173306.625
4 5 25 16 100053.883 5265.99365 168511.797
4 5 24 17 91693.8125 16181.2617 172600.125
4 5 25 17 99699.6016 15742.0439 167915.125
0 15 4226 13620 159183.859 -26849.6445 118119.977
0 15 4227 13620 159188.703 -26850.4648 118113.867
0 15 4226 13621 159184.578 -26840.0508 118120.523
0 15 4227 13621 159189.141 -26840.8203 118114.18
0 8 30 96 156061.031 -38405.6406 118874.609
0 8 31 96 156642.016 -38548.6211 118093.391
0 8 30 97 156272.594 -37236.832 119035.766
0 8 31 97 156859.344 -37376.6406 118257.242
0 18 33866 108916 159209.125 -26911.6035 118072.531
0 18 33867 108916 159209.609 -26911.6855 118071.672
0 18 33866 108917 159209.188 -26910.4004 118072.578
0 18 33867 108917 159209.672 -26910.4824 118071.727
0 7 24 58 169740.469 -14587.0703 104761.695
0 7 25 58 170914.094 -14687.9287 102815.508
0 7 24 59 169894.906 -11945.7354 104857.016
0 7 25 59 171096.703 -12030.2373 102925.359
0 13 1068 3406 159396.094 -26831.9336 117815.352
0 13 1069 3406 159415.016 -26835.1211 117790.422
0 13 1068 3407 159401.078 -26793.8574 117819.031
0 13 1069 3407 159419.438 -26796.9453 117793.688
0 5 10 18 187430.719 29286.0508 64429.3125
0 5 11 18 190551.656 29773.6973 53592.6562
0 5 10 19 184385.484 40334.3242 63382.5117
0 5 11 19 189115.516 41369.0195 53188.7383
0 5 12 14 195592.281 -18336.7773 42785.8125
0 5 13 14 197879 -18551.1562 30918.5938
0 5 12 15 196126.672 -6128.9585 42902.707
0 5 13 15 198452.297 -6201.63428 31008.1719
0 6 16 22 174459.031 -51792.5234 84503.5859
0 6 17 22 176534.859 -52408.7852 79992.3516
0 6 16 23 175578.422 -46638.0195 85045.7969
0 6 17 23 177702.312 -47202.1797 80521.3594
0 10 120 422 157153.25 -27471.123 120166.992
0 10 121 422 157338.5 -27503.5078 120001.336
0 10 120 423 157156.609 -27164.7656 120169.562
0 10 121 423 157346.516 -27197.5898 120007.445
0 10 142 428 160870.891 -26235.7793 116097.25
0 10 143 428 161017.797 -26259.7363 115888.781
0 10 142 429 160896.312 -25925.6758 116115.602
0 10 143 429 161026.094 -25946.5879 115894.766
0 7 26 52 170565.562 -30648.498 99940.7578
0 7 27 52 171726.641 -30857.1328 97937.8516
0 7 26 53 170871.625 -28033.625 100120.094
0 7 27 53 172048.891 -28226.7695 98121.6328
0 16 8454 27222 159179.312 -26938.7461 118109.32
0 16 8455 27222 159181.688 -26939.1484 118106.219
0 16 8454 27223 159180.094 -26934.0215 118109.898
0 16 8455 27223 159182.219 -26934.3828 118106.617
1 3 4 4 -197910.234 24738.7793 24738.7793
1 3 5 4 -186427.297 23303.4121 69910.2344
1 3 4 5 -187053.156 70144.9297 23381.6445
1 3 5 5 -178110.172 66791.3125 66791.3125
0 11 254 844 158339.156 -27755.7422 118986.32
0 11 255 844 158432.844 -27772.1641 118902
0 11 254 845 158339.375 -27601.1523 118986.469
0 11 255 845 158429.312 -27616.8262 118899.344
0 6 0 16 133013.984 -64428.6484 130935.648
0 6 1 16 135160.219 -65468.2305 128824.578
0 6 0 17 134045.641 -60739.4297 131951.172
0 6 1 17 136227.859 -61728.2539 129842.188
0 12 538 1706 159585.453 -26610.5625 117624.141
0 12 539 1706 159627.797 -26617.623 117577.406
0 12 538 1707 159588.141 -26533.0879 117626.125
0 12 539 1707 159629.594 -26539.9805 117578.734
0 13 1046 3400 158952.922 -26990.1777 118341.539
0 13 1047 3400 158978.672 -26994.5469 118321.891
0 13 1046 3401 158955.766 -26951.8516 118343.664
0 13 1047 3401 158981.484 -26956.2109 118323.992
0 7 26 54 171133.484 -25402.625 100273.516
0 7 27 54 172301.234 -25575.9648 98265.5469
0 7 26 55 171380.609 -22761.4863 100418.32
0 7 27 55 172565.797 -22918.8945 98416.4297
0 5 2 22 142524.109 57900.418 120254.711
0 5 3 22 146472 59504.2461 114431.25
0 5 2 23 140594.688 65903.7578 118626.773
0 5 3 23 144368.719 67672.8438 112788.062
0 18 33858 108916 159205.125 -26910.9277 118079.289
0 18 33859 108916 159205.672 -26911.0195 118078.469
0 18 33858 108917 159205.219 -26909.7305 118079.352
0 18 33859 108917 159205.75 -26909.8184 118078.539
0 18 33872 108910 159211.453 -26919.2832 118066.961
0 18 33873 108910 159212 -26919.377 118066.156
0 18 33872 108911 159211.609 -26918.0957 118067.078
0 18 33873 108911 159212.141 -26918.1855 118066.266
0 10 126 432 158116.812 -24551.3418 119050.836
0 10 127 432 158293.516 -24578.7773 118874.727
0 10 126 433 158062.547 -24234.1992 119009.992
0 10 127 433 158248.594 -24262.7227 118840.984
0 14 2126 6810 159298.375 -26864.0977 117947.289
0 14 2127 6810 159305.766 -26865.3457 117933.328
0 14 2126 6811 159301.406 -26845.166 117949.547
0 14 2127 6811 159309.344 -26846.502 117935.969
0 9 74 218 162038.25 -23736.0723 114882.594
0 9 75 218 162291.312 -23773.1406 114428.055
0 9 74 219 162051.359 -23104.9805 114891.891
0 9 75 219 162328.734 -23144.5254 114454.43
0 8 32 96 157237.562 -38695.1797 117313.953
0 8 33 96 157772.719 -38826.8789 116480.641
0 8 32 97 157416.812 -37509.4766 117447.703
0 8 33 97 157987.594 -37645.4844 116639.273
0 6 8 16 149879.75 -72598 110067.938
0 6 9 16 151878.719 -73566.25 106789.727
0 6 8 17 151119.719 -68476.125 110978.531
0 6 9 17 153216.953 -69426.4297 107730.672
0 12 518 1704 158752.031 -26626.623 118560.172
0 12 519 1704 158793 -26633.4941 118513.234
0 12 518 1705 158753.922 -26549.4238 118561.578
0 12 519 1705 158792.359 -26555.8516 118512.766
0 14 2104 6804 159094.625 -26946.2637 118223.695
0 14 2105 6804 159106.375 -26948.2559 118213.008
0 14 2104 6805 159096.672 -26927.1895 118225.219
0 14 2105 6805 159107.938 -26929.0957 118214.172
4 6 58 26 124401.555 -25819.1934 150220.75
4 6 59 26 127143.5 -25428.7012 147948.797
4 6 58 27 124648.461 -21166.7188 150518.891
4 6 59 27 127367.609 -20841.9707 148209.578
0 9 54 208 155112.25 -28780.5957 122090.312
0 9 55 208 155512.688 -28854.8926 121798.023
0 9 54 209 155117.109 -28175.5684 122094.133
0 9 55 209 155503.953 -28245.8359 121791.18
4 5 24 8 84770.4844 -74797.4844 159567.969
4 5 25 8 92551.0859 -73066.6406 155875.5
4 5 24 9 86483.1719 -66134.1875 162791.859
4 5 25 9 94360.2734 -64562.2969 158922.562
0 8 42 110 165236.469 -22590.9238 110372.797
0 8 43 110 165810.688 -22669.4297 109460.961
0 8 42 111 165378.469 -21318.3184 110467.656
0 8 43 111 165922.078 -21388.3926 109534.5
0 12 536 1708 159495.609 -26439.8242 117713.672
0 12 537 1708 159541.594 -26447.4453 117669.719
0 12 536 1709 159503.406 -26363.2344 117719.438
0 12 537 1709 159545.016 -26370.1113 117672.242
0 16 8474 27232 159225.781 -26898.0215 118046.617
0 16 8475 27232 159227.844 -26898.3672 118043.289
0 16 8474 27233 159226.109 -26893.2148 118046.859
0 16 8475 27233 159228.141 -26893.5566 118043.5
0 14 2104 6806 159097.531 -26907.9141 118225.852
0 14 2105 6806 159109.891 -26910.0039 118215.617
0 14 2104 6807 159100.391 -26888.9746 118227.984
0 14 2105 6807 159111.516 -26890.8574 118216.836
0 11 270 858 159682.016 -25807.9824 117500.398
0 11 271 858 159766.703 -25821.6699 117406.688
0 11 270 859 159693.391 -25653.8711 117508.758
0 11 271 859 159773.297 -25666.707 117411.523
3 4 10 10 56918.3477 -182138.719 56918.3477
3 4 11 10 76344.7422 -174502.266 54531.9609
3 4 10 11 55129.5898 -176414.688 77181.4219
3 4 11 11 73383.5547 -167733.844 73383.5547
4 6 58 24 124015.336 -35098.6836 149754.375
4 6 59 24 126646.672 -34540 147370.672
4 6 58 25 124172.094 -30457.3086 149943.672
4 6 59 25 126893.734 -29993.0645 147658.156
0 8 38 98 161075.953 -37122.9766 112627.328
0 8 39 98 161650.016 -37255.2773 111765.836
0 8 38 99 161227.016 -35898.2031 112732.945
0 8 39 99 161822.719 -36030.8398 111885.234
0 10 122 418 157509.891 -28764.0137 119824.414
0 10 123 418 157666.469 -28792.6074 119635.594
0 10 122 419 157508.812 -28456.1797 119823.594
0 10 123 419 157670.5 -28485.3926 119638.641
0 16 8458 27218 159188.812 -26959.7871 118096.93
0 16 8459 27218 159191.203 -26960.1934 118093.852
0 16 8458 27219 159188.875 -26954.9375 118096.977
0 16 8459 27219 159191.359 -26955.3613 118093.969
3 4 14 6 121859.422 -149980.828 -28121.4062
3 4 15 6 132567.328 -141405.141 -26513.4648
3 4 14 7 123099.875 -151507.531 -9469.2207
3 4 15 7 133874.375 -142799.328 -8924.95801
0 12 522 1708 158937.203 -26347.2539 118388.031
0 12 523 1708 158983.469 -26354.9258 118344.867
0 12 522 1709 158930.062 -26268.4688 118382.711
0 12 523 1709 158970.203 -26275.1035 118334.992
0 17 16930 54444 159204.703 -26944.2598 118075.93
0 17 16931 54444 159205.844 -26944.4531 118074.344
0 17 16930 54445 159204.844 -26941.8516 118076.031
0 17 16931 54445 159206 -26942.0469 118074.453
0 18 33854 108900 159201.938 -26929.8223 118081.773
0 18 33855 108900 159202.469 -26929.9141 118080.953
0 18 33854 108901 159202.031 -26928.623 118081.844
0 18 33855 108901 159202.562 -26928.7148 118081.031
0 11 256 856 158441.938 -25917.0176 118754.086
0 11 257 856 158540.312 -25933.1074 118672.992
0 11 256 857 158444.516 -25762.707 118756.016
0 11 257 857 158535.422 -25777.4883 118669.336
0 12 530 1710 159271.562 -26247.1465 118014.945
0 12 531 1710 159310.297 -26253.5273 117965.859
0 12 530 1711 159270.156 -26169.1426 118013.891
0 12 531 1711 159310.094 -26175.7051 117965.711
0 17 16928 54444 159202.391 -26943.8672 118079.062
0 17 16929 54444 159203.547 -26944.0645 118077.508
0 17 16928 54445 159202.438 -26941.4453 118079.109
0 17 16929 54445 159203.625 -26941.6504 118077.57
0 9 76 210 162039.094 -28799.918 113617.25
0 9 77 210 162312.734 -28848.5527 113175.094
0 9 76 211 162125.422 -28181.957 113677.789
0 9 77 211 162409.734 -28231.3809 113242.727
0 13 1048 3396 158988.859 -27151.541 118290.664
0 13 1049 3396 159012.625 -27155.5996 118269.523
0 13 1048 3397 158991.797 -27113.2246 118292.844
0 13 1049 3397 159012.219 -27116.707 118269.219
0 13 1068 3400 159394.344 -27065.127 117814.055
0 13 1069 3400 159413.188 -27068.3281 117789.055
0 13 1068 3401 159387.609 -27025.0723 117809.078
0 13 1069 3401 159408.391 -27028.5957 117785.516
0 16 8476 27228 159229.766 -26918.1289 118039.859
0 16 8477 27228 159231.781 -26918.4707 118036.484
0 16 8476 27229 159230.125 -26913.334 118040.125
0 16 8477 27229 159232.172 -26913.6777 118036.773
0 8 42 102 164051.969 -32682.2285 109581.594
0 8 43 102 164638.703 -32799.1172 108687.273
0 8 42 103 164222.984 -31433.3047 109695.82
0 8 43 103 164775.469 -31539.0547 108777.555
0 14 2108 6798 159119.281 -27066.9844 118164.32
0 14 2109 6798 159129.953 -27068.7969 118152.82
0 14 2108 6799 159123.188 -27048.2207 118167.219
0 14 2109 6799 159133.188 -27049.9219 118155.227
0 11 254 854 158296.094 -26202.332 118953.945
0 11 255 854 158387.234 -26217.416 118867.766
0 11 254 855 158275.922 -26044.4277 118938.789
0 11 255 855 158354.469 -26057.3516 118843.164
0 18 33854 108914 159202.547 -26912.9199 118082.219
0 18 33855 108914 159203.172 -26913.0293 118081.477
0 18 33854 108915 159202.609 -26911.7168 118082.266
0 18 33855 108915 159203.25 -26911.8281 118081.531
0 16 8476 27226 159229.656 -26927.8301 118039.773
0 16 8477 27226 159231.656 -26928.168 118036.391
0 16 8476 27227 159229.438 -26922.9336 118039.602
0 16 8477 27227 159231.375 -26923.2617 118036.188
2 3 0 4 -132685.875 151641 -18955.125
2 3 1 4 -106658.477 170653.562 -21331.6953
2 3 0 5 -128250.477 146571.969 -54964.4883
2 3 1 5 -102207.789 163532.453 -61324.668
5 3 4 6 -21224.416 106122.078 -169795.328
5 3 5 6 -61028.6445 101714.414 -162743.062
5 3 4 7 -18857.791 132004.547 -150862.328
5 3 5 7 -54877.0234 128046.391 -146338.734
0 5 8 20 172319.734 48464.9258 80774.875
0 5 9 20 176743.391 49709.0781 71802
0 5 8 21 169632.266 58311.0859 79515.1172
0 5 9 21 173844.766 59759.1367 70624.4375
0 8 28 96 154974.781 -38138.3242 120468.672
0 8 29 96 155495.031 -38266.3516 119658.281
0 8 28 97 155141.828 -36967.3867 120598.523
0 8 29 97 155727.547 -37106.9531 119837.211
0 14 2122 6814 159271.453 -26781.7891 118005.133
0 14 2123 6814 159277.781 -26782.8535 117990.383
0 14 2122 6815 159272.484 -26762.5234 118005.906
0 14 2123 6815 159279.359 -26763.6738 117991.539
0 10 142 422 160638.844 -28080.4238 115929.789
0 10 143 422 160798.797 -28108.3828 115731.164
0 10 142 423 160695.016 -27776.3848 115970.328
0 10 143 423 160842.578 -27801.8906 115762.672
0 15 4226 13604 159173.094 -27003.2734 118111.992
0 15 4227 13604 159177.469 -27004.0117 118105.516
0 15 4226 13605 159174.125 -26993.7305 118112.75
0 15 4227 13605 159178.984 -26994.5547 118106.648
0 18 33852 108912 159201.031 -26915.0938 118083.531
0 18 33853 108912 159201.734 -26915.2129 118082.836
0 18 33852 108913 159201.094 -26913.8906 118083.57
0 18 33853 108913 159201.781 -26914.0098 118082.875
0 12 528 1710 159187.891 -26233.3574 118108.406
0 12 529 1710 159229.438 -26240.2012 118061.477
0 12 528 1711 159186.453 -26155.3906 118107.328
0 12 529 1711 159226.547 -26161.9766 118059.336
0 18 33850 108906 159199.703 -26922.1582 118084.984
0 18 33851 108906 159200.375 -26922.2715 118084.266
0 18 33850 108907 159199.672 -26920.9395 118084.961
0 18 33851 108907 159200.344 -26921.0547 118084.25
0 11 252 848 158169.891 -27108.2168 119168.039
0 11 253 848 158249.5 -27121.8633 119073.484
0 11 252 849 158175.797 -26954.7617 119172.492
0 11 253 849 158271.141 -26971.0098 119089.766
0 15 4232 13622 159212.781 -26835.0879 118083.141
0 15 4233 13622 159217.234 -26835.8398 118076.719
0 15 4232 13623 159214.234 -26825.6133 118084.211
0 15 4233 13623 159218.688 -26826.3652 118077.797
0 7 20 44 160445.938 -48885.8711 109053.102
0 7 21 44 161568.344 -49227.8555 107291.477
0 7 20 45 160915.516 -46514.6367 109372.258
0 7 21 45 162083.344 -46852.2148 107633.477
0 8 20 104 150419.297 -27616.041 126328.703
0 8 21 104 151135.047 -27747.4512 125749.078
0 8 20 105 150431.516 -26443.041 126338.961
0 8 21 105 151096.953 -26560.0098 125717.383
0 15 4234 13622 159222 -26836.6445 118070.547
0 15 4235 13622 159226.875 -26837.4629 118064.438
0 15 4234 13623 159223.031 -26827.0996 118071.297
0 15 4235 13623 159227.641 -26827.875 118065
5 3 4 2 -23446.0293 -70338.0859 -187568.234
5 3 5 2 -66723.8828 -66723.8828 -177930.344
5 3 4 3 -24906.6719 -24906.6719 -199253.375
5 3 5 3 -70315.5234 -23438.5078 -187508.062
0 18 33870 108914 159210.938 -26914.3398 118069.008
0 18 33871 108914 159211.453 -26914.4277 118068.18
0 18 33870 108915 159211.047 -26913.1445 118069.094
0 18 33871 108915 159211.562 -26913.2285 118068.258
3 4 8 14 9657.90332 -154526.453 125552.75
3 4 9 14 28440.4648 -151682.469 123242.016
3 4 8 15 9001.99707 -144031.953 135029.953
3 4 9 15 26661.4395 -142194.328 133307.188
0 11 256 842 158496.719 -28092.9258 118795.148
0 11 257 842 158584.812 -28108.5371 118706.312
0 11 256 843 158514.906 -27941.3477 118808.781
0 11 257 843 158593.359 -27955.1758 118712.695
0 11 252 850 158180.562 -26801.1016 119176.07
0 11 253 850 158274.734 -26817.0566 119092.469
0 11 252 851 158191.391 -26648.4531 119184.242
0 11 253 851 158274.281 -26662.416 119092.117
0 17 16922 54446 159195.359 -26937.8203 118088.43
0 17 16923 54446 159196.484 -26938.0117 118086.852
0 17 16922 54447 159195.5 -26935.4141 118088.531
0 17 16923 54447 159196.719 -26935.6211 118087.016
0 13 1046 3404 158968.234 -26837.5312 118352.93
0 13 1047 3404 158995.469 -26842.1309 118334.398
0 13 1046 3405 158971.562 -26799.2812 118355.406
0 13 1047 3405 158997.812 -26803.709 118336.148
2 4 14 4 120385.172 148166.359 64822.7852
2 4 15 4 130514.312 139215.266 60906.6836
2 4 14 5 123313.125 151770.016 47428.125
2 4 15 5 134005.781 142939.5 44668.5938
0 17 16920 54448 159193.047 -26932.5703 118091.578
0 17 16921 54448 159194.344 -26932.7891 118090.102
0 17 16920 54449 159193 -26930.1328 118091.539
0 17 16921 54449 159194.406 -26930.3711 118090.148
5 3 6 0 -85237.2344 -119332.125 -136379.578
5 3 7 0 -110297.945 -110297.945 -126054.789
5 3 6 1 -94037.8438 -94037.8438 -150460.562
5 3 7 1 -119860.531 -85614.6719 -136983.469
0 16 8472 27234 159222.969 -26887.8262 118054.25
0 16 8473 27234 159224.75 -26888.125 118050.703
0 16 8472 27235 159223.547 -26883.0664 118054.68
0 16 8473 27235 159225.312 -26883.3652 118051.133
0 18 33872 108906 159210.984 -26924.0645 118066.617
0 18 33873 108906 159211.531 -26924.1582 118065.812
0 18 33872 108907 159211.062 -26922.8652 118066.68
0 18 33873 108907 159211.609 -26922.957 118065.875
0 5 0 0 115551.867 -111940.875 111940.875
0 5 1 0 118120.18 -114428.922 107046.414
0 5 0 1 118040.289 -106974.016 114351.531
0 5 1 1 120794.32 -109469.852 109469.852
0 5 12 10 186802.391 -64213.3242 40863.0234
0 5 13 10 188680.188 -64858.8125 29481.2773
0 5 12 11 189788.141 -53377.9141 41516.1562
0 5 13 11 191800.109 -53943.7812 29968.7676
0 7 22 60 166735.516 -9118.34766 108117.562
0 7 23 60 168250.734 -9201.21191 106471.156
0 7 22 61 166431.5 -6501.23047 107920.43
0 7 23 61 167963.562 -6561.07617 106289.438
4 5 30 22 125691.43 56344.4336 138694
4 5 31 22 130517.711 54733.2344 134727.969
4 5 30 23 124004.648 64140.3359 136832.719
4 5 31 23 128931.133 62386.0273 133090.203
0 11 272 844 159754.625 -28003.8633 117241.797
0 11 273 844 159817.047 -28014.8047 117131.539
0 11 272 845 159760.328 -27848.8438 117245.984
0 11 273 845 159826.125 -27860.3164 117138.203
1 3 0 0 -124369.5 -108823.32 -108823.32
1 3 1 0 -133193.578 -116544.375 -83245.9844
1 3 0 1 -136429.812 -85268.6328 -119376.078
1 3 1 1 -147872.984 -92420.6172 -92420.6172
0 18 33850 108908 159199.656 -26919.7188 118084.938
0 18 33851 108908 159200.328 -26919.834 118084.219
0 18 33850 108909 159199.625 -26918.5 118084.914
0 18 33851 108909 159200.312 -26918.6152 118084.219
0 15 4240 13620 159243.703 -26859.7383 118028.312
0 15 4241 13620 159247.828 -26860.4355 118021.648
0 15 4240 13621 159245.766 -26850.3672 118029.844
0 15 4241 13621 159249.625 -26851.0176 118022.977
0 4 6 14 154851.641 125816.969 29034.6855
0 4 7 14 156302.5 126995.781 9768.90625
0 4 6 15 145622.359 136520.969 27304.1934
0 4 7 15 146933.562 137750.219 9183.34766
0 10 120 426 157125.203 -26238.6797 120145.539
0 10 121 426 157296.922 -26267.3555 119969.625
0 10 120 427 157108.312 -25929.0059 120132.625
0 10 121 427 157288.547 -25958.7539 119963.227
0 15 4242 13618 159248.219 -26879.9414 118012.227
0 15 4243 13618 159253.438 -26880.8223 118006.367
0 15 4242 13619 159250.328 -26870.5781 118013.781
0 15 4243 13619 159254.844 -26871.3379 118007.406
0 14 2124 6800 159272.859 -27054.2207 117967.305
0 14 2125 6800 159280.469 -27055.5137 117953.484
0 14 2124 6801 159275.578 -27035.2422 117969.312
0 14 2125 6801 159282.719 -27036.4531 117955.164
4 4 10 14 47159.4805 122614.648 150910.344
4 4 11 14 64380.4531 119563.695 147155.312
4 4 10 15 44634.5117 133903.547 142830.438
4 4 11 15 61056.0898 130834.469 139556.781
0 4 10 6 187035.766 -35069.207 -58448.6797
0 4 11 6 177377.375 -33258.2617 -77602.6016
0 4 10 7 188084.562 -11755.2852 -58776.4219
0 4 11 7 179494.609 -11218.4131 -78528.8906
0 9 54 214 155040.562 -25133.5293 122033.883
0 9 55 214 155383.406 -25189.1055 121696.766
0 9 54 215 154991.547 -24520.1484 121995.305
0 9 55 215 155345.453 -24576.1367 121667.047
0 7 6 58 145795.547 -12529.3047 130988.18
0 7 7 58 147002.828 -12633.0566 129775.938
0 7 6 59 145786.047 -10250.582 130979.656
0 7 7 59 146967.297 -10333.6377 129744.562
0 12 522 1692 158896.125 -27581.8223 118357.438
0 12 523 1692 158935.484 -27588.6523 118309.148
0 12 522 1693 158898.594 -27504.666 118359.289
0 12 523 1693 158940.953 -27511.998 118313.219
0 15 4220 13612 159153.266 -26922.1973 118155.562
0 15 4221 13612 159157.219 -26922.8652 118148.781
0 15 4220 13613 159154.812 -26912.7441 118156.719
0 15 4221 13613 159158.203 -26913.3184 118149.508
0 16 8456 27232 159186.891 -26891.4512 118105.219
0 16 8457 27232 159189.016 -26891.8066 118101.945
0 16 8456 27233 159188.281 -26886.8262 118106.266
0 16 8457 27233 159190.219 -26887.1543 118102.844
0 8 20 106 150457.469 -25272.1543 126360.758
0 8 21 106 151112.125 -25382.1172 125730.016
0 8 20 107 150460.156 -24097.1348 126363.016
0 8 21 107 151101.25 -24199.8105 125720.969
0 15 4236 13604 159219.984 -27011.2285 118049.617
0 15 4237 13604 159225.312 -27012.1289 118043.836
0 15 4236 13605 159220.938 -27001.6719 118050.312
0 15 4237 13605 159226.531 -27002.6191 118044.734
0 13 1058 3412 159233.562 -26571.3223 118083.969
0 13 1059 3412 159249.172 -26573.9297 118056.672
0 13 1058 3413 159240.109 -26533.5391 118088.828
0 13 1059 3413 159254.234 -26535.8906 118060.414
0 5 4 22 150514.672 61146.582 108182.414
0 5 5 22 154593.328 62803.5391 101451.867
0 5 4 23 148183.234 69460.8906 106506.703
0 5 5 23 152068.797 71282.25 99795.1484
0 5 8 4 152361.484 -109509.812 71419.4375
0 5 9 4 154925.547 -111352.734 62938.5039
0 5 8 5 156357.562 -102609.656 73292.6094
0 5 9 5 159222.172 -104489.547 64684.0117
0 12 532 1710 159351.922 -26260.3887 117918.859
0 12 533 1710 159391.609 -26266.9258 117870.398
0 12 532 1711 159349.203 -26182.1328 117916.859
0 12 533 1711 159387.094 -26188.3574 117867.062
0 17 16936 54462 159213.219 -26901.9707 118067.672
0 17 16937 54462 159214.344 -26902.1602 118066.07
0 17 16936 54463 159213.469 -26899.584 118067.859
0 17 16937 54463 159214.625 -26899.7793 118066.289
0 4 10 4 175786.25 -76906.4844 -54933.207
0 4 11 4 168775.031 -73839.0781 -73839.0781
0 4 10 5 183096.922 -57217.7891 -57217.7891
0 4 11 5 173706.328 -54283.2266 -75996.5156
0 6 12 34 167927.578 13119.3428 102330.867
0 6 13 34 170638.641 13331.1445 98650.4688
0 6 12 35 167237.531 18291.6055 101910.375
0 6 13 35 169849.844 18577.3262 98194.4375
0 9 64 202 157994.781 -33018.4414 118187.508
0 9 65 202 158317.422 -33085.8672 117810.422
0 9 64 203 158109.984 -32424.8984 118273.68
0 9 65 203 158373.5 -32478.9414 117852.156
5 3 4 4 -24837.6426 24837.6426 -198701.141
5 3 5 4 -70710.3125 23570.1055 -188560.844
5 3 4 5 -23436.2383 70308.7109 -187489.906
5 3 5 5 -66716.4453 66716.4453 -177910.531
0 8 28 114 155564.844 -16407.2285 120927.352
0 8 29 114 156196.312 -16473.8301 120197.945
0 8 28 115 155483.688 -15183.9551 120864.281
0 8 29 115 156158.469 -15249.8506 120168.828
4 6 58 28 124850.672 -16489.7109 150763.062
4 6 59 28 127550.797 -16233.7363 148422.734
4 6 58 29 124997.086 -11792.1777 150939.875
4 6 59 29 127707.539 -11609.7754 148605.125
0 8 34 96 158363.141 -38972.1797 115679.336
0 8 35 96 158963.625 -39119.957 114876.055
0 8 34 97 158563.375 -37782.6758 115825.578
0 8 35 97 159143.703 -37920.9609 115006.195
0 17 16932 54444 159206.969 -26944.6445 118072.766
0 17 16933 54444 159208.094 -26944.834 118071.156
0 17 16932 54445 159207.109 -26942.2363 118072.859
0 17 16933 54445 159208.266 -26942.4297 118071.273
0 12 532 1692 159329.547 -27657.0566 117902.312
0 12 533 1692 159368.234 -27663.7754 117853.117
0 12 532 1693 159321.234 -27577.8223 117896.156
0 12 533 1693 159356.531 -27583.9336 117844.477
0 8 22 110 151727.75 -20744.0273 125056.859
0 8 23 110 152374.344 -20832.4297 124399.375
0 8 22 111 151701.859 -19555.3184 125035.516
0 8 23 111 152361.5 -19640.3496 124388.883
0 8 20 102 150434.609 -29969.3945 126341.562
0 8 21 102 151123.25 -30106.5879 125739.273
0 8 20 103 150434.859 -28794.1719 126341.781
0 8 21 103 151126.562 -28926.5684 125742.023
0 10 136 416 159537.609 -29757.5039 117004.633
0 10 137 416 159685.5 -29785.0879 116801.203
0 10 136 417 159598.625 -29457.166 117049.375
0 10 137 417 159723.266 -29480.1738 116828.836
0 5 10 6 166044.422 -98588.875 57077.7695
0 5 11 6 168360.5 -99964.0469 47351.3906
0 5 10 7 170195.281 -90416.2422 58504.6289
0 5 11 7 172788.094 -91793.6719 48596.6523
0 13 1062 3394 159271.75 -27277.6211 117956.758
0 13 1063 3394 159293.984 -27281.4297 117934.32
0 13 1062 3395 159269.969 -27238.4316 117955.438
0 13 1063 3395 159291.453 -27242.1055 117932.445
0 17 16926 54444 159199.953 -26943.4531 118082.125
0 17 16927 54444 159201.172 -26943.6602 118080.594
0 17 16926 54445 159199.969 -26941.0293 118082.141
0 17 16927 54445 159201.188 -26941.2344 118080.609
0 9 76 216 162515.219 -25075.5879 113951.094
0 9 77 216 162807.75 -25120.7266 113520.25
0 9 76 217 162573.938 -24449.5957 113992.273
0 9 77 217 162866.641 -24493.6172 113561.312
2 4 12 2 84419.8281 150079.688 103179.789
2 4 13 2 98734.1016 143613.234 98734.1016
2 4 12 3 88213.8828 156824.688 88213.8828
2 4 13 3 102996.938 149813.719 84270.2188
0 7 26 50 169883.312 -35834.7617 99541.0078
0 7 27 50 171032.328 -36077.1289 97541.875
0 7 26 51 170240.656 -33250.1289 99750.3906
0 7 27 51 171392.812 -33475.1602 97747.4688
0 14 2104 6802 159092.781 -26984.793 118222.328
0 14 2105 6802 159103.047 -26986.5332 118210.539
0 14 2104 6803 159094.906 -26965.7324 118223.914
0 14 2105 6803 159104.984 -26967.4395 118211.961
0 17 16926 54462 159202.781 -26900.209 118084.219
0 17 16927 54462 159204.094 -26900.4316 118082.773
0 17 16926 54463 159203.016 -26897.8164 118084.391
0 17 16927 54463 159204.328 -26898.0371 118082.938
0 13 1060 3412 159268.156 -26577.0977 118031.852
0 13 1061 3412 159287.516 -26580.3262 118007.32
0 13 1060 3413 159271.031 -26538.6895 118033.984
0 13 1061 3413 159288.609 -26541.6191 118008.117
0 15 4230 13622 159203.562 -26833.5352 118095.742
0 15 4231 13622 159208.203 -26834.3164 118089.461
0 15 4230 13623 159204.594 -26823.9902 118096.492
0 15 4231 13623 159209.297 -26824.7871 118090.273
0 10 132 434 159156.562 -24091.082 117968.586
0 10 133 434 159329.344 -24117.2344 117785.461
0 10 132 435 159136.219 -23777.1895 117953.516
0 10 133 435 159320.75 -23804.7598 117779.109
4 5 28 2 100194.766 -108210.344 128249.297
4 5 29 2 105983.508 -105983.508 125610.086
4 5 28 3 102465.641 -102465.641 131156.016
4 5 29 3 108296.781 -100274.797 128351.734
0 16 8470 27218 159216.734 -26964.5156 118059.352
0 16 8471 27218 159219.219 -26964.9355 118056.328
0 16 8470 27219 159217.25 -26959.7441 118059.734
0 16 8471 27219 159219.844 -26960.1816 118056.781
0 9 72 220 161336.891 -22372.8887 115645.773
0 9 73 220 161710.078 -22424.6387 115281.594
0 9 72 221 161304.672 -21738.3262 115622.695
0 9 73 221 161675.938 -21788.3574 115257.258
0 14 2110 6814 159169.906 -26764.7168 118163.055
0 14 2111 6814 159179.609 -26766.3477 118150.828
0 14 2110 6815 159174.234 -26746.0117 118166.273
0 14 2111 6815 159182.234 -26747.3555 118152.781
0 12 540 1702 159648.047 -26932.8125 117514.367
0 12 541 1702 159690.828 -26940.0293 117467.891
0 12 540 1703 159650.156 -26855.2129 117515.93
0 12 541 1703 159693.547 -26862.5137 117469.883
0 6 0 34 139162.688 10872.085 136988.266
0 6 1 34 141314.953 11040.2314 134690.812
0 6 0 35 138919.297 15194.2988 136748.688
0 6 1 35 141060.438 15428.4863 134448.234
2 3 0 6 -120588.406 137815.328 -86134.5781
2 3 1 6 -94763.7969 151622.078 -94763.7969
2 3 0 7 -111295.641 127195.008 -111295.641
2 3 1 7 -86136.1797 137817.875 -120590.641
0 7 4 56 143445.859 -16810.0625 133359.828
0 7 5 56 144621.062 -16947.7812 132192.688
0 7 4 57 143461.188 -14570.2773 133374.078
0 7 5 57 144624.281 -14688.4033 132195.625
0 9 62 202 157429.016 -32900.207 118994.195
0 9 63 202 157716.891 -32960.3633 118595.703
0 9 62 203 157562.641 -32312.6523 119095.195
0 9 63 203 157834.781 -32368.459 118684.352
0 15 4236 13622 159231.547 -26838.252 118058.18
0 15 4237 13622 159235.609 -26838.9355 118051.469
0 15 4236 13623 159232.547 -26828.7012 118058.922
0 15 4237 13623 159237.094 -26829.4668 118052.578
0 8 24 112 152992.141 -18526.3926 123708.484
0 8 25 112 153617.844 -18602.1602 123014.289
0 8 24 113 152941.266 -17325.3789 123667.359
0 8 25 113 153591.391 -17399.0234 122993.102
0 15 4220 13610 159153.297 -26941.6289 118155.586
0 15 4221 13610 159157.047 -26942.2676 118148.664
0 15 4220 13611 159152.734 -26931.8203 118155.18
0 15 4221 13611 159156.906 -26932.5293 118148.555
0 17 16942 54454 159218.344 -26922.2734 118056.898
0 17 16943 54454 159219.484 -26922.4648 118055.312
0 17 16942 54455 159218.578 -26919.8828 118057.062
0 17 16943 54455 159219.688 -26920.0723 118055.461
0 10 120 420 157138.375 -28082.3477 120155.609
0 10 121 420 157330.266 -28116.6387 119995.055
0 10 120 421 157126.969 -27773.4199 120146.883
0 10 121 421 157317.203 -27807.0449 119985.094
4 6 58 22 123106.438 -44132.4961 148656.828
4 6 59 22 126141.805 -43576.2578 146783.188
4 6 58 23 123984.711 -39768.6797 149717.391
4 6 59 23 126561.336 -39118.9609 147271.375
0 7 4 46 142523.328 -38971.2227 132502.156
0 7 5 46 143806.234 -39322.0195 131447.891
0 7 4 47 142696.828 -36789.0273 132663.469
0 7 5 47 143920.984 -37104.6289 131552.781
0 12 526 1710 159103.75 -26219.4902 118201.352
0 12 527 1710 159150.219 -26227.1465 118158.156
0 12 526 1711 159091.422 -26139.7773 118192.188
0 12 527 1711 159143.359 -26148.3105 118153.062
0 13 1046 3398 158958.984 -27068.8223 118346.055
0 13 1047 3398 158977.031 -27071.8965 118320.68
0 13 1046 3399 158956.75 -27029.6328 118344.383
0 13 1047 3399 158978.359 -27033.3047 118321.656
0 18 33850 108904 159199.781 -26924.5996 118085.031
0 18 33851 108904 159200.406 -26924.7051 118084.281
0 18 33850 108905 159199.734 -26923.377 118085.008
0 18 33851 108905 159200.391 -26923.4883 118084.266
1 3 2 6 -163531.891 102207.438 -61324.457
1 3 3 6 -170659.062 106661.906 -21332.3828
1 3 2 7 -146570.734 128249.398 -54964.0273
1 3 3 7 -151631.234 132677.328 -18953.9043
0 10 124 416 157845.594 -29441.9023 119463.219
0 10 125 416 157998.672 -29470.4551 119270.484
0 10 124 417 157856.344 -29135.5957 119471.359
0 10 125 417 158014.203 -29164.7305 119282.195
0 11 274 846 159902.688 -27717.5059 117038.148
0 11 275 846 159976.766 -27730.3496 116936.141
0 11 274 847 159906.406 -27561.9922 117040.867
0 11 275 847 159979.734 -27574.6309 116938.312
0 13 1050 3394 159026.922 -27235.6914 118241.328
0 13 1051 3394 159049.406 -27239.543 118219.227
0 13 1050 3395 159030.328 -27197.4473 118243.867
0 13 1051 3395 159049.406 -27200.709 118219.219
0 10 134 434 159497.531 -24142.6934 117598.273
0 10 135 434 159683.547 -24170.8477 117423.547
0 10 134 435 159489.5 -23829.9766 117592.359
0 10 135 435 159662.297 -23855.791 117407.922
0 14 2114 6796 159170.75 -27114.5977 118085.961
0 14 2115 6796 159180.969 -27116.3379 118074.117
0 14 2114 6797 159174.391 -27095.7852 118088.656
0 14 2115 6797 159183.953 -27097.4141 118076.336
0 14 2104 6808 159102.109 -26869.8438 118229.258
0 14 2105 6808 159113.547 -26871.7773 118218.336
0 14 2104 6809 159104.922 -26850.8984 118231.352
0 14 2105 6809 159116.188 -26852.8008 118220.305
0 7 26 56 171617.172 -20111.3867 100556.938
0 7 27 56 172799.156 -20249.9004 98549.5156
0 7 26 57 171828.828 -17451.3652 100680.953
0 7 27 57 173016.438 -17571.9824 98673.4375
0 8 38 114 162589.844 -17148.1484 113685.867
0 8 39 114 163331.984 -17226.4219 112928.758
0 8 38 115 162463.969 -15865.623 113597.859
0 8 39 115 163227.406 -15940.1768 112856.445
0 18 33872 108912 159211.75 -26916.9062 118067.18
0 18 33873 108912 159212.266 -26916.9941 118066.352
0 18 33872 108913 159211.859 -26915.7109 118067.273
0 18 33873 108913 159212.406 -26915.8027 118066.453
0 4 10 2 157545.688 -108312.664 -49233.0312
0 4 11 2 152427.141 -104793.656 -66686.8672
0 4 10 3 167803.172 -94389.2891 -52438.4961
0 4 11 3 161186.188 -90667.2266 -70518.9531
0 18 33860 108898 159204.828 -26932.7402 118076.641
0 18 33861 108898 159205.344 -26932.8281 118075.789
0 18 33860 108899 159204.875 -26931.5371 118076.664
0 18 33861 108899 159205.359 -26931.6172 118075.812
4 5 26 4 91865.0859 -100614.148 139984.891
4 5 27 4 98467.0938 -98467.0938 136997.703
4 5 26 5 93967.4688 -93967.4688 143188.531
4 5 27 5 100618.008 -91868.6094 139990.266
0 13 1056 3412 159202.188 -26566.0879 118138.438
0 13 1057 3412 159217.25 -26568.6016 118110.742
0 13 1056 3413 159202 -26527.1895 118138.297
0 13 1057 3413 159221.469 -26530.4355 118113.875
1 3 2 2 -174787.422 -65545.2812 -65545.2812
1 3 3 2 -184338.766 -69127.0312 -23042.3457
1 3 2 3 -187078.609 -23384.8262 -70154.4766
1 3 3 3 -197468.266 -24683.5332 -24683.5332
0 16 8476 27224 159230.766 -26937.7363 118040.594
0 16 8477 27224 159233.062 -26938.123 118037.438
0 16 8476 27225 159230.203 -26932.7832 118040.172
0 16 8477 27225 159232.344 -26933.1445 118036.898
0 9 74 206 161158.891 -31161.584 114259.133
0 9 75 206 161428.453 -31213.7051 113819.672
0 9 74 207 161279.562 -30554.916 114344.688
0 9 75 207 161530.484 -30602.4551 113891.609
0 12 538 1696 159552.844 -27384.1914 117600.109
0 12 539 1696 159591.844 -27390.8867 117550.93
0 12 538 1697 159554.797 -27306.6172 117601.547
0 12 539 1697 159592.875 -27313.1367 117551.688
0 11 252 846 158157.609 -27415.0176 119158.789
0 11 253 846 158252.828 -27431.5195 119075.977
0 11 252 847 158169 -27262.5273 119167.367
0 11 253 847 158250.906 -27276.6465 119074.539
0 14 2126 6802 159294.594 -27019.0234 117944.508
0 14 2127 6802 159302.375 -27020.3457 117930.828
0 14 2126 6803 159294.297 -26999.5273 117944.273
0 14 2127 6803 159303.609 -27001.1055 117931.727
0 9 66 202 158600.469 -33145.0195 117401.516
0 9 67 202 158868.328 -33200.9961 116979.211
0 9 66 203 158634.844 -32532.5352 117426.961
0 9 67 203 158941 -32595.3223 117032.719
0 12 536 1694 159473.938 -27526.3848 117697.688
0 12 537 1694 159515.109 -27533.4922 117650.172
0 12 536 1695 159469.234 -27447.709 117694.219
0 12 537 1695 159507.406 -27454.2773 117644.5
0 7 14 42 152516.719 -51236.082 117962.148
0 7 15 42 153669.156 -51623.2344 116452.406
0 7 14 43 153045.938 -49022.5312 118371.469
0 7 15 43 154183.141 -49386.7891 116841.914
0 4 8 12 175338.938 98628.1484 -10958.6836
0 4 9 12 173394.172 97534.2188 -32511.4082
0 4 8 13 165939.688 114083.539 -10371.2305
0 4 9 13 164491.766 113088.094 -30842.207
0 16 8476 27230 159230.031 -26908.4551 118040.055
0 16 8477 27230 159232.031 -26908.7969 118036.68
0 16 8476 27231 159229.922 -26903.5781 118039.977
0 16 8477 27231 159231.906 -26903.9121 118036.578
0 11 262 840 158952.219 -28484.1133 118205.195
0 11 263 840 159013.875 -28495.1621 118095.75
0 11 262 841 158957.281 -28329.791 118208.961
0 11 263 841 159033.578 -28343.3867 118110.383
0 13 1048 3408 159028.844 -26692.4609 118320.414
0 13 1049 3408 159055.406 -26696.9199 118301.336
0 13 1048 3409 159028.797 -26653.6309 118320.375
0 13 1049 3409 159056.344 -26658.2461 118302.031
0 7 12 42 150244.234 -50472.6719 120899.656
0 7 13 42 151378.531 -50853.7227 119447.125
0 7 12 43 150740.5 -48284.0664 121298.992
0 7 13 43 151896.297 -48654.2852 119855.68
0 9 60 220 156965.734 -21766.7324 119870.32
0 9 61 220 157311.453 -21814.6738 119519.836
0 9 60 221 156937.469 -21149.7773 119848.734
0 9 61 221 157283.047 -21196.3477 119498.25
4 5 30 0 106715.828 -114075.539 117755.398
4 5 31 0 111834.578 -111834.578 115442.148
4 5 30 1 109084.203 -109084.203 120368.781
4 5 31 1 114228.438 -106858.867 117913.234
0 16 8466 27236 159211.938 -26876.2441 118075.219
0 16 8467 27236 159214.359 -26876.6562 118072.164
0 16 8466 27237 159212.438 -26871.4727 118075.594
0 16 8467 27237 159214.891 -26871.8848 118072.555
0 7 6 44 144697.406 -44087.4922 130001.586
0 7 7 44 145876 -44446.5938 128781.156
0 7 6 45 144967.391 -41904.6367 130244.141
0 7 7 45 146207.078 -42262.9844 129073.43
0 12 540 1700 159639.812 -27087.3203 117508.312
0 12 541 1700 159684.844 -27094.9629 117463.484
0 12 540 1701 159643.141 -27009.9355 117510.75
0 12 541 1701 159686.641 -27017.2949 117464.805
0 8 26 96 153851.266 -37861.8359 121999.258
0 8 27 96 154409.016 -37999.0938 121235.203
0 8 26 97 154035.266 -36703.7148 122145.148
0 8 27 97 154612.859 -36841.3438 121395.25
0 16 8454 27230 159181.141 -26900.1973 118110.68
0 16 8455 27230 159183.234 -26900.5469 118107.367
0 16 8454 27231 159181.594 -26895.4141 118111.016
0 16 8455 27231 159183.625 -26895.7559 118107.664
0 18 33870 108902 159209.797 -26928.7227 118068.172
0 18 33871 108902 159210.359 -26928.8184 118067.375
0 18 33870 108903 159209.766 -26927.5039 118068.141
0 18 33871 108903 159210.328 -26927.5996 118067.352
0 15 4222 13606 159157.125 -26981.1367 118138.992
0 15 4223 13606 159162.453 -26982.0371 118133.234
0 15 4222 13607 159157.859 -26971.5449 118139.547
0 15 4223 13607 159162.641 -26972.3555 118133.383
0 12 516 1700 158670.281 -26922.8125 118654.062
0 12 517 1700 158709.594 -26929.4844 118605.969
0 12 516 1701 158672.016 -26845.6309 118655.375
0 12 517 1701 158714.281 -26852.7812 118609.484
0 15 4220 13614 159155.781 -26903.1934 118157.43
0 15 4221 13614 159159.016 -26903.7402 118150.117
0 15 4220 13615 159157.094 -26893.7051 118158.406
0 15 4221 13615 159160.344 -26894.25 118151.094
0 17 16942 54456 159218.812 -26917.4922 118057.242
0 17 16943 54456 159219.938 -26917.6855 118055.648
0 17 16942 54457 159219.031 -26915.0996 118057.398
0 17 16943 54457 159220.156 -26915.291 118055.812
0 14 2116 6796 159191.922 -27118.2031 118062.805
0 14 2117 6796 159203.172 -27120.1191 118051.719
0 14 2116 6797 159195.609 -27099.3984 118065.539
0 14 2117 6797 159205.922 -27101.1562 118053.758
0 4 10 8 187648.484 11728.0303 -58640.1484
0 4 11 8 179573.844 11223.3652 -78563.5547
0 4 10 9 185943.062 34864.3242 -58107.2109
0 4 11 9 177884.453 33353.3359 -77824.4453
0 5 2 0 120733.82 -116960.883 101869.156
0 5 3 0 123368.508 -119513.242 96381.6484
0 5 2 1 123605.922 -112017.867 104292.492
0 5 3 1 126487.43 -114629.242 98818.3047
0 11 258 858 158637.469 -25639.1621 118590.812
0 11 259 858 158742.281 -25656.1016 118514.133
0 11 258 859 158643.969 -25485.2852 118595.664
0 11 259 859 158738.812 -25500.5215 118511.539
0 18 33868 108916 159210.109 -26911.7695 118070.828
0 18 33869 108916 159210.578 -26911.8516 118069.961
0 18 33868 108917 159210.156 -26910.5664 118070.867
0 18 33869 108917 159210.641 -26910.6484 118070.016
0 18 33862 108898 159205.844 -26932.9141 118074.945
0 18 33863 108898 159206.344 -26932.9961 118074.102
0 18 33862 108899 159205.859 -26931.6992 118074.969
0 18 33863 108899 159206.328 -26931.7793 118074.109
0 15 4240 13606 159242.828 -26995.6641 118027.672
0 15 4241 13606 159248.672 -26996.6543 118022.281
0 15 4240 13607 159244.797 -26986.2773 118029.125
0 15 4241 13607 159249.25 -26987.0312 118022.703
0 18 33858 108898 159203.828 -26932.5723 118078.312
0 18 33859 108898 159204.328 -26932.6562 118077.469
0 18 33858 108899 159203.875 -26931.3672 118078.359
0 18 33859 108899 159204.391 -26931.4531 118077.516
0 10 130 434 158791.688 -24035.8516 118318.414
0 10 131 434 158988.703 -24065.6719 118154.688
0 10 130 435 158765.5 -23721.7988 118298.898
0 10 131 435 158955.016 -23750.1133 118129.648
0 11 264 840 159088 -28508.4434 117995.438
0 11 265 840 159163.453 -28521.9648 117895.969
0 11 264 841 159114.047 -28357.7266 118014.766
0 11 265 841 159195.047 -28372.1641 117919.383
5 3 6 6 -95010.7969 95010.7969 -152017.281
5 3 7 6 -120592.109 86137.2266 -137819.562
5 3 6 7 -86126.0078 120576.406 -137801.609
5 3 7 7 -111298.508 111298.508 -127198.289
0 14 2112 6796 159150.109 -27111.084 118109.516
0 14 2113 6796 159160.625 -27112.875 118097.891
0 14 2112 6797 159155.422 -27092.5586 118113.453
0 14 2113 6797 159164.453 -27094.0957 118100.727
0 6 10 16 153927.203 -74558.4922 103419.844
0 6 11 16 155935 -75531.0156 99895.8594
0 6 10 17 155307.703 -70373.8047 104347.367
0 6 11 17 157406.156 -71324.6641 100838.312
0 5 12 16 195932.062 6122.87695 42860.1367
0 5 13 16 198349.547 6198.42334 30992.1152
0 5 12 17 195040.641 18285.0586 42665.1367
0 5 13 17 197443.344 18510.3145 30850.5215
0 14 2122 6798 159255.875 -27090.2168 117993.602
0 14 2123 6798 159262.828 -27091.4004 117979.305
0 14 2122 6799 159257.812 -27071.1074 117995.039
0 14 2123 6799 159264 -27072.1602 117980.18
0 11 270 842 159579.547 -28284.8516 117424.992
0 11 271 842 159651.359 -28297.5801 117321.93
0 11 270 843 159613.141 -28134.9316 117449.703
0 11 271 843 159671.172 -28145.1641 117336.484
0 11 252 852 158177.453 -26491.6328 119173.734
0 11 253 852 158263.297 -26506.0098 119083.852
0 11 252 853 158147.703 -26332.2109 119151.328
0 11 253 853 158242.969 -26348.0723 119068.555
0 15 4242 13608 159254.672 -26978.2324 118017.008
0 15 4243 13608 159259.484 -26979.0469 118010.859
0 15 4242 13609 159253.859 -26968.373 118016.398
0 15 4243 13609 159258.719 -26969.1934 118010.273
0 16 8464 27236 159207.297 -26875.4629 118081.508
0 16 8465 27236 159209.594 -26875.8496 118078.344
0 16 8464 27237 159207.438 -26870.6289 118081.602
0 16 8465 27237 159209.906 -26871.0449 118078.57
0 15 4244 13614 159258.016 -26920.4746 118000.039
0 15 4245 13614 159262.844 -26921.291 117993.898
0 15 4244 13615 159256.781 -26910.5469 117999.125
0 15 4245 13615 159261.75 -26911.3848 117993.086
0 7 2 50 140678.797 -29674.4336 135183.531
0 7 3 50 141853.312 -29922.1816 134095.703
0 7 2 51 140790.391 -27498.125 135290.766
0 7 3 51 141958.984 -27726.3633 134195.609
5 3 6 2 -101774.078 -61064.4414 -162838.516
5 3 7 2 -127642.953 -54704.125 -145877.672
5 3 6 3 -106238.172 -21247.6348 -169981.078
5 3 7 3 -132188.031 -18884.0059 -151072.047
0 5 6 2 139456.016 -117666.008 82802.0078
0 5 7 2 141746.953 -119598.992 75303.0703
0 5 6 3 142949.375 -111679.203 84876.1953
0 5 7 3 145634.469 -113776.922 77368.3125
0 7 16 62 157917.391 -3701.18872 117204.312
0 7 17 62 159239.281 -3732.17065 115697.289
0 7 16 63 157785.953 -1232.70276 117106.758
0 7 17 63 159106.281 -1243.01782 115600.656
4 6 62 16 128103.227 -65101.6445 134403.391
4 6 63 16 130674.219 -64300.0117 132748.406
4 6 62 17 129078.625 -61365.25 135426.75
4 6 63 17 131660.938 -60605.8281 133750.797
0 16 8458 27234 159192.844 -26882.7363 118099.922
0 16 8459 27234 159194.781 -26883.0664 118096.508
0 16 8458 27235 159193.578 -26878.0039 118100.469
0 16 8459 27235 159195.531 -26878.334 118097.07
0 10 140 432 160588.219 -24935.084 116520.547
0 10 141 432 160751.719 -24960.4727 116325.227
0 10 140 433 160599.922 -24623.2305 116529.055
0 10 141 433 160764.672 -24648.4902 116334.602
0 7 2 52 140906.688 -25319.1719 135402.531
0 7 3 52 142056.844 -25525.8398 134288.109
0 7 2 53 140988.359 -23130.9023 135481
0 7 3 53 142138.469 -23319.5918 134365.266
0 12 540 1704 159656.594 -26778.3398 117520.664
0 12 541 1704 159693.766 -26784.5742 117470.039
0 12 540 1705 159671.953 -26702.9512 117531.969
0 12 541 1705 159703.047 -26708.1523 117476.875
0 17 16942 54452 159218.188 -26927.1035 118056.773
0 17 16943 54452 159219.344 -26927.3008 118055.203
0 17 16942 54453 159218.203 -26924.6797 118056.797
0 17 16943 54453 159219.359 -26924.873 118055.211
0 7 8 60 148131.141 -8100.92188 128457.469
0 7 9 60 149306.25 -8165.18506 127143.602
0 7 8 61 148069.578 -5783.96777 128404.086
0 7 9 61 149270.062 -5830.86133 127112.781
0 12 516 1698 158670.078 -27077.7324 118653.922
0 12 517 1698 158714.969 -27085.3906 118609.992
0 12 516 1699 158668.969 -27000.0664 118653.086
0 12 517 1699 158709.438 -27006.9512 118605.859
0 10 122 430 157434.734 -25060.4141 119767.25
0 10 123 430 157606.562 -25087.7637 119590.133
0 10 122 431 157411.828 -24749.3203 119749.82
0 10 123 431 157587.625 -24776.9609 119575.766
0 9 56 204 155840.891 -31350.8047 121446.32
0 9 57 204 156133.547 -31409.6777 121064.484
0 9 56 205 155837.5 -30741.3809 121443.68
0 9 57 205 156173.016 -30807.5684 121095.086
0 16 8468 27236 159216.75 -26877.0566 118069.078
0 16 8469 27236 159218.922 -26877.4258 118065.82
0 16 8468 27237 159217.203 -26872.2773 118069.406
0 16 8469 27237 159219.328 -26872.6367 118066.125
0 18 33856 108916 159203.969 -26910.7324 118080.852
0 18 33857 108916 159204.578 -26910.8359 118080.094
0 18 33856 108917 159204.078 -26909.5371 118080.93
0 18 33857 108917 159204.656 -26909.6348 118080.148
1 3 2 4 -187659.297 23457.4121 -70372.2344
1 3 3 4 -198348.406 24793.5508 -24793.5508
1 3 2 5 -178448.125 66918.0469 -66918.0469
1 3 3 5 -187375.281 70265.7266 -23421.9102
0 13 1066 3410 159362.438 -26670.6426 117868.281
0 13 1067 3410 159381.297 -26673.7988 117843.328
0 13 1066 3411 159363.781 -26631.959 117869.273
0 13 1067 3411 159382.109 -26635.0215 117843.922
0 11 260 840 158815.188 -28459.5586 118413.469
0 11 261 840 158889.141 -28472.8105 118313.453
0 11 260 841 158810 -28303.541 118409.609
0 11 261 841 158885.984 -28317.082 118311.102
4 6 60 18 124663 -59050.8945 139972.484
4 6 61 18 127375.555 -58290.5117 138170.094
4 6 60 19 125674.883 -55120.5664 141108.641
4 6 61 19 128408.555 -54410.4023 139290.641
0 13 1068 3408 159400.875 -26754.9102 117818.891
0 13 1069 3408 159419.094 -26757.9668 117793.43
0 13 1068 3409 159400.266 -26715.8906 117818.438
0 13 1069 3409 159418.188 -26718.8926 117792.758
1 3 0 6 -137811.5 86132.1875 -120585.055
1 3 1 6 -151630.484 94769.0469 -94769.0469
1 3 0 7 -127195.617 111296.172 -111296.172
1 3 1 7 -137802.75 120577.398 -86126.7188
0 10 142 430 160883.141 -25609.3262 116106.094
0 10 143 430 161046.734 -25635.3672 115909.609
0 10 142 431 160889.031 -25296.0293 116110.344
0 10 143 431 161081.469 -25326.2852 115934.617
0 9 54 206 155155.984 -30000.8652 122124.727
0 9 55 206 155495.078 -30066.4336 121784.234
0 9 54 207 155164 -29396.3066 122131.047
0 9 55 207 155515.922 -29462.9766 121800.547
0 8 22 98 151794.516 -34983.8945 125111.883
0 8 23 98 152475.031 -35140.7305 124481.562
0 8 22 99 151842.125 -33808.5938 125151.117
0 8 23 99 152515.172 -33958.4531 124514.336
0 17 16922 54460 159196.688 -26904.0352 118089.414
0 17 16923 54460 159198.031 -26904.2617 118087.984
0 17 16922 54461 159196.984 -26901.6602 118089.641
0 17 16923 54461 159198.344 -26901.8867 118088.227
0 17 16918 54452 159190.422 -26922.4121 118094.492
0 17 16919 54452 159191.641 -26922.6172 118092.969
0 17 16918 54453 159190.469 -26919.9883 118094.516
0 17 16919 54453 159191.688 -26920.1934 118093
1 3 0 2 -145482.172 -54555.8125 -127296.898
1 3 1 2 -161588.188 -60595.5703 -100992.625
1 3 0 3 -150861.859 -18857.7324 -132004.125
1 3 1 3 -169686.281 -21210.7852 -106053.922
0 7 16 42 154842.766 -52017.4922 114922.375
0 7 17 42 155976.719 -52398.4297 113326.836
0 7 16 43 155354.344 -49761.9375 115302.047
0 7 17 43 156522.469 -50136.1016 113723.359
0 15 4244 13612 159259.891 -26940.2344 118001.438
0 15 4245 13612 159264.281 -26940.9746 117994.953
0 15 4244 13613 159259.234 -26930.4004 118000.938
0 15 4245 13613 159263.688 -26931.1582 117994.523
0 4 10 0 139282.344 -130577.203 -43525.7344
0 4 11 0 135953.109 -127456.031 -59479.4844
0 4 10 1 148146.031 -120368.656 -46295.6367
0 4 11 1 144001.219 -117000.992 -63000.5352
0 18 33850 108910 159199.594 -26917.2793 118084.898
0 18 33851 108910 159200.312 -26917.4004 118084.211
0 18 33850 108911 159199.594 -26916.0664 118084.891
0 18 33851 108911 159200.312 -26916.1875 118084.211
0 7 14 62 155332.266 -3640.6001 120139.797
0 7 15 62 156632.781 -3671.08057 118698.281
0 7 14 63 155233.484 -1212.7616 120063.391
0 7 15 63 156507.531 -1222.71509 118603.367
0 13 1062 3412 159305.375 -26583.3066 117981.648
0 13 1063 3412 159321.094 -26585.9297 117954.406
0 13 1062 3413 159306.766 -26544.6465 117982.695
0 13 1063 3413 159320.594 -26546.9492 117954.023
0 9 60 202 156924.078 -32794.6797 119838.508
0 9 61 202 157189.266 -32850.1016 119427
0 9 60 203 157009.938 -32199.3027 119904.07
0 9 61 203 157275.953 -32253.8555 119492.859
4 4 8 12 10946.5625 98519.0547 175145
4 4 9 12 32284.6562 96853.9688 172184.844
4 4 8 13 10365.3916 114019.312 165846.266
4 4 9 13 30575.6719 112110.797 163070.25
0 17 16940 54460 159217.062 -26907.4785 118060.797
0 17 16941 54460 159218.172 -26907.666 118059.195
0 17 16940 54461 159217.25 -26905.0801 118060.945
0 17 16941 54461 159218.266 -26905.2539 118059.266
0 11 274 856 160056.359 -26181.0957 117150.633
0 11 275 856 160133.688 -26193.7441 117050.844
0 11 274 857 160072.906 -26027.4805 117162.75
0 11 275 857 160156.484 -26041.0703 117067.508
0 12 518 1694 158754.75 -27402.248 118562.203
0 12 519 1694 158791.859 -27408.6543 118512.383
0 12 518 1695 158752 -27324.2578 118560.148
0 12 519 1695 158791.734 -27331.0957 118512.289
0 13 1050 3410 159083.719 -26623.9961 118283.562
0 13 1051 3410 159105.625 -26627.6641 118261.008
0 13 1050 3411 159082.703 -26584.9883 118282.812
0 13 1051 3411 159106.516 -26588.9668 118261.664
0 9 72 204 160422.375 -32272.4688 114990.25
0 9 73 204 160705.234 -32329.375 114565.258
0 9 72 205 160532.75 -31667.5938 115069.375
0 9 73 205 160786.391 -31717.627 114623.109
0 7 10 42 147995.906 -49717.375 123715.32
0 7 11 42 149100.328 -50088.3945 122308.859
0 7 10 43 148514.062 -47570.9102 124148.469
0 7 11 43 149618.359 -47924.6328 122733.812
0 10 136 434 159871.422 -24199.2871 117249.438
0 10 137 434 160055.312 -24227.123 117071.703
0 10 136 435 159850.094 -23883.8516 117233.812
0 10 137 435 160040.984 -23912.373 117061.227
5 3 6 4 -106253.203 21250.6406 -170005.125
5 3 7 4 -132134.891 18876.4121 -151011.297
5 3 6 5 -102513.547 61508.1211 -164021.656
5 3 7 5 -127919.938 54822.8281 -146194.219
0 15 4222 13618 159167.453 -26866.3066 118146.664
0 15 4223 13618 159170.625 -26866.8438 118139.312
0 15 4222 13619 159166.953 -26856.5078 118146.289
0 15 4223 13619 159170.812 -26857.1602 118139.445
4 5 26 20 104541.109 44803.332 159300.734
4 5 27 20 111396.141 43589.793 154985.922
4 5 26 21 103128.562 54019.7266 157148.297
4 5 27 21 109927.297 52573.9258 152942.328
3 4 8 12 10897.5088 -174360.141 98077.5781
3 4 9 12 32409.4316 -172850.312 97228.2969
3 4 8 13 10349.7139 -165595.422 113846.859
3 4 9 13 30342.6191 -161827.297 111256.273
0 18 33868 108900 159208.828 -26930.9902 118069.875
0 18 33869 108900 159209.359 -26931.0781 118069.062
0 18 33868 108901 159208.781 -26929.7676 118069.844
0 18 33869 108901 159209.297 -26929.8516 118069.008
0 17 16920 54458 159193.469 -26908.3516 118091.883
0 17 16921 54458 159194.719 -26908.5645 118090.398
0 17 16920 54459 159193.781 -26905.9746 118092.125
0 17 16921 54459 159195.031 -26906.1855 118090.609
0 12 534 1710 159431.281 -26273.4668 117821.906
0 12 535 1710 159471.922 -26280.1621 117774.055
0 12 534 1711 159429.531 -26195.3301 117820.602
0 12 535 1711 159468.875 -26201.7969 117771.82
0 17 16940 54448 159216 -26936.4531 118060.016
0 17 16941 54448 159217.078 -26936.6348 118058.383
0 17 16940 54449 159215.969 -26934.0195 118059.984
0 17 16941 54449 159217.062 -26934.2051 118058.375
0 16 8454 27220 159179.719 -26948.5332 118109.625
0 16 8455 27220 159181.984 -26948.9141 118106.445
0 16 8454 27221 159179.312 -26943.6055 118109.32
0 16 8455 27221 159181.703 -26944.0078 118106.234
0 8 20 108 150436.719 -22918.0938 126343.336
0 8 21 108 151096.094 -23018.5449 125716.68
0 8 20 109 150437.266 -21742.8848 126343.797
0 8 21 109 151109.781 -21840.0859 125728.07
0 8 44 106 165811.875 -27851.2148 108166.344
0 8 45 106 166387.938 -27947.9727 107242.234
0 8 44 107 165946.281 -26577.334 108254.016
0 8 45 107 166522.141 -26669.5605 107328.719
0 9 76 208 161889.5 -30038.0918 113512.359
0 9 77 208 162158.469 -30087.9961 113067.523
0 9 76 209 161992.719 -29424.459 113584.742
0 9 77 209 162239.656 -29469.3125 113124.141
0 10 140 418 160197.109 -29254.7461 116236.773
0 10 141 418 160335.672 -29280.0488 116024.156
0 10 140 419 160252.359 -28951.8418 116276.852
0 10 141 419 160383.844 -28975.5996 116059.016
0 13 1066 3396 159353.578 -27213.8242 117861.734
0 13 1067 3396 159374.641 -27217.4219 117838.406
0 13 1066 3397 159355.625 -27175.2715 117863.25
0 13 1067 3397 159378.031 -27179.0898 117840.914
4 6 60 32 130324.633 2286.39697 146329.406
4 6 61 32 132767.078 2250.28931 144018.516
4 6 60 33 130220.781 6853.7251 146212.797
4 6 61 33 132653.938 6745.11572 143895.797
0 7 18 62 160568.453 -3763.323 114154.133
0 7 19 62 161923.641 -3795.08521 112587.531
0 7 18 63 160416.156 -1253.25122 114045.859
0 7 19 63 161768.516 -1263.81653 112479.68
4 4 6 4 -33927.582 -79164.3516 180947.094
4 4 7 4 -11452.3447 -80166.4141 183237.516
4 4 6 5 -35408.9297 -59014.8828 188847.625
4 4 7 5 -11990.0283 -59950.1406 191840.453
0 6 18 26 182705.516 -31402.5078 77078.8828
0 6 19 26 184780.672 -31759.1797 72179.9531
0 6 18 27 183377.781 -25787.502 77362.5078
0 6 19 27 185505.422 -26086.6992 72463.0469
0 16 8464 27216 159201.469 -26971.6484 118077.172
0 16 8465 27216 159203.562 -26972 118073.867
0 16 8464 27217 159201.75 -26966.8379 118077.391
0 16 8465 27217 159203.844 -26967.1914 118074.086
0 14 2126 6812 159304.078 -26826.1699 117951.531
0 14 2127 6812 159311.719 -26827.457 117937.742
0 14 2126 6813 159304.828 -26806.8496 117952.086
0 14 2127 6813 159314.25 -26808.4316 117939.609
0 17 16934 54444 159209.281 -26945.0352 118069.602
0 17 16935 54444 159210.453 -26945.2344 118068.055
0 17 16934 54445 159209.422 -26942.6289 118069.711
0 17 16935 54445 159210.594 -26942.8281 118068.148
0 12 516 1702 158666.531 -26767.2305 118651.273
0 12 517 1702 158707.062 -26774.0684 118604.086
0 12 516 1703 158666.078 -26689.6797 118650.93
0 12 517 1703 158704.812 -26696.1934 118602.398
0 18 33872 108904 159210.875 -26926.4766 118066.547
0 18 33873 108904 159211.453 -26926.5742 118065.758
0 18 33872 108905 159210.922 -26925.2676 118066.562
0 18 33873 108905 159211.469 -26925.3633 118065.773
0 15 4224 13604 159164.969 -27001.8945 118125.391
0 15 4225 13604 159168.75 -27002.5371 118118.484
0 15 4224 13605 159166.234 -26992.3926 118126.328
0 15 4225 13605 159169.906 -26993.0156 118119.344
0 13 1046 3406 158974.891 -26761.0312 118357.891
0 13 1047 3406 158999.875 -26765.2344 118337.672
0 13 1046 3407 158977.531 -26722.6641 118359.852
0 13 1047 3407 159001.328 -26726.6621 118338.758
4 5 24 6 81206.7188 -90760.4531 152859.719
4 5 25 6 88835.2422 -88835.2422 149617.25
4 5 24 7 83020.2188 -83020.2188 156273.344
4 5 25 7 90726.0312 -81175.9219 152801.734
0 17 16918 54454 159190.516 -26917.5684 118094.562
0 17 16919 54454 159191.719 -26917.7715 118093.023
0 17 16918 54455 159190.578 -26915.1484 118094.602
0 17 16919 54455 159191.766 -26915.3516 118093.062
0 14 2116 6816 159226.141 -26735.2988 118088.195
0 14 2117 6816 159233.266 -26736.4922 118074.031
0 14 2116 6817 159228.062 -26716.1855 118089.617
0 14 2117 6817 159234.703 -26717.2969 118075.102
1 3 0 4 -150966.797 18870.8496 -132095.953
1 3 1 4 -171021.391 21377.6738 -106888.367
1 3 0 5 -146755.859 55033.4414 -128411.367
1 3 1 5 -163987.125 61495.1719 -102491.961
0 7 24 46 165967.375 -45381.7031 102432.984
0 7 25 46 167076.672 -45685.0273 100507.062
0 7 24 47 166410.125 -42902.6094 102706.242
0 7 25 47 167547.891 -43195.9414 100790.531
4 4 6 6 -36444.9961 -36444.9961 194373.297
4 4 7 6 -12372.834 -37118.5039 197965.344
4 4 6 7 -37128.6562 -12376.2188 198019.5
4 4 7 7 -12537.2607 -12537.2607 200596.172
0 11 272 858 159861.578 -25837.002 117320.297
0 11 273 858 159963.75 -25853.5156 117239.062
0 11 272 859 159865.797 -25681.5664 117323.383
0 11 273 859 159960.625 -25696.7988 117236.766
0 17 16924 54444 159197.562 -26943.0508 118085.203
0 17 16925 54444 159198.75 -26943.252 118083.664
0 17 16924 54445 159197.516 -26940.6113 118085.172
0 17 16925 54445 159198.734 -26940.8203 118083.648
0 16 8462 27216 159196.672 -26970.832 118083.328
0 16 8463 27216 159199.109 -26971.248 118080.281
0 16 8462 27217 159197.078 -26966.0469 118083.641
0 16 8463 27217 159199.453 -26966.4492 118080.547
0 11 276 850 160114.016 -27128.6934 116880.109
0 11 277 850 160192.109 -27141.9238 116780.672
0 11 276 851 160127.672 -26974.6328 116890.078
0 11 277 851 160212.641 -26988.9473 116795.641
4 5 24 18 91073.4609 26786.3125 171432.391
4 5 25 18 99097.1797 26078.2051 166900.516
4 5 24 19 90200.875 37141.5391 169789.891
4 5 25 19 98228.5312 36189.457 165437.531
0 13 1054 3412 159165.672 -26559.9961 118189.062
0 13 1055 3412 159184.234 -26563.0918 118163.969
0 13 1054 3413 159167.641 -26521.4629 118190.516
0 13 1055 3413 159183.703 -26524.1387 118163.594
0 15 4228 13622 159194.344 -26831.9805 118108.328
0 15 4229 13622 159198.891 -26832.748 118101.984
0 15 4228 13623 159195.484 -26822.457 118109.164
0 15 4229 13623 159199.938 -26823.207 118102.766
0 17 16938 54446 159213.969 -26940.9707 118063.367
0 17 16939 54446 159214.984 -26941.1426 118061.695
0 17 16938 54447 159213.953 -26938.5391 118063.367
0 17 16939 54447 159215 -26938.7148 118061.703
0 8 20 100 150422.016 -32317.2285 126330.984
0 8 21 100 151120.688 -32467.3359 125737.133
0 8 20 101 150437.891 -31145.3457 126344.32
0 8 21 101 151125.406 -31287.6816 125741.062
0 11 264 860 159203.203 -25419.6523 118080.898
0 11 265 860 159289.391 -25433.416 117989.266
0 11 264 861 159194.031 -25262.7246 118074.086
0 11 265 861 159288.016 -25277.6406 117988.242
0 5 6 22 158670.734 64459.9883 94210.75
0 5 7 22 162773.797 66126.8516 86473.5859
0 5 6 23 155968.078 73110.0312 92606.0469
0 5 7 23 159881.016 74944.2266 84936.7891
0 9 68 202 159103.922 -33250.2344 116531.195
0 9 69 202 159393.188 -33310.6836 116120.422
0 9 68 203 159213.109 -32651.125 116611.164
0 9 69 203 159487.281 -32707.3535 116188.977
0 7 2 48 140406.734 -34004.7539 134922.094
0 7 3 48 141602 -34294.2344 133858.141
0 7 2 49 140551.641 -31843.7324 135061.344
0 7 3 49 141749.234 -32115.0625 133997.328
0 16 8456 27218 159184.281 -26959.0215 118103.305
0 16 8457 27218 159186.5 -26959.3965 118100.086
0 16 8456 27219 159184.297 -26954.166 118103.305
0 16 8457 27219 159186.531 -26954.543 118100.094
0 11 276 852 160152.516 -26822.418 116908.219
0 11 277 852 160236.344 -26836.4551 116812.914
0 11 276 853 160159.203 -26667.1348 116913.094
0 11 277 853 160260.5 -26684.002 116830.531
0 11 266 860 159375.75 -25447.2031 117897.594
0 11 267 860 159462.312 -25461.0215 117805.898
0 11 266 861 159378.391 -25291.9805 117899.547
0 11 267 861 159461.438 -25305.1621 117805.25
0 15 4224 13620 159176.188 -26848.3535 118133.727
0 15 4225 13620 159179.688 -26848.9414 118126.602
0 15 4224 13621 159177.469 -26838.8555 118134.672
0 15 4225 13621 159181.078 -26839.459 118127.633
0 14 2118 6816 159240.547 -26737.7168 118059.984
0 14 2119 6816 159248.859 -26739.1113 118046.727
0 14 2118 6817 159242.297 -26718.5703 118061.289
0 14 2119 6817 159248.422 -26719.5977 118046.391
0 8 36 96 159508.875 -39254.1328 114023.914
0 8 37 96 160097.312 -39398.9453 113193.805
0 8 36 97 159710.062 -38055.9141 114167.734
0 8 37 97 160283.531 -38192.5625 113325.469
0 14 2118 6796 159213.328 -27121.8516 118039.812
0 14 2119 6796 159224.609 -27123.7734 118028.742
0 14 2118 6797 159216.156 -27102.8984 118041.906
0 14 2119 6797 159226.75 -27104.6992 118030.328
0 15 4244 13616 159256.469 -26900.7734 117998.891
0 15 4245 13616 159261.812 -26901.6777 117993.133
0 15 4244 13617 159256.766 -26891.1035 117999.117
0 15 4245 13617 159261.797 -26891.9531 117993.125
0 15 4220 13608 159151.219 -26960.7051 118154.047
0 15 4221 13608 159155.5 -26961.4336 118147.516
0 15 4220 13609 159152.562 -26951.2207 118155.039
0 15 4221 13609 159156.844 -26951.9453 118148.508
0 15 4238 13622 159239.094 -26839.5234 118044.336
0 15 4239 13622 159243.797 -26840.3164 118038.102
0 15 4238 13623 159240.984 -26830.123 118045.734
0 15 4239 13623 159245.156 -26830.8242 118039.109
0 13 1068 3398 159396.594 -27143.3418 117815.719
0 13 1069 3398 159413.688 -27146.2539 117789.43
0 13 1068 3399 159394.719 -27104.1074 117814.344
0 13 1069 3399 159413.688 -27107.332 117789.43
0 17 16918 54450 159190.344 -26927.2559 118094.43
0 17 16919 54450 159191.609 -26927.4707 118092.945
0 17 16918 54451 159190.391 -26924.834 118094.469
0 17 16919 54451 159191.625 -26925.041 118092.945
2 4 10 0 44749.5234 143198.484 134248.578
2 4 11 0 61185.1445 139851.75 131111.016
2 4 10 1 47528.2617 152090.453 123573.484
2 4 11 1 64747.1602 147993.516 120244.727
0 16 8452 27226 159176.375 -26918.8184 118116.852
0 16 8453 27226 159178.688 -26919.2109 118113.711
0 16 8452 27227 159176.453 -26913.9746 118116.914
0 16 8453 27227 159178.656 -26914.3496 118113.703
0 14 2128 6806 159312.266 -26944.2324 117918.695
0 14 2129 6806 159320.938 -26945.6973 117905.672
0 14 2128 6807 159311.078 -26924.5859 117917.812
0 14 2129 6807 159320.109 -26926.1094 117905.047
0 11 266 840 159249.812 -28537.4414 117804.43
0 11 267 840 159314.344 -28549.0059 117696.586
0 11 266 841 159272.938 -28386.0469 117821.539
0 11 267 841 159350.734 -28399.9102 117723.469
0 10 142 420 160550.781 -28692.1816 115866.234
0 10 143 420 160689.562 -28716.9824 115652.547
0 10 142 421 160594.969 -28386.416 115898.125
0 10 143 421 160740.734 -28412.1797 115689.375
0 8 44 108 166063.484 -25298.7363 108330.477
0 8 45 108 166658.703 -25389.4121 107416.742
0 8 44 109 166199.578 -24021.0332 108419.258
0 8 45 109 166805.641 -24108.627 107511.445
0 10 120 428 157093.078 -25619.6738 120120.984
0 10 121 428 157285.141 -25650.9922 119960.633
0 10 120 429 157076.891 -25310.2422 120108.602
0 10 121 429 157276.812 -25342.4551 119954.297
0 16 8452 27224 159176.297 -26928.5215 118116.797
0 16 8453 27224 159178.703 -26928.9277 118113.719
0 16 8452 27225 159176.406 -26923.6816 118116.875
0 16 8453 27225 159178.812 -26924.0918 118113.805
0 10 124 432 157741.688 -24493.0938 119384.578
0 10 125 432 157930.859 -24522.4688 119219.297
0 10 124 433 157709.406 -24180.0547 119360.148
0 10 125 433 157871.047 -24204.8379 119174.141
0 18 33864 108898 159206.844 -26933.082 118073.273
0 18 33865 108898 159207.375 -26933.1719 118072.445
0 18 33864 108899 159206.828 -26931.8652 118073.25
0 18 33865 108899 159207.328 -26931.9492 118072.414
4 4 6 2 -30378.7871 -111388.883 162020.188
4 4 7 2 -10159.8682 -111758.562 162557.891
4 4 6 3 -32185.8594 -96557.5781 171657.922
4 4 7 3 -10869.4688 -97825.2188 173911.5
0 14 2124 6814 159286.594 -26784.3379 117977.469
0 14 2125 6814 159295.547 -26785.8438 117964.656
0 14 2124 6815 159288.094 -26765.1445 117978.586
0 14 2125 6815 159296.359 -26766.5332 117965.258
0 7 2 54 141054.953 -20937.8438 135544.984
0 7 3 54 142207.812 -21108.9727 134430.828
0 7 2 55 141110.141 -18741.1914 135598.031
0 7 3 55 142265.078 -18894.582 134484.953
0 9 56 218 155619.047 -22795.7578 121273.43
0 9 57 218 155957.75 -22845.373 120928.188
0 9 56 219 155620.422 -22188.0684 121274.508
0 9 57 219 155935.203 -22232.9492 120910.688
4 6 58 30 125078.008 -7079.88672 151037.594
4 6 59 30 127784.914 -6970.08545 148695.172
4 6 58 31 125122.539 -2360.80249 151091.359
4 6 59 31 127803.516 -2323.7002 148716.812
0 16 8462 27236 159202.344 -26874.627 118087.555
0 16 8463 27236 159204.844 -26875.0469 118084.539
0 16 8462 27237 159202.578 -26869.8066 118087.711
0 16 8463 27237 159204.953 -26870.207 118084.625
4 5 22 12 73242.3281 -39438.1758 180288.812
4 5 23 12 82323.2969 -38417.5391 175623.031
4 5 22 13 74447.0625 -28633.4863 183254.312
4 5 23 13 83575.3438 -27858.4512 178294.078
0 18 33856 108898 159202.797 -26932.3965 118079.984
0 18 33857 108898 159203.297 -26932.4805 118079.133
0 18 33856 108899 159202.891 -26931.1973 118080.047
0 18 33857 108899 159203.391 -26931.2852 118079.219
0 12 524 1710 159016.766 -26205.1543 118292.008
0 12 525 1710 159061.359 -26212.5059 118247.523
0 12 524 1711 159013.359 -26126.9531 118289.484
0 12 525 1711 159048.547 -26132.7324 118237.992
0 14 2106 6812 159129.75 -26796.8125 118210.945
0 14 2107 6812 159139.609 -26798.4746 118198.852
0 14 2106 6813 159131.297 -26777.6465 118212.094
0 14 2107 6813 159140.406 -26779.1836 118199.445
0 16 8474 27220 159226.938 -26956.5254 118047.469
0 16 8475 27220 159229.422 -26956.9453 118044.453
0 16 8474 27221 159226.844 -26951.6543 118047.414
0 16 8475 27221 159229.266 -26952.0605 118044.344
3 4 12 6 94687.3516 -168333.078 -31562.4512
3 4 13 6 109349.648 -159054.031 -29822.6328
3 4 12 7 95847.9609 -170396.375 -10649.7734
3 4 13 7 110513.695 -160747.188 -10046.6992
0 5 12 8 179258 -84027.1875 39212.6875
0 5 13 8 180804.734 -84752.2188 28250.7422
0 5 12 9 183301.938 -74466.4141 40097.2969
0 5 13 9 185003.156 -75157.5312 28906.7422
0 14 2128 6808 159310.031 -26904.959 117917.047
0 14 2129 6808 159319.125 -26906.4961 117904.328
0 14 2128 6809 159311.719 -26885.7988 117918.281
0 14 2129 6809 159319.453 -26887.1035 117904.57
0 14 2110 6796 159133.297 -27108.2148 118135.875
0 14 2111 6796 159141.422 -27109.6016 118122.484
0 14 2110 6797 159136.766 -27089.3848 118138.461
0 14 2111 6797 159146.25 -27090.9961 118126.07
0 6 14 18 165010.969 -69614 90240.375
0 6 15 18 167018.234 -70460.8125 86118.7734
0 6 14 19 166435.719 -65013.9531 91019.5312
0 6 15 19 168470.828 -65808.9141 86867.7734
0 13 1056 3392 159136 -27332.0742 118089.328
0 13 1057 3392 159158.328 -27335.9102 118067.039
0 13 1056 3393 159138.844 -27293.7109 118091.438
0 13 1057 3393 159157.25 -27296.8672 118066.234
0 6 18 28 183903.859 -20114.4844 77584.4375
0 6 19 28 185981.875 -20341.7676 72649.1719
0 6 18 29 184250.344 -14394.5576 77730.6094
0 6 19 29 186338.625 -14557.7051 72788.5234
0 18 33852 108900 159200.797 -26929.6289 118083.359
0 18 33853 108900 159201.391 -26929.7285 118082.586
0 18 33852 108901 159200.891 -26928.4316 118083.43
0 18 33853 108901 159201.469 -26928.5293 118082.641
0 8 26 114 154221.062 -16265.502 122292.477
0 8 27 114 154892.578 -16336.3271 121614.883
0 8 26 115 154201.109 -15058.7012 122276.656
0 8 27 115 154845.297 -15121.6113 121577.758
0 10 130 414 158670 -30215.4805 118227.742
0 10 131 414 158825.984 -30245.1816 118033.766
0 10 130 415 158715.312 -29914.1172 118261.5
0 10 131 415 158861.75 -29941.7168 118060.344
3 4 10 8 58780.1094 -188096.344 11756.0215
3 4 11 8 78639.5391 -179747.516 11234.2197
3 4 10 9 58698.1523 -187834.078 35218.8906
3 4 11 9 77699.0156 -177597.75 33299.5781
0 16 8466 27216 159205.594 -26972.3477 118070.516
0 16 8467 27216 159207.984 -26972.75 118067.422
0 16 8466 27217 159205.859 -26967.5332 118070.719
0 16 8467 27217 159208.188 -26967.9277 118067.586
0 12 540 1698 159637.312 -27242.7949 117506.469
0 12 541 1698 159669.531 -27248.293 117452.219
0 12 540 1699 159638.734 -27165.0879 117507.516
0 12 541 1699 159671.422 -27170.6484 117453.609
0 12 520 1692 158819.469 -27568.5176 118455.445
0 12 521 1692 158855.453 -27574.7617 118404.711
0 12 520 1693 158823.641 -27491.6895 118458.555
0 12 521 1693 158858.094 -27497.6523 118406.68
0 7 12 62 152849.062 -3582.39966 122995.727
0 7 13 62 154082.906 -3611.31812 121581.047
0 7 12 63 152775.688 -1193.56006 122936.68
0 7 13 63 153999.172 -1203.11853 121514.977
0 12 518 1706 158750.547 -26471.3457 118559.07
0 12 519 1706 158790.953 -26478.082 118511.711
0 12 518 1707 158751.016 -26393.9082 118559.422
0 12 519 1707 158793 -26400.8867 118513.234
0 14 2106 6798 159095.484 -27062.9336 118185.492
0 14 2107 6798 159107.984 -27065.0605 118175.359
0 14 2106 6799 159100.734 -27044.4043 118189.391
0 14 2107 6799 159111.438 -27046.2246 118177.922
0 12 538 1708 159584.531 -26454.5645 117623.461
0 12 539 1708 159626.891 -26461.5879 117576.742
0 12 538 1709 159580.578 -26375.9902 117620.547
0 12 539 1709 159623.703 -26383.1152 117574.391
0 8 42 112 165483.719 -20039.0449 110537.953
0 8 43 112 166091.391 -20112.6309 109646.281
0 8 42 113 165573.953 -18756.4238 110598.219
0 8 43 113 166161.453 -18822.9766 109692.523
0 17 16938 54462 159215.438 -26902.3438 118064.453
0 17 16939 54462 159216.484 -26902.5215 118062.805
0 17 16938 54463 159215.703 -26899.9629 118064.648
0 17 16939 54463 159216.734 -26900.1367 118062.992
0 8 44 104 165522 -30388.8027 107977.234
0 8 45 104 166116.109 -30497.8789 107067.016
0 8 44 105 165683.844 -29124.1133 108082.82
0 8 45 105 166230.562 -29220.2188 107140.797
4 6 58 20 120932.578 -52480.1719 146031.781
4 6 59 20 123869.547 -51799.9883 144139.109
4 6 58 21 121975.453 -48329.8984 147291.125
4 6 59 21 124954.961 -47710.0742 145402.141
0 14 2114 6816 159210.797 -26732.7227 118115.688
0 14 2115 6816 159218.906 -26734.0801 118102.25
0 14 2114 6817 159212.578 -26713.5859 118116.992
0 14 2115 6817 159220.562 -26714.9258 118103.484
0 6 6 36 151893.25 21359.9883 121039.93
0 6 7 36 154219.766 21687.1523 118074.508
0 6 6 37 151384.984 26019.2949 120634.906
0 6 7 37 153691.453 26415.7207 117670.031
0 11 258 840 158648.344 -28429.6602 118598.938
0 11 259 840 158727.328 -28443.8125 118502.961
0 11 258 841 158643.531 -28273.8711 118595.336
0 11 259 841 158720.734 -28287.6289 118498.047
0 6 16 20 171895.953 -61775.1055 83262.1016
0 6 17 20 173872.156 -62485.3047 78785.8203
0 6 16 21 173227.438 -56840.25 83907.0391
0 6 17 21 175260.281 -57507.2812 79414.8203
0 10 128 434 158400.859 -23976.6934 118645.953
0 10 129 434 158593.109 -24005.793 118480.195
0 10 128 435 158405.062 -23667.9434 118649.094
0 10 129 435 158579.859 -23694.0625 118470.305
4 5 28 22 114541.961 59561.8203 146613.719
4 5 29 22 120359.453 57950.8516 142648.25
4 5 28 23 112761.211 67656.7266 144334.344
4 5 29 23 118612.648 65895.9141 140577.953
0 6 2 14 134987.188 -73821.1172 124441.312
0 6 3 14 137113.453 -74983.9141 122116.672
0 6 2 15 136199.594 -70227.9141 125558.992
0 6 3 15 138424.422 -71375.0938 123284.242
0 17 16942 54458 159219.172 -26912.6953 118057.508
0 17 16943 54458 159220.297 -26912.8828 118055.906
0 17 16942 54459 159219.188 -26910.2676 118057.523
0 17 16943 54459 159220.297 -26910.457 118055.914
0 16 8470 27236 159220.797 -26877.7422 118062.367
0 16 8471 27236 159222.531 -26878.0352 118058.789
0 16 8470 27237 159221.312 -26872.9707 118062.734
0 16 8471 27237 159223.234 -26873.293 118059.305
0 13 1070 3404 159431.188 -26915.6914 117763.445
0 13 1071 3404 159452.531 -26919.293 117740.281
0 13 1070 3405 159432.844 -26877.0469 117764.672
0 13 1071 3405 159454.844 -26880.752 117741.977
2 4 14 6 125609.664 154596.5 28986.8457
2 4 15 6 136425.234 145520.25 27285.0469
2 4 14 7 126782.922 156040.516 9752.53223
2 4 15 7 137630.875 146806.266 9175.3916
0 9 66 222 159053.625 -20813.6582 117736.961
0 9 67 222 159407.266 -20859.9355 117376.047
0 9 66 223 159038.391 -20190.4199 117725.688
0 9 67 223 159374 -20233.0273 117351.562
0 6 4 14 139345.125 -76204.3594 119749.711
0 6 5 14 141663.016 -77471.9609 117314.68
0 6 4 15 140746.578 -72572.4531 120954.094
0 6 5 15 143003.156 -73736 118424.484
0 12 534 1692 159402.453 -27669.7109 117800.586
0 12 535 1692 159443.438 -27676.8262 117753.031
0 12 534 1693 159397.938 -27591.0977 117797.25
0 12 535 1693 159438.469 -27598.1152 117749.359
0 6 18 24 180857.875 -42388.5625 76299.4141
0 6 19 24 182908.484 -42869.1758 71448.6328
0 6 18 25 181844.219 -36937.1094 76715.5312
0 6 19 25 183902.844 -37355.2656 71837.0469
4 6 62 34 134805.562 11049.6367 141435.344
4 6 63 34 137023.672 10874.8945 139198.656
4 6 62 35 134565.188 15441.9072 141183.156
4 6 63 35 136792.281 15199.1416 138963.578
0 15 4238 13604 159231.062 -27013.1074 118038.383
0 15 4239 13604 159237 -27014.1133 118033.07
0 15 4238 13605 159231.562 -27003.4707 118038.75
0 15 4239 13605 159236.938 -27004.3809 118033.016
0 6 16 32 180149.625 2814.83789 87259.9766
0 6 17 32 182162.547 2846.28979 82542.4062
0 6 16 33 180037.281 8439.24805 87205.5547
0 6 17 33 182185.125 8539.92773 82552.6406
0 9 54 216 154932.531 -23905.6055 121948.852
0 9 55 216 155297.547 -23961.9258 121629.531
0 9 54 217 154980.828 -23307.6641 121986.859
0 9 55 217 155304.047 -23356.2734 121634.625
0 11 254 842 158322.328 -28062.0137 118973.672
0 11 255 842 158415.281 -28078.4902 118888.812
0 11 254 843 158334.516 -27909.5508 118982.828
0 11 255 843 158420.188 -27924.6504 118892.492
0 14 2104 6800 159083.375 -27022.0332 118215.328
0 14 2105 6800 159095.266 -27024.0547 118204.75
0 14 2104 6801 159089.297 -27003.6211 118219.734
0 14 2105 6801 159099.906 -27005.4219 118208.203
0 7 22 44 162698.469 -49572.1875 105499.789
0 7 23 44 163838.812 -49919.6367 103679.25
0 7 22 45 163211.812 -47178.4102 105832.656
0 7 23 45 164342.156 -47505.1562 103997.773
0 18 33850 108902 159199.75 -26927.0215 118085.008
0 18 33851 108902 159200.359 -26927.1289 118084.258
0 18 33850 108903 159199.766 -26925.8105 118085.016
0 18 33851 108903 159200.406 -26925.9199 118084.289
0 8 42 100 163712.031 -35172.5039 109354.523
0 8 43 100 164297.438 -35298.2773 108461.984
0 8 42 101 163876.594 -33927.5742 109464.438
0 8 43 101 164481.703 -34052.8516 108583.617
0 12 520 1708 158840.516 -26331.2266 118471.133
0 12 521 1708 158890.562 -26339.5215 118430.875
0 12 520 1709 158836.312 -26252.9746 118467.992
0 12 521 1709 158884.172 -26260.8867 118426.125
0 5 4 0 126065.211 -122125.664 90609.3672
0 5 5 0 128768.797 -124744.781 84504.5234
0 5 4 1 129457.258 -117320.641 93047.4062
0 5 5 1 132516.828 -120093.375 86964.1641
0 13 1054 3392 159098.391 -27325.6152 118139.109
0 13 1055 3392 159114.953 -27328.4609 118112.547
0 13 1054 3393 159099.656 -27286.9883 118140.047
0 13 1055 3393 159117.828 -27290.1055 118114.688
0 10 128 414 158387.984 -30161.7734 118636.312
0 10 129 414 158525.312 -30187.9238 118429.547
0 10 128 415 158431.969 -29860.7129 118669.258
0 10 129 415 158569.234 -29886.584 118462.359
0 10 144 426 161102.547 -26902.8672 115635.125
0 10 145 426 161228.469 -26923.8945 115410.617
0 10 144 427 161155.859 -26597.0137 115673.398
0 10 145 427 161283.953 -26618.1543 115450.336
2 4 12 4 91930.2031 163431.469 71501.2656
2 4 13 4 107327.086 156112.125 68299.0547
2 4 12 5 95356.5781 169522.797 52975.875
2 4 13 5 110974.867 161417.984 50443.1211
4 5 22 14 74732.4375 -17245.9473 183956.766
4 5 23 14 83816.0859 -16763.2168 178807.641
4 5 22 15 75125.1172 -5778.85498 184923.359
4 5 23 15 83849.0156 -5589.93457 178877.906
0 11 262 860 159020.797 -25390.5293 118256.188
0 11 263 860 159105.781 -25404.0977 118164.008
0 11 262 861 159004.484 -25232.6465 118244.07
0 11 263 861 159099.594 -25247.7363 118159.406
0 8 24 96 152719.797 -37583.3867 123488.266
0 8 25 96 153301.312 -37726.4961 122760.812
0 8 24 97 152957.328 -36446.8633 123680.336
0 8 25 97 153574.078 -36593.8242 122979.25
0 12 516 1696 158670.922 -27232.8281 118654.555
0 12 517 1696 158709.094 -27239.377 118605.594
0 12 516 1697 158661.953 -27153.8184 118647.844
0 12 517 1697 158703.484 -27160.9238 118601.406
0 8 40 98 162227.578 -37388.3828 110897.758
0 8 41 98 162800.922 -37520.5234 110017.805
0 8 40 99 162369.141 -36152.5039 110994.531
0 8 41 99 162983.5 -36289.293 110141.195
0 13 1058 3392 159181.625 -27339.9082 118045.453
0 13 1059 3392 159201.594 -27343.3398 118021.398
0 13 1058 3393 159177.469 -27300.334 118042.367
0 13 1059 3393 159197.109 -27303.7031 118018.07
0 13 1070 3402 159424.531 -26992.4102 117758.523
0 13 1071 3402 159444.891 -26995.8555 117734.633
0 13 1070 3403 159425.469 -26953.6484 117759.227
0 13 1071 3403 159447.328 -26957.3418 117736.43
0 9 52 210 154375.234 -27437.7871 122716.242
0 9 53 210 154738.562 -27502.3633 122400.625
0 9 52 211 154349.688 -26830.3164 122695.945
0 9 53 211 154689.766 -26889.4336 122362.031
3 5 30 30 109144.32 -120435.117 109144.32
3 5 31 30 114304.023 -117991.25 106929.57
3 5 30 31 106724.602 -117765.078 114084.914
3 5 31 31 111846.867 -115454.828 111846.867
0 16 8460 27216 159192.578 -26970.1426 118090.016
0 16 8461 27216 159194.5 -26970.4668 118086.586
0 16 8460 27217 159193.016 -26965.3574 118090.328
0 16 8461 27217 159194.969 -26965.6875 118086.93
0 10 132 414 158956 -30269.9414 117819.93
0 10 133 414 159091.828 -30295.8066 117609.867
0 10 132 415 159015.906 -29970.7715 117864.32
0 10 133 415 159147.922 -29995.6523 117651.344
0 6 4 36 147326.562 20717.7969 126608.766
0 6 5 36 149597.812 21037.1914 123885.688
0 6 4 37 146879.422 25244.9004 126224.5
0 6 5 37 149122.609 25630.4492 123492.156
0 9 68 222 159758.891 -20905.9492 117010.906
0 9 69 222 160140.516 -20955.8887 116664.875
0 9 68 223 159742.75 -20279.8418 116999.086
0 9 69 223 160088.125 -20323.6875 116626.711
0 7 8 42 145842.922 -48994.1094 126473.156
0 7 9 42 146896.547 -49348.0586 125091.594
0 7 8 43 146396.453 -46892.6133 126953.164
0 7 9 43 147416.812 -47219.4492 125534.633
0 11 268 860 159546.844 -25474.5215 117712.539
0 11 269 860 159627.656 -25487.4258 117616.289
0 11 268 861 159536.516 -25317.0762 117704.922
0 11 269 861 159619.016 -25330.166 117609.914
0 4 10 10 182612.312 57066.3477 -57066.3477
0 4 11 10 174743.016 54607.1953 -76450.0703
0 4 10 11 176682.188 77298.4531 -55213.1875
0 4 11 11 169685 74237.1875 -74237.1875
0 6 8 36 156590.156 22020.4902 114995.898
0 6 9 36 159009.016 22360.6426 111803.203
0 6 8 37 156025.781 26816.9297 114581.438
0 6 9 37 158374.828 27220.6719 111357.297
4 4 6 8 -37116.2656 12372.0879 197953.406
4 4 7 8 -12529.2217 12529.2217 200467.547
4 4 6 9 -36483.832 36483.832 194580.438
4 4 7 9 -12347.4189 37042.2578 197558.703
0 7 18 42 157134.984 -52787.5312 111713.148
0 7 19 42 158255.281 -53163.8867 110036.875
0 7 18 43 157653.859 -50498.5039 112082.047
0 7 19 43 158797.844 -50864.9375 110414.133
0 16 8474 27234 159226.594 -26888.4395 118047.219
0 16 8475 27234 159228.594 -26888.7773 118043.844
0 16 8474 27235 159227.141 -26883.6719 118047.625
0 16 8475 27235 159229.156 -26884.0117 118044.258
0 15 4220 13616 159158.516 -26884.2285 118159.453
0 15 4221 13616 159162.25 -26884.8594 118152.516
0 15 4220 13617 159159.516 -26874.6836 118160.203
0 15 4221 13617 159163.391 -26875.3379 118153.375
4 5 22 10 70519.3203 -59670.1914 173586.016
4 5 23 10 79611.6328 -58381.8633 169838.156
4 5 22 11 71917.4375 -49788.9922 177027.531
4 5 23 11 81065.5 -48639.3008 172939.734
0 11 252 844 158148.578 -27722.334 119151.977
0 11 253 844 158243.141 -27738.9102 119068.688
0 11 252 845 158160.031 -27569.8906 119160.609
0 11 253 845 158254.688 -27586.3887 119077.383
4 4 6 0 -27068.3965 -135341.984 144364.781
4 4 7 0 -9008.87988 -135133.203 144142.078
4 4 6 1 -28515.9531 -123569.125 152085.078
4 4 7 1 -9550.43555 -124155.672 152806.969
0 17 16924 54462 159200 -26899.7402 118087.023
0 17 16925 54462 159201.406 -26899.9746 118085.633
0 17 16924 54463 159200.203 -26897.3418 118087.164
0 17 16925 54463 159201.609 -26897.582 118085.781
0 15 4244 13610 159262.266 -26960.0762 118003.195
0 15 4245 13610 159265.953 -26960.7012 117996.195
0 15 4244 13611 159261.094 -26950.1582 118002.32
0 15 4245 13611 159265.219 -26950.8535 117995.656
0 7 26 48 169124.922 -40959.9414 99096.6328
0 7 27 48 170242.359 -41230.5742 97091.3516
0 7 26 49 169511.531 -38404.957 99323.1641
0 7 27 49 170652.703 -38663.5039 97325.3672
0 10 144 424 160998.469 -27514.3867 115560.43
0 10 145 424 161116.078 -27534.4863 115330.164
0 10 144 425 161025.531 -27204.5078 115579.844
0 10 145 425 161152.297 -27225.9277 115356.094
0 10 138 416 159810.828 -29808.4648 116580.758
0 10 139 416 159949.391 -29834.3125 116369.438
0 10 138 417 159850.469 -29503.6504 116609.664
0 10 139 417 159993.906 -29530.123 116401.82
0 17 16920 54446 159193.109 -26937.4395 118091.633
0 17 16921 54446 159194.219 -26937.6289 118090.016
0 17 16920 54447 159193.078 -26935.0059 118091.602
0 17 16921 54447 159194.297 -26935.2129 118090.078
0 14 2120 6816 159256.766 -26740.4395 118033.141
0 14 2121 6816 159264.516 -26741.7402 118019.438
0 14 2120 6817 159256.016 -26720.873 118032.586
0 14 2121 6817 159264.266 -26722.2559 118019.258
0 13 1064 3394 159312.234 -27284.5547 117908.938
0 13 1065 3394 159329.5 -27287.5098 117882.82
0 13 1064 3395 159311.812 -27245.5859 117908.625
0 13 1065 3395 159330.734 -27248.8242 117883.734
0 10 120 418 157206.312 -28708.5742 120207.555
0 10 121 418 157363.422 -28737.2656 120020.344
0 10 120 419 157198.953 -28400.2031 120201.938
0 10 121 419 157362.297 -28429.7109 120019.484
0 15 4230 13602 159188.922 -27025.3887 118084.875
0 15 4231 13602 159193.594 -27026.1836 118078.625
0 15 4230 13603 159190.031 -27015.8613 118085.695
0 15 4231 13603 159194.516 -27016.623 118079.305
0 11 276 848 160074.203 -27434.5918 116851.039
0 11 277 848 160159.062 -27449.1348 116756.578
0 11 276 849 160084.109 -27279.957 116858.273
0 11 277 849 160169.594 -27294.5273 116764.258
0 18 33862 108918 159207.359 -26908.877 118076.078
0 18 33863 108918 159207.812 -26908.9531 118075.203
0 18 33862 108919 159207.422 -26907.6738 118076.125
0 18 33863 108919 159207.906 -26907.752 118075.266
0 6 0 14 130883.531 -71576.9297 128838.484
0 6 1 14 132895.359 -72677.1484 126665.875
0 6 0 15 131967.5 -68045.7422 129905.492
0 6 1 15 134051.359 -69120.2266 127767.695
0 14 2104 6810 159107.016 -26831.8281 118232.906
0 14 2105 6810 159117.344 -26833.5703 118221.164
0 14 2104 6811 159107.422 -26812.4746 118233.211
0 14 2105 6811 159117.703 -26814.207 118221.43
0 16 8476 27222 159231.688 -26947.6113 118041.266
0 16 8477 27222 159234.375 -26948.0664 118038.406
0 16 8476 27223 159231.219 -26942.6738 118040.938
0 16 8477 27223 159233.625 -26943.082 118037.852
0 17 16942 54450 159218.188 -26931.9648 118056.789
0 17 16943 54450 159219.312 -26932.1562 118055.18
0 17 16942 54451 159218.188 -26929.5352 118056.773
0 17 16943 54451 159219.359 -26929.7324 118055.219
0 7 20 62 163336.922 -3828.20898 111018.07
0 7 21 62 164753 -3861.39844 109406.289
0 7 20 63 163133.891 -1274.48352 110880.07
0 7 21 63 164543.922 -1285.49939 109267.453
0 9 76 218 162626.797 -23822.2852 114029.328
0 9 77 218 162951.672 -23869.875 113620.609
0 9 76 219 162651.422 -23190.5332 114046.602
0 9 77 219 162987.469 -23238.4492 113645.555
3 4 14 4 116591.055 -143496.672 -62779.7969
3 4 15 4 127287.688 -135773.531 -59400.9219
3 4 14 5 119624.148 -147229.719 -46009.2891
3 4 15 5 130297.805 -138984.328 -43432.6016
0 16 8476 27232 159229.922 -26898.7207 118039.977
0 16 8477 27232 159231.875 -26899.0508 118036.562
0 16 8476 27233 159230.188 -26893.9043 118040.164
0 16 8477 27233 159232.109 -26894.2285 118036.727
0 9 64 222 158328.125 -20718.7188 118436.859
0 9 65 222 158673.812 -20763.9551 118075.633
0 9 64 223 158292.922 -20095.7812 118410.523
0 9 65 223 158636.609 -20139.4141 118047.953
0 14 2128 6804 159312.203 -26983.1172 117918.648
0 14 2129 6804 159321.141 -26984.6289 117905.812
0 14 2128 6805 159312.328 -26963.6895 117918.734
0 14 2129 6805 159320.906 -26965.1406 117905.641
0 12 540 1706 159667.984 -26624.3262 117529.047
0 12 541 1706 159707.047 -26630.8379 117479.828
0 12 540 1707 159672.797 -26547.1641 117532.586
0 12 541 1707 159715.047 -26554.1875 117485.695
0 13 1046 3396 158944.031 -27143.8848 118334.922
0 13 1047 3396 158966.031 -27147.6406 118312.477
0 13 1046 3397 158953.859 -27106.7559 118342.234
0 13 1047 3397 158972.406 -27109.9199 118317.234
0 15 4232 13602 159198.25 -27026.9727 118072.359
0 15 4233 13602 159203.25 -27027.8203 118066.352
0 15 4232 13603 159198.703 -27017.332 118072.688
0 15 4233 13603 159203.938 -27018.2227 118066.859
0 6 6 14 143684.719 -78577.5781 114498.758
0 6 7 14 145457.391 -79547.0078 111365.812
0 6 6 15 144813.016 -74669.2109 115397.867
0 6 7 15 146674.188 -75628.8828 112297.43
0 16 8452 27228 159176.547 -26909.1328 118116.977
0 16 8453 27228 159178.781 -26909.5098 118113.773
0 16 8452 27229 159176.469 -26904.2617 118116.922
0 16 8453 27229 159178.812 -26904.6582 118113.805
0 9 52 212 154327.234 -26223.5742 122678.102
0 9 53 212 154659.094 -26279.9609 122337.75
0 9 52 213 154307.359 -25617.4297 122662.289
0 9 53 213 154660.75 -25676.0996 122339.07
0 11 254 856 158256.797 -25886.7324 118924.422
0 11 255 856 158343.281 -25900.877 118834.773
0 11 254 857 158267.703 -25733.957 118932.617
0 11 255 857 158356.234 -25748.3496 118844.484
0 18 33852 108914 159201.141 -26912.6816 118083.609
0 18 33853 108914 159201.859 -26912.8027 118082.922
0 18 33852 108915 159201.219 -26911.4824 118083.672
0 18 33853 108915 159201.922 -26911.5996 118082.984
0 8 40 114 164073.812 -17304.6602 112159.836
0 8 41 114 164832.781 -17384.707 111390.906
0 8 40 115 163974.984 -16013.1816 112092.273
0 8 41 115 164776.734 -16091.4785 111353.031
0 7 24 60 169813.328 -9286.66602 104806.664
0 7 25 60 171217.078 -9363.43359 102997.781
0 7 24 61 169499.266 -6621.06494 104612.828
0 7 25 61 171052.297 -6681.73047 102898.648
0 6 14 34 173352.438 13543.1582 94802.1094
0 6 15 34 176152.891 13761.9443 90828.8359
0 6 14 35 172471.312 18864.0488 94320.2422
0 6 15 35 175100.969 19151.668 90286.4375
0 15 4242 13620 159251.562 -26861.0645 118014.703
0 15 4243 13620 159255.891 -26861.7969 118008.188
0 15 4242 13621 159253.125 -26851.6113 118015.867
0 15 4243 13621 159257.344 -26852.3203 118009.273
0 9 58 202 156351.656 -32675.0547 120622.867
0 9 59 202 156667.328 -32741.0234 120254.414
0 9 58 203 156431.562 -32080.6895 120684.508
0 9 59 203 156769.031 -32149.8984 120332.477
0 10 122 416 157513.281 -29379.918 119827
0 10 123 416 157675.938 -29410.2578 119642.773
0 10 122 417 157514.156 -29072.4355 119827.664
0 10 123 417 157694.828 -29105.7852 119657.117
0 18 33872 108914 159211.984 -26914.5176 118067.367
0 18 33873 108914 159212.516 -26914.6055 118066.539
0 18 33872 108915 159212.062 -26913.3164 118067.422
0 18 33873 108915 159212.609 -26913.4082 118066.617
0 9 74 220 162046.969 -22471.3574 114888.773
0 9 75 220 162378.031 -22517.2656 114489.203
0 9 74 221 162030.375 -21836.125 114877.008
0 9 75 221 162363.781 -21881.0566 114479.148
0 11 276 854 160183.109 -26514.6855 116930.547
0 11 277 854 160267.938 -26528.7246 116835.953
0 11 276 855 160199.766 -26360.998 116942.695
0 11 277 855 160289.297 -26375.7266 116851.516
0 5 0 24 131317.516 69762.4297 127213.844
0 5 1 24 134917.125 71674.7188 122268.641
0 5 0 25 129433.586 76851.1953 125388.797
0 5 1 25 132851.906 78880.8125 120397.039
0 14 2108 6814 159152.656 -26761.8125 118189.102
0 14 2109 6814 159161.75 -26763.3418 118176.422
0 14 2108 6815 159153.891 -26742.5938 118190.023
0 14 2109 6815 159164.672 -26744.4082 118178.609
0 18 33864 108918 159208.297 -26909.0371 118074.352
0 18 33865 108918 159208.781 -26909.1152 118073.484
0 18 33864 108919 159208.391 -26907.8359 118074.414
0 18 33865 108919 159208.844 -26907.9141 118073.539
0 16 8472 27218 159221.875 -26965.3887 118053.445
0 16 8473 27218 159224.797 -26965.8828 118050.75
0 16 8472 27219 159222.359 -26960.6094 118053.789
0 16 8473 27219 159224.812 -26961.0273 118050.758
0 10 138 434 160229.203 -24253.4434 116885.945
0 10 139 434 160405.891 -24280.1895 116701.555
0 10 138 435 160213.531 -23938.1543 116874.523
0 10 139 435 160396.328 -23965.4668 116694.594
0 13 1064 3412 159335.188 -26588.2812 117925.93
0 13 1065 3412 159350.656 -26590.8633 117898.477
0 13 1064 3413 159331.516 -26548.7715 117923.219
0 13 1065 3413 159347.547 -26551.4395 117896.172
0 4 8 14 156351.922 127035.945 -9771.99512
0 4 9 14 155159.828 126067.367 -29092.4688
0 4 8 15 146989.031 137802.219 -9186.81445
0 4 9 15 145815.219 136701.781 -27340.3555
0 7 4 58 143483.984 -12330.6543 133395.266
0 7 5 58 144622.797 -12428.5215 132194.266
0 7 4 59 143467.453 -10087.5557 133379.906
0 7 5 59 144622.844 -10168.7939 132194.312
0 13 1048 3394 158985.062 -27228.5215 118287.836
0 13 1049 3394 159006.703 -27232.2285 118265.117
0 13 1048 3395 158985.203 -27189.7305 118287.938
0 13 1049 3395 159009.312 -27193.8516 118267.055
0 7 4 44 142216.031 -43331.4492 132216.469
0 7 5 44 143499.266 -43722.4336 131167.297
0 7 4 45 142366.516 -41152.8203 132356.375
0 7 5 45 143669.406 -41529.4375 131322.812
0 12 526 1690 159064.109 -27766.3184 118171.906
0 12 527 1690 159109.656 -27774.2695 118128.039
0 12 526 1691 159067.531 -27689.248 118174.445
0 12 527 1691 159111.469 -27696.8965 118129.391
0 16 8452 27222 159175.031 -26938.0234 118115.859
0 16 8453 27222 159177.141 -26938.3809 118112.57
0 16 8452 27223 159175.688 -26933.2773 118116.344
0 16 8453 27223 159177.922 -26933.6523 118113.148
0 7 26 58 172048.422 -14785.4111 100809.625
0 7 27 58 173220.188 -14886.1094 98789.6406
0 7 26 59 172270.359 -12112.7598 100939.656
0 7 27 59 173415.141 -12193.252 98900.8203
0 9 78 212 162777.203 -27659.4082 112863.102
0 9 79 212 163061.156 -27707.6562 112423.023
0 9 78 213 162839.562 -27033.9121 112906.344
0 9 79 213 163110.672 -27078.9219 112457.164
0 17 16918 54456 159190.688 -26912.7402 118094.68
0 17 16919 54456 159191.859 -26912.9375 118093.125
0 17 16918 54457 159190.859 -26910.3379 118094.812
0 17 16919 54457 159192.016 -26910.5352 118093.234
0 17 16932 54464 159209.625 -26896.5039 118074.727
0 17 16933 54464 159210.578 -26896.6641 118072.992
0 17 16932 54465 159209.906 -26894.123 118074.922
0 17 16933 54465 159210.859 -26894.2832 118073.211
0 18 33860 108918 159206.375 -26908.7109 118077.773
0 18 33861 108918 159206.859 -26908.791 118076.922
0 18 33860 108919 159206.453 -26907.5098 118077.844
0 18 33861 108919 159206.953 -26907.5918 118077
0 13 1070 3406 159432.641 -26838.0879 117764.508
0 13 1071 3406 159451.984 -26841.3418 117739.875
0 13 1070 3407 159435.734 -26799.6816 117766.789
0 13 1071 3407 159451.406 -26802.3203 117739.453
0 9 58 220 156263.594 -21669.3672 120554.922
0 9 59 220 156626.562 -21719.6992 120223.125
0 9 58 221 156273.656 -21060.3184 120562.695
0 9 59 221 156593.031 -21103.3574 120197.391
0 18 33874 108908 159212.297 -26921.8555 118065.156
0 18 33875 108908 159212.828 -26921.9473 118064.344
0 18 33874 108909 159212.391 -26920.6582 118065.242
0 18 33875 108909 159212.953 -26920.7559 118064.438
0 15 4228 13602 159180.234 -27023.9121 118097.859
0 15 4229 13602 159184.453 -27024.6289 118091.273
0 15 4228 13603 159180.25 -27014.2031 118097.875
0 15 4229 13603 159185.047 -27015.0176 118091.711
0 12 528 1690 159151.266 -27781.5312 118081.219
0 12 529 1690 159197.375 -27789.5781 118037.703
0 12 528 1691 159152.266 -27703.9961 118081.969
0 12 529 1691 159197.672 -27711.9004 118037.93
0 14 2128 6810 159313.953 -26866.7266 117919.945
0 14 2129 6810 159321.203 -26867.9492 117905.867
0 14 2128 6811 159317.594 -26847.8945 117922.641
0 14 2129 6811 159325.594 -26849.2402 117909.117
0 17 16930 54464 159207.781 -26896.1934 118078.219
0 17 16931 54464 159208.719 -26896.3516 118076.477
0 17 16930 54465 159208.031 -26893.8066 118078.398
0 17 16931 54465 159208.969 -26893.9648 118076.672
0 9 52 208 154397.938 -28648.0547 122734.297
0 9 53 208 154760.094 -28715.25 122417.648
0 9 52 209 154395.578 -28044.5098 122732.422
0 9 53 209 154771.641 -28112.8184 122426.797
4 6 56 26 118603.844 -26625.3535 154911.141
4 6 57 26 121560.805 -26218.9961 152546.891
4 6 56 27 118824.672 -21824.9375 155199.562
4 6 57 27 121804.648 -21494.9375 152852.891
0 10 118 424 156770.828 -26791.8926 120486.953
0 10 119 424 156963.844 -26824.877 120328.727
0 10 118 425 156758.984 -26483.6953 120477.852
0 10 119 425 156956.672 -26517.0938 120323.227
0 10 144 428 161151.141 -26281.4844 115670.008
0 10 145 428 161310.656 -26307.5 115469.445
0 10 144 429 161151.484 -25966.791 115670.258
0 10 145 429 161318.047 -25993.6289 115474.727
0 9 78 214 162930.234 -26412.5195 112969.195
0 9 79 214 163218.5 -26459.25 112531.508
0 9 78 215 162980.703 -25784.0566 113004.203
0 9 79 215 163275.125 -25830.6348 112570.539
0 5 10 20 181153.812 50949.5117 62271.625
0 5 11 20 185460.328 52160.7188 52160.7188
0 5 10 21 178158.969 61242.1406 61242.1406
0 5 11 21 182847.25 62853.7383 51425.7852
0 18 33874 108910 159212.547 -26919.4688 118065.344
0 18 33875 108910 159213.062 -26919.5586 118064.523
0 18 33874 108911 159212.672 -26918.2773 118065.445
0 18 33875 108911 159213.219 -26918.3711 118064.641
0 18 33870 108916 159211.094 -26911.9395 118069.141
0 18 33871 108916 159211.594 -26912.0234 118068.297
0 18 33870 108917 159211.141 -26910.7305 118069.172
0 18 33871 108917 159211.656 -26910.8164 118068.336
0 10 118 422 156779.516 -27405.793 120493.633
0 10 119 422 156974.125 -27439.8125 120336.609
0 10 118 423 156762.672 -27096.6738 120480.68
0 10 119 423 156957.703 -27130.3848 120324.023
0 6 2 36 142897.234 20094.9238 131733.391
0 6 3 36 145093.062 20403.7109 129223.508
0 6 2 37 142491.031 24490.6445 131358.906
0 6 3 37 144658.125 24863.1172 128836.156
0 13 1044 3402 158912.609 -26905.7344 118389.117
0 13 1045 3402 158933.25 -26909.2305 118365.688
0 13 1044 3403 158915.375 -26867.4062 118391.18
0 13 1045 3403 158936.297 -26870.9434 118367.961
4 5 28 0 95617.8516 -118566.141 122390.852
4 5 29 0 101318.195 -116328.297 120080.82
4 5 28 1 97901.4844 -113565.727 125313.898
4 5 29 1 103650.109 -111327.891 122844.578
0 7 2 46 140081.734 -38303.5977 134609.781
0 7 3 46 141278.047 -38630.7148 133551.906
0 7 2 47 140255.172 -36159.5352 134776.453
0 7 3 47 141451.328 -36467.9258 133715.719
0 12 516 1704 158670.125 -26612.8848 118653.953
0 12 517 1704 158710.703 -26619.6914 118606.797
0 12 516 1705 158671.688 -26535.6699 118655.117
0 12 517 1705 158711.797 -26542.3789 118607.625
0 6 12 16 157944.359 -76504.2969 96247.3438
0 6 13 16 159961.859 -77481.5234 92477.9531
0 6 12 17 159467.484 -72258.7031 97175.5
0 6 13 17 161499.781 -73179.5938 93367.0625
4 6 56 24 118416.023 -36249.8008 154665.828
4 6 57 24 121244.125 -35660.0391 152149.5
4 6 56 25 118428.078 -31419.6934 154681.562
4 6 57 25 121354.492 -30933.4961 152287.984
0 10 126 414 158104.953 -30107.8789 119041.922
0 10 127 414 158249.266 -30135.3574 118841.492
0 10 126 415 158136.781 -29805.0781 119065.883
0 10 127 415 158290.125 -29833.9805 118872.18
0 12 536 1710 159510.422 -26286.5078 117724.602
0 12 537 1710 159548.547 -26292.791 117674.844
0 12 536 1711 159511.188 -26208.75 117725.18
0 12 537 1711 159556.531 -26216.1973 117680.727
0 16 8468 27216 159210.656 -26973.2031 118064.547
0 16 8469 27216 159213.469 -26973.6797 118061.773
0 16 8468 27217 159210.891 -26968.3848 118064.727
0 16 8469 27217 159213.734 -26968.8652 118061.977
0 8 32 116 158117.688 -14205.8857 117970.617
0 8 33 116 158813.531 -14268.4033 117249.055
0 8 32 117 158054.672 -12965.4209 117923.602
0 8 33 117 158748.734 -13022.3564 117201.211
0 13 1052 3392 159067.984 -27320.3926 118194.188
0 13 1053 3392 159082.953 -27322.9629 118166.477
0 13 1052 3393 159069.047 -27281.7383 118194.984
0 13 1053 3393 159084.469 -27284.3867 118167.602
0 8 34 116 159515 -14331.4258 116520.727
0 8 35 116 160233.016 -14395.9346 115793.391
0 8 34 117 159443.828 -13079.377 116468.742
0 8 35 117 160158.453 -13137.998 115739.516
0 11 252 854 158125.828 -26174.1484 119134.844
0 11 253 854 158206.938 -26187.5762 119041.453
0 11 252 855 158096.859 -26014.9629 119113.023
0 11 253 855 158181.625 -26028.9102 119022.398
0 14 2112 6816 159193.375 -26729.7949 118141.609
0 14 2113 6816 159202.531 -26731.334 118128.969
0 14 2112 6817 159196.047 -26710.8105 118143.594
0 14 2113 6817 159204.531 -26712.2363 118130.461
0 9 70 222 160498.844 -21002.7793 116298.977
0 9 71 222 160867.688 -21051.0449 115937.844
0 9 70 223 160435.734 -20367.8184 116253.234
0 9 71 223 160815.438 -20416.0215 115900.195
0 13 1044 3400 158908.453 -26982.623 118386.023
0 13 1045 3400 158928.172 -26985.9727 118361.906
0 13 1044 3401 158910.172 -26944.1191 118387.297
0 13 1045 3401 158931.328 -26947.707 118364.266
0 8 44 110 166387.297 -22748.2637 108541.711
0 8 45 110 166927.859 -22822.168 107590.211
0 8 44 111 166474.547 -21459.6094 108598.625
0 8 45 111 167071.25 -21536.5273 107682.641
0 8 22 112 151709.688 -18371.0957 125041.969
0 8 23 112 152326.531 -18445.7891 124360.336
0 8 22 113 151670.734 -17181.4492 125009.867
0 8 23 113 152297.25 -17252.4219 124336.422
0 17 16918 54448 159190.516 -26932.1426 118094.562
0 17 16919 54448 159191.75 -26932.3516 118093.039
0 17 16918 54449 159190.391 -26929.6934 118094.469
0 17 16919 54449 159191.672 -26929.9082 118092.977
0 11 274 844 159877.562 -28025.4102 117019.758
0 11 275 844 159945.656 -28037.3496 116913.406
0 11 274 845 159894.75 -27872.2812 117032.344
0 11 275 845 159963.297 -27884.2246 116926.297
4 5 26 2 87581.3828 -112604.641 133457.344
4 5 27 2 94061.2031 -110419.672 130867.758
4 5 26 3 89742.3984 -106836.188 136750.328
4 5 27 3 96283.6953 -104656.195 133959.922
0 11 268 840 159389.828 -28562.5312 117596.688
0 11 269 840 159456.391 -28574.459 117490.078
0 11 268 841 159409.688 -28410.416 117611.352
0 11 269 841 159488.391 -28424.4453 117513.664
0 14 2120 6796 159236.047 -27125.7227 118017.781
0 14 2121 6796 159245.594 -27127.3477 118005.414
0 14 2120 6797 159236.781 -27106.4102 118018.328
0 14 2121 6797 159247.109 -27108.168 118006.547
2 4 10 2 50282.5586 160904.188 110621.625
2 4 11 2 68247.4609 155994.203 107246.016
2 4 10 3 52922.2461 169351.172 95260.0391
2 4 11 3 71543.0859 163527.062 91983.9766
0 5 2 24 138505.625 73581.1094 116864.117
0 5 3 24 142080.016 75480.0078 111000.016
0 5 2 25 136244.203 80894.9922 114956.047
0 5 3 25 139639.141 82910.75 109093.086
0 7 6 60 145761.609 -7971.33838 130957.703
0 7 7 60 146930.203 -8035.24512 129711.82
0 7 6 61 145741.438 -5693.0249 130939.57
0 7 7 61 146894.328 -5738.05957 129680.141
0 8 18 104 149138 -27380.8047 127582.906
0 8 19 104 149796.719 -27501.7422 126976.125
0 8 18 105 149162.859 -26220.0352 127604.172
0 8 19 105 149785.078 -26329.4082 126966.258
0 14 2126 6800 159289.391 -27057.0293 117940.648
0 14 2127 6800 159299.969 -27058.8281 117929.039
0 14 2126 6801 159292.922 -27038.1836 117943.273
0 14 2127 6801 159302.438 -27039.8008 117930.859
0 13 1060 3392 159220.859 -27346.6484 117996.805
0 13 1061 3392 159238.5 -27349.6797 117971.008
0 13 1060 3393 159218.875 -27307.4355 117995.328
0 13 1061 3393 159243 -27311.5742 117974.336
3 5 30 28 114031.914 -125828.312 98303.3672
3 5 31 28 119292.906 -123141.055 96203.9531
3 5 30 29 111599.352 -123144.117 103902.844
3 5 31 29 116799.891 -120567.633 101728.945
4 4 8 14 9768.66406 126992.633 156298.625
4 4 9 14 28884.3242 125165.398 154049.719
4 4 8 15 9178.52441 137677.875 146856.391
4 4 9 15 27254.5762 136272.875 145357.734
0 14 2102 6804 159074.312 -26942.8242 118247.43
0 14 2103 6804 159084.875 -26944.6113 118235.867
0 14 2102 6805 159076.516 -26923.7793 118249.078
0 14 2103 6805 159085.219 -26925.25 118236.117
0 10 134 414 159214.781 -30319.2227 117389.805
0 10 135 414 159337.578 -30342.6074 117169.148
0 10 134 415 159260.547 -30016.8789 117423.547
0 10 135 415 159359.844 -30035.5977 117185.516
0 13 1052 3412 159126.453 -26553.4492 118237.633
0 13 1053 3412 159147.562 -26556.9707 118214.461
0 13 1052 3413 159126.703 -26514.6445 118237.828
0 13 1053 3413 159150.094 -26518.5391 118216.352
0 6 10 36 161452.562 22704.2656 108475.93
0 6 11 36 163973.297 23058.7461 105045.398
0 6 10 37 160806.5 27638.6172 108041.859
0 6 11 37 163205.641 28050.9688 104553.609
0 7 10 62 150406.5 -3525.15259 125730.438
0 7 11 62 151608.219 -3553.31763 124366.117
0 7 10 63 150319.391 -1174.37024 125657.625
0 7 11 63 151523.203 -1183.77502 124296.375
0 12 524 1690 158974.047 -27750.5957 118260.234
0 12 525 1690 159017.328 -27758.1523 118214.789
0 12 524 1691 158975 -27673.1406 118260.945
0 12 525 1691 159022.719 -27681.4453 118218.797
0 18 33850 108912 159199.609 -26914.8555 118084.914
0 18 33851 108912 159200.328 -26914.9766 118084.227
0 18 33850 108913 159199.625 -26913.6406 118084.914
0 18 33851 108913 159200.375 -26913.7676 118084.258
0 11 256 858 158452.531 -25609.2734 118762.031
0 11 257 858 158540.844 -25623.5469 118673.398
0 11 256 859 158465.359 -25456.5938 118771.648
0 11 257 859 158556.047 -25471.1641 118684.781
0 16 8460 27236 159198.109 -26873.9121 118094.109
0 16 8461 27236 159200.078 -26874.2441 118090.719
0 16 8460 27237 159198.578 -26869.1348 118094.469
0 16 8461 27237 159200.453 -26869.4473 118090.992
0 9 70 202 159676.375 -33369.8633 115702.992
0 9 71 202 159967.344 -33430.6719 115288.953
0 9 70 203 159785.844 -32768.582 115782.32
0 9 71 203 160044.406 -32821.6055 115344.5
0 16 8454 27232 159182.656 -26890.7363 118111.805
0 16 8455 27232 159184.797 -26891.0977 118108.531
0 16 8454 27233 159183.75 -26886.0605 118112.609
0 16 8455 27233 159186.109 -26886.4629 118109.516
0 18 33866 108898 159207.891 -26933.2578 118071.609
0 18 33867 108898 159208.406 -26933.3457 118070.773
0 18 33866 108899 159207.844 -26932.0371 118071.578
0 18 33867 108899 159208.344 -26932.1211 118070.734
0 17 16936 54444 159211.641 -26945.4336 118066.508
0 17 16937 54444 159212.828 -26945.6348 118064.945
0 17 16936 54445 159211.734 -26943.0195 118066.562
0 17 16937 54445 159212.844 -26943.2051 118064.961
3 4 8 10 11956.7217 -191307.547 59783.6094
3 4 9 10 35252.1953 -188011.703 58753.6562
3 4 8 11 11460.0127 -183360.203 80220.0938
3 4 9 11 33876.9336 -180676.984 79046.1797
0 15 4244 13618 159257.891 -26881.5703 117999.945
0 15 4245 13618 159261.953 -26882.2598 117993.234
0 15 4244 13619 159259.297 -26872.0898 118000.984
0 15 4245 13619 159263.094 -26872.7305 117994.094
0 5 10 4 157153.391 -112954.008 54021.4805
0 5 11 4 159001.938 -114282.648 44719.2969
0 5 10 5 161664.516 -106092.344 55572.1797
0 5 11 5 163747.875 -107459.547 46054.0938
0 17 16934 54464 159211.578 -26896.8359 118071.32
0 17 16935 54464 159212.609 -26897.0098 118069.648
0 17 16934 54465 159211.859 -26894.4551 118071.523
0 17 16935 54465 159212.906 -26894.6309 118069.875
0 15 4234 13602 159207.953 -27028.6191 118060.117
0 15 4235 13602 159213.047 -27029.4844 118054.18
0 15 4234 13603 159208.906 -27019.0664 118060.828
0 15 4235 13603 159213.922 -27019.9141 118054.82
0 7 2 56 141165.016 -16542.7754 135650.75
0 7 3 56 142297.953 -16675.541 134516.031
0 7 2 57 141190.719 -14339.6816 135675.453
0 7 3 57 142320.125 -14454.3887 134537
0 5 8 2 143978.438 -121481.812 67489.8906
0 5 9 2 145990.5 -123179.477 59308.6406
0 5 8 3 148205.047 -115785.195 69471.1172
0 5 9 3 150496.656 -117575.516 61139.2656
0 14 2102 6806 159077.875 -26904.5879 118250.086
0 14 2103 6806 159087.766 -26906.2617 118238.023
0 14 2102 6807 159080.484 -26885.6113 118252.023
0 14 2103 6807 159089.578 -26887.1484 118239.367
0 18 33854 108916 159202.719 -26910.5215 118082.344
0 18 33855 108916 159203.359 -26910.6289 118081.617
0 18 33854 108917 159202.812 -26909.3223 118082.422
0 18 33855 108917 159203.469 -26909.4316 118081.688
0 18 33854 108898 159201.703 -26932.2109 118081.594
0 18 33855 108898 159202.25 -26932.3047 118080.789
0 18 33854 108899 159201.797 -26931.0156 118081.68
0 18 33855 108899 159202.359 -26931.1094 118080.875
0 15 4226 13622 159186.656 -26830.6855 118122.062
0 15 4227 13622 159190.406 -26831.3184 118115.125
0 15 4226 13623 159187.625 -26821.1348 118122.773
0 15 4227 13623 159191.562 -26821.7969 118115.977
0 17 16922 54444 159195.234 -26942.6582 118088.344
0 17 16923 54444 159196.375 -26942.8496 118086.758
0 17 16922 54445 159195.234 -26940.2266 118088.344
0 17 16923 54445 159196.344 -26940.416 118086.734
0 13 1070 3400 159431.469 -27071.4316 117763.656
0 13 1071 3400 159449.531 -27074.498 117738.062
0 13 1070 3401 159428.359 -27031.9824 117761.352
0 13 1071 3401 159447.469 -27035.2207 117736.531
0 8 20 110 150439.484 -20567.8984 126345.672
0 8 21 110 151062.109 -20653.0234 125688.406
0 8 20 111 150420.594 -19390.1543 126329.789
0 8 21 111 151065.328 -19473.2656 125691.078
0 16 8478 27228 159234.031 -26918.8516 118033.297
0 16 8479 27228 159236.328 -26919.2383 118030.133
0 16 8478 27229 159234.312 -26914.0391 118033.5
0 16 8479 27229 159236.438 -26914.3984 118030.219
4 5 30 24 122231.383 71652.8828 134876.016
4 5 31 24 127209.375 69759.9766 131312.891
4 5 30 25 120360.992 78857.1953 132812.125
4 5 31 25 125369.414 76839.3125 129413.578
0 14 2108 6796 159113.812 -27104.8984 118160.273
0 14 2109 6796 159123.672 -27106.5781 118148.156
0 14 2108 6797 159117.703 -27086.1387 118163.148
0 14 2109 6797 159128.078 -27087.9043 118151.445
0 16 8478 27226 159234.203 -26928.5996 118033.422
0 16 8479 27226 159236.812 -26929.041 118030.5
0 16 8478 27227 159233.812 -26923.6738 118033.125
0 16 8479 27227 159236.297 -26924.0957 118030.109
0 18 33866 108918 159209.266 -26909.1992 118072.633
0 18 33867 108918 159209.719 -26909.2773 118071.758
0 18 33866 108919 159209.312 -26907.9922 118072.664
0 18 33867 108919 159209.812 -26908.0762 118071.828
0 11 272 842 159705.016 -28307.0898 117205.391
0 11 273 842 159785.562 -28321.3652 117108.461
0 11 272 843 159735.359 -28156.4766 117227.656
0 11 273 843 159804.547 -28168.6699 117122.375
0 14 2124 6798 159268.953 -27092.4395 117964.406
0 14 2125 6798 159276.156 -27093.668 117950.289
0 14 2124 6799 159271.281 -27073.3965 117966.133
0 14 2125 6799 159278.953 -27074.7012 117952.367
0 11 260 860 158818.406 -25358.2129 118415.883
0 11 261 860 158922.578 -25374.8477 118338.344
0 11 260 861 158814.281 -25202.4629 118412.805
0 11 261 861 158908.625 -25217.4316 118327.961
0 10 144 422 160928.141 -28130.9922 115509.938
0 10 145 422 161042.453 -28150.9727 115277.461
0 10 144 423 160969.438 -27823.8184 115539.594
0 10 145 423 161083.172 -27843.4766 115306.609
3 4 6 14 -28854.623 -153891.312 125036.695
3 4 7 14 -9739.63086 -155834.094 126615.203
3 4 6 15 -27142.9863 -144762.594 135714.938
3 4 7 15 -9087.71582 -145403.453 136315.734
0 15 4240 13622 159247.906 -26841.0098 118031.43
0 15 4241 13622 159251.656 -26841.6406 118024.492
0 15 4240 13623 159249.375 -26831.5371 118032.531
0 15 4241 13623 159253.688 -26832.2637 118025.992
0 11 250 848 157981.375 -27075.9121 119334.57
0 11 251 848 158073.422 -27091.6875 119249.734
0 11 250 849 157989.109 -26922.9492 119340.398
0 11 251 849 158079.484 -26938.3496 119254.297
0 18 33848 108906 159198.359 -26921.9297 118086.398
0 18 33849 108906 159199.031 -26922.0469 118085.695
0 18 33848 108907 159198.297 -26920.7051 118086.359
0 18 33849 108907 159198.984 -26920.8223 118085.648
0 6 8 14 147237.812 -80520.6797 108127.773
0 6 9 14 149092.875 -81535.1641 104830.93
0 6 8 15 148568.297 -76605.5312 109104.836
0 6 9 15 150510.281 -77606.8594 105827.547
0 16 8456 27234 159189.016 -26882.0918 118106.797
0 16 8457 27234 159191.016 -26882.4297 118103.422
0 16 8456 27235 159189.297 -26877.2812 118107.008
0 16 8457 27235 159191.484 -26877.6504 118103.773
4 5 22 16 74863.3125 5758.71582 184278.906
4 5 23 16 83662.3594 5577.49121 178479.719
4 5 22 17 74275.8984 17140.5918 182832.984
4 5 23 17 83211.3125 16642.2617 177517.453
0 17 16928 54464 159205.734 -26895.8496 118081.562
0 17 16929 54464 159206.812 -26896.0293 118079.922
0 17 16928 54465 159205.938 -26893.4531 118081.703
0 17 16929 54465 159207.031 -26893.6367 118080.086
0 11 270 860 159705.156 -25499.7988 117517.414
0 11 271 860 159784.578 -25512.4805 117419.82
0 11 270 861 159704.281 -25343.6992 117516.781
0 11 271 861 159786.922 -25356.8105 117421.539
0 8 44 102 165231.812 -32917.2734 107787.945
0 8 45 102 165789.797 -33028.4375 106856.711
0 8 44 103 165374.859 -31653.7812 107881.258
0 8 45 103 165949.984 -31763.8652 106959.953
0 18 33874 108906 159212.078 -26924.252 118065
0 18 33875 108906 159212.656 -26924.3477 118064.219
0 18 33874 108907 159212.188 -26923.0527 118065.078
0 18 33875 108907 159212.75 -26923.1484 118064.289
0 12 530 1690 159240.203 -27797.0566 117991.703
0 12 531 1690 159282.281 -27804.4023 117945.109
0 12 530 1691 159237.891 -27718.9004 117989.992
0 12 531 1691 159280.75 -27726.3633 117943.969
0 8 18 102 149113.047 -29706.1152 127561.547
0 8 19 102 149775.875 -29838.1621 126958.453
0 8 18 103 149130.875 -28544.582 127576.797
0 8 19 103 149785.297 -28669.8418 126966.445
0 9 62 222 157599.203 -20623.332 119122.836
0 9 63 222 157963.422 -20670.9941 118781.086
0 9 62 223 157573.375 -20004.4316 119103.312
0 9 63 223 157912.938 -20047.541 118743.125
0 9 78 210 162605 -28900.498 112743.695
0 9 79 210 162891.344 -28951.3926 112305.945
0 9 78 211 162696.406 -28281.2109 112807.078
0 9 79 211 163004.578 -28334.7812 112384.016
0 11 256 840 158469.641 -28397.6367 118774.852
0 11 257 840 158555.062 -28412.9453 118684.039
0 11 256 841 158474.672 -28243.7754 118778.625
0 11 257 841 158563.688 -28259.6426 118690.492
0 16 8458 27216 159188.609 -26969.4688 118096.797
0 16 8459 27216 159190.688 -26969.8203 118093.469
0 16 8458 27217 159188.797 -26964.6406 118096.922
0 16 8459 27217 159190.984 -26965.0137 118093.68
0 6 18 30 184399.828 -8643.74219 77793.6719
0 6 19 30 186487.688 -8741.61035 72846.75
0 6 18 31 184399.641 -2881.24438 77793.6016
0 6 19 31 186480.094 -2913.75146 72843.7891
4 6 56 28 119019.305 -17002.7578 155453.781
4 6 57 28 122003.43 -16745.5703 153102.344
4 6 56 29 119176.453 -12160.8633 155659.047
4 6 57 29 122167.164 -11977.1729 153307.812
0 9 54 204 155171.266 -31216.0977 122136.758
0 9 55 204 155526.969 -31287.6523 121809.203
0 9 54 205 155184.469 -30612.5605 122147.156
0 9 55 205 155511.297 -30677.0332 121796.938
0 8 18 106 149133.719 -25049.8047 127579.242
0 8 19 106 149809.375 -25163.293 126986.844
0 8 18 107 149142.922 -23886.1719 127587.117
0 8 19 107 149799.516 -23991.3281 126978.492
0 8 30 116 156778.406 -14085.5586 119421.047
0 8 31 116 157436.906 -14144.7207 118692.664
0 8 30 117 156716.484 -12855.6494 119373.875
0 8 31 117 157395.656 -12911.3633 118661.57
0 5 12 18 193535.625 30239.9395 42335.918
0 5 13 18 195908.344 30610.6758 30610.6758
0 5 12 19 191625.984 41918.1836 41918.1836
0 5 13 19 194151.203 42470.5781 30336.125
0 12 538 1694 159554.875 -27540.3555 117601.602
0 12 539 1694 159586.859 -27545.877 117547.266
0 12 538 1695 159554.781 -27462.4336 117601.539
0 12 539 1695 159598.094 -27469.8867 117555.531
4 4 6 10 -35486.8438 59144.7422 189263.172
4 4 7 10 -11986.0693 59930.3477 191777.109
4 4 6 11 -34353.6641 80158.5469 183219.531
4 4 7 11 -11519.6611 80637.6328 184314.578
4 5 22 8 67570.4688 -77965.9297 166327.328
4 5 23 8 76429.0469 -76429.0469 163048.625
4 5 22 9 69050.2578 -69050.2578 169969.875
4 5 23 9 78037.7422 -67632.7109 166480.516
0 11 250 850 157997.016 -26770.002 119346.375
0 11 251 850 158091.234 -26785.9668 119263.164
0 11 250 851 158000.469 -26616.291 119348.992
0 11 251 851 158097.906 -26632.7051 119268.195
0 16 8472 27236 159224.25 -26878.3223 118055.195
0 16 8473 27236 159226.031 -26878.623 118051.656
0 16 8472 27237 159225.078 -26873.6035 118055.805
0 16 8473 27237 159226.906 -26873.9141 118052.305
4 6 60 16 122702.328 -66732.8438 137771.031
4 6 61 16 125428.391 -65903.0547 136057.906
4 6 60 17 123694.297 -62932.1875 138884.828
4 6 61 17 126401.281 -62129.4414 137113.25
0 8 38 96 160685.969 -39543.8125 112354.633
0 8 39 96 161264.984 -39686.3047 111499.609
0 8 38 97 160850.062 -38327.5547 112469.391
0 8 39 97 161433.203 -38466.5078 111615.93
0 9 52 214 154309.609 -25015.0332 122664.086
0 9 53 214 154656.156 -25071.2109 122335.43
0 9 52 215 154295.984 -24410.1074 122653.258
0 9 53 215 154641.609 -24464.7871 122323.938
0 8 36 116 160928.031 -14458.3779 115038.398
0 8 37 116 161667.031 -14524.7715 114303.641
0 8 36 117 160853.141 -13194.9834 114984.859
0 8 37 117 161564.156 -13253.3096 114230.906
0 13 1044 3404 158919.359 -26829.2832 118394.141
0 13 1045 3404 158943.266 -26833.3164 118373.164
0 13 1044 3405 158922.922 -26791.084 118396.797
0 13 1045 3405 158947.734 -26795.2656 118376.477
0 13 1068 3410 159400.516 -26677.0156 117818.609
0 13 1069 3410 159419.094 -26680.125 117793.438
0 13 1068 3411 159400.516 -26638.0977 117818.617
0 13 1069 3411 159418.484 -26641.0996 117792.977
0 14 2122 6816 159271.797 -26742.9629 118005.398
0 14 2123 6816 159279.859 -26744.3184 117991.922
0 14 2122 6817 159272.672 -26723.668 118006.039
0 14 2123 6817 159281.5 -26725.1484 117993.133
0 8 20 98 150407.609 -34664.2539 126318.891
0 8 21 98 151135.625 -34832.0391 125749.57
0 8 20 99 150426.203 -33493.3359 126334.508
0 8 21 99 151105.375 -33644.5586 125724.391
0 8 30 94 155647.531 -40735.8789 118559.656
0 8 31 94 156246.016 -40892.5117 117794.844
0 8 30 95 155851.812 -39571.7461 118715.242
0 8 31 95 156445.016 -39722.3672 117944.875
0 7 6 42 143794.844 -48306.0781 129190.68
0 7 7 42 144808.25 -48646.5234 127838.531
0 7 6 43 144320.078 -46227.5234 129662.562
0 7 7 43 145354.625 -46558.9023 128320.883
0 15 4220 13606 159149.562 -26979.8535 118152.82
0 15 4221 13606 159152.984 -26980.4336 118145.641
0 15 4220 13607 159149.297 -26970.0918 118152.617
0 15 4221 13607 159153.484 -26970.8027 118146.008
0 10 142 432 160918.406 -24986.3535 116131.539
0 10 143 432 161090.5 -25013.0762 115941.117
0 10 142 433 160933.438 -24674.3633 116142.383
0 10 143 433 161089.812 -24698.3398 115940.617
0 10 126 434 158028.125 -23920.2715 118984.055
0 10 127 434 158205.141 -23947.0684 118808.352
0 10 126 435 158030.188 -23611.9336 118985.625
0 10 127 435 158217.969 -23639.9902 118817.992
0 7 28 54 173498.609 -25753.6992 96237.5078
0 7 29 54 174679.047 -25928.9219 94162.9297
0 7 28 55 173755.859 -23076.9512 96380.2031
0 7 29 55 174940.656 -23234.3066 94303.9453
0 7 28 52 172905.578 -31068.9707 95908.5625
0 7 29 52 174070.844 -31278.3535 93835.0625
0 7 28 53 173219.219 -28418.7793 96082.5312
0 7 29 53 174388.266 -28610.5762 94006.1797
0 12 522 1710 158925.531 -26190.1191 118379.344
0 12 523 1710 158967.172 -26196.9824 118332.734
0 12 522 1711 158915.734 -26110.9082 118372.047
0 12 523 1711 158967.156 -26119.3594 118332.734
0 18 33858 108918 159205.312 -26908.5312 118079.422
0 18 33859 108918 159205.875 -26908.625 118078.617
0 18 33858 108919 159205.453 -26907.3398 118079.516
0 18 33859 108919 159205.969 -26907.4258 118078.695
0 4 12 4 160299.125 -70130.8672 -90168.2656
0 4 13 4 152063.922 -66527.9609 -104543.945
0 4 12 5 164995.766 -51561.1758 -92810.1172
0 4 13 5 156547.469 -48921.082 -107626.383
0 15 4222 13604 159154.859 -27000.1797 118137.32
0 15 4223 13604 159160.469 -27001.1309 118131.773
0 15 4222 13605 159156 -26990.6562 118138.164
0 15 4223 13605 159161.594 -26991.6094 118132.609
0 10 118 426 156719.188 -26170.8809 120447.258
0 10 119 426 156928.203 -26205.7852 120301.406
0 10 118 427 156689.453 -25859.8809 120424.422
0 10 119 427 156890.797 -25893.1094 120272.727
0 6 18 22 178556.203 -53008.8711 75328.3906
0 6 19 22 180504.719 -53587.3359 70509.6484
0 6 18 23 179772.391 -47752.0391 75841.4766
0 6 19 23 181772.172 -48283.2344 71004.7578
0 18 33872 108902 159210.906 -26928.9121 118066.562
0 18 33873 108902 159211.484 -26929.0098 118065.773
0 18 33872 108903 159210.875 -26927.6914 118066.539
0 18 33873 108903 159211.453 -26927.7871 118065.758
0 18 33848 108908 159198.25 -26919.4805 118086.328
0 18 33849 108908 159198.953 -26919.6035 118085.633
0 18 33848 108909 159198.203 -26918.2598 118086.297
0 18 33849 108909 159198.906 -26918.3809 118085.594
0 5 8 22 166812.203 67767.4531 78193.2188
0 5 9 22 170869.484 69415.7266 69415.7266
0 5 8 23 163789.531 76776.3438 76776.3438
0 5 9 23 167732.172 78624.4531 68141.1953
0 15 4242 13606 159253.328 -26997.4453 118016.008
0 15 4243 13606 159257.062 -26998.0742 118009.055
0 15 4242 13607 159254.312 -26987.8906 118016.742
0 15 4243 13607 159258.859 -26988.6621 118010.383
0 15 4226 13602 159170.25 -27022.2207 118109.883
0 15 4227 13602 159175.688 -27023.1426 118104.195
0 15 4226 13603 159172.219 -27012.8398 118111.344
0 15 4227 13603 159176.031 -27013.4863 118104.461
0 10 118 420 156798.312 -28021.5762 120508.086
0 10 119 420 156965.828 -28051.5098 120330.25
0 10 118 421 156789.109 -27713.6992 120501.008
0 10 119 421 156955.141 -27743.0469 120322.055
0 18 33870 108900 159209.922 -26931.1758 118068.266
0 18 33871 108900 159210.469 -26931.2656 118067.461
0 18 33870 108901 159209.859 -26929.9492 118068.227
0 18 33871 108901 159210.422 -26930.043 118067.414
4 5 24 4 77411.6641 -104733.438 145716.078
4 5 25 4 84857.4062 -102722.125 142917.734
4 5 24 5 79335.5781 -98002.7656 149337.547
4 5 25 5 86872.875 -96017.3906 146312.203
0 4 10 12 169207.969 95179.4844 -52877.4922
0 4 11 12 163035.484 91707.4609 -71328.0234
0 4 10 13 161030.672 110708.586 -50322.0859
0 4 11 13 155762.047 107086.406 -68145.8906
0 14 2102 6802 159070.297 -26980.9785 118244.453
0 14 2103 6802 159081.078 -26982.8086 118233.055
0 14 2102 6803 159071.453 -26961.7559 118245.305
0 14 2103 6803 159082.969 -26963.709 118234.453
0 18 33874 108912 159212.797 -26917.084 118065.539
0 18 33875 108912 159213.344 -26917.1777 118064.734
0 18 33874 108913 159212.938 -26915.8926 118065.633
0 18 33875 108913 159213.453 -26915.9805 118064.812
4 6 56 22 116778.742 -45281.5547 152527.344
4 6 57 22 119978.922 -44698.0312 150561.781
4 6 56 23 117847.289 -40885.7969 153922.984
4 6 57 23 121075.117 -40358.375 151937.406
4 6 62 14 126079.102 -72340.4688 132279.719
4 6 63 14 128662.867 -71479.3672 130705.133
4 6 62 15 127079.141 -68747.7344 133328.938
4 6 63 15 129675.289 -67925.1562 131733.625
0 9 76 206 161722.219 -31270.5098 113395.078
0 9 77 206 162033.719 -31330.7383 112980.539
0 9 76 207 161793.484 -30652.2812 113445.047
0 9 77 207 162091.391 -30708.7227 113020.75
0 7 0 50 138394.828 -29192.6582 137313.609
0 7 1 50 139528.016 -29431.6895 136257.828
0 7 0 51 138521.766 -27055.0312 137439.562
0 7 1 51 139640.188 -27273.4727 136367.375
0 9 78 216 163082.984 -25163.1934 113075.109
0 9 79 216 163361.047 -25206.0977 112629.781
0 9 78 217 163185.312 -24541.541 113146.062
0 9 79 217 163417.125 -24576.4023 112668.445
0 15 4218 13612 159146.594 -26921.0703 118170.047
0 15 4219 13612 159150.188 -26921.6777 118162.992
0 15 4218 13613 159147.672 -26911.5371 118170.836
0 15 4219 13613 159151 -26912.0977 118163.586
0 6 0 36 138607.688 19491.707 136441.953
0 6 1 36 140737.922 19791.2695 134140.828
0 6 0 37 138260.438 23763.5137 136100.125
0 6 1 37 140368.531 24125.8398 133788.75
0 4 12 2 147080.453 -101117.812 -82732.7578
0 4 13 2 141735.438 -97443.1094 -97443.1094
0 4 12 3 155553.281 -87498.7188 -87498.7188
0 4 13 3 147495.141 -82966.0234 -101402.914
0 8 28 94 154510.391 -40438.2656 120107.695
0 8 29 94 155092.828 -40590.7031 119348.781
0 8 28 95 154750.953 -39292.2344 120294.695
0 8 29 95 155289.953 -39429.0898 119500.469
0 13 1044 3398 158916.859 -27061.6484 118392.289
0 13 1045 3398 158940.312 -27065.6406 118370.953
0 13 1044 3399 158910.594 -27021.7852 118387.617
0 13 1045 3399 158934.109 -27025.7832 118366.328
0 9 74 204 161011.516 -32390.9883 114154.648
0 9 75 204 161312.109 -32451.457 113737.633
0 9 74 205 161063.172 -31772.2266 114191.266
0 9 75 205 161370.391 -31832.8301 113778.734
0 8 32 94 156803.391 -41038.3867 116990.016
0 8 33 94 157357.359 -41183.3711 116173.984
0 8 32 95 157032.625 -39871.5664 117161.055
0 8 33 95 157588.578 -40012.7266 116344.695
0 13 1048 3410 159028.078 -26614.6836 118319.836
0 13 1049 3410 159057.047 -26619.5312 118302.555
0 13 1048 3411 159027.625 -26575.7832 118319.508
0 13 1049 3411 159054.969 -26580.3535 118301.016
0 13 1046 3408 158978.062 -26683.9414 118360.258
0 13 1047 3408 159000.797 -26687.7559 118338.359
0 13 1046 3409 158975.969 -26644.7773 118358.695
0 13 1047 3409 159001.453 -26649.0469 118338.859
0 4 12 6 168576.062 -31608.0098 -94824.0312
0 4 13 6 159577.594 -29920.7988 -109709.594
0 4 12 7 170329.328 -10645.583 -95810.2422
0 4 13 7 160628.656 -10039.291 -110432.203
0 12 540 1696 159626.422 -27396.8203 117498.453
0 12 541 1696 159662.078 -27402.9375 117446.734
0 12 540 1697 159632.328 -27319.8887 117502.805
0 12 541 1697 159665.125 -27325.5 117448.969
0 7 20 42 159398.328 -53547.8789 108341.055
0 7 21 42 160521.516 -53925.1953 106596.32
0 7 20 43 159909.875 -51221.1289 108688.734
0 7 21 43 161050.109 -51586.3633 106947.344
0 8 24 114 152901.641 -16126.3447 123635.312
0 8 25 114 153576.312 -16197.5 122981.023
0 8 24 115 152893.078 -14930.9648 123628.391
0 8 25 115 153525.906 -14992.7646 122940.672
0 7 0 52 138638.672 -24911.6348 137555.547
0 7 1 52 139745.953 -25110.6016 136470.656
0 7 0 53 138722.969 -22759.2363 137639.188
0 7 1 53 139843.703 -22943.1074 136566.109
0 5 6 0 131566.344 -127454.898 78117.5156
0 5 7 0 134249.719 -130054.414 71320.1641
0 5 6 1 135725.266 -123001.016 80586.8672
0 5 7 1 137925.391 -124994.875 73272.8594
0 11 274 858 160069.297 -25870.5762 117160.102
0 11 275 858 160156.141 -25884.6113 117067.258
0 11 274 859 160049.469 -25711.0723 117145.586
0 11 275 859 160139.062 -25725.4668 117054.766
0 18 33848 108904 159198.438 -26924.373 118086.469
0 18 33849 108904 159199.125 -26924.4883 118085.758
0 18 33848 108905 159198.406 -26923.1543 118086.445
0 18 33849 108905 159199.078 -26923.2676 118085.734
4 6 58 32 125095.141 2360.28564 151058.281
4 6 59 32 127772.734 2323.14062 148681
4 6 58 33 124971.75 7073.87256 150909.281
4 6 59 33 127658.438 6963.18701 148548
4 6 58 18 118974.352 -60609.5742 143667.141
4 6 59 18 121863.195 -59823.75 141804.438
4 6 58 19 119948.727 -56579.5859 144843.734
4 6 59 19 122852.602 -55842.0898 142955.75
0 11 276 846 160056.156 -27744.1094 116837.867
0 11 277 846 160121.891 -27755.5039 116729.492
0 11 276 847 160065.781 -27589.4629 116844.898
0 11 277 847 160142.312 -27602.6562 116744.375
0 4 12 0 132139.656 -123880.93 -74328.5547
0 4 13 0 128177.352 -120166.273 -88121.9375
0 4 12 1 139479.109 -113326.781 -78457
0 4 13 1 134951.688 -109648.25 -92779.2891
0 17 16920 54460 159194.141 -26903.6074 118092.391
0 17 16921 54460 159195.375 -26903.8145 118090.875
0 17 16920 54461 159194.453 -26901.2305 118092.617
0 17 16921 54461 159195.703 -26901.4414 118091.125
0 8 22 96 151615.844 -37311.7109 124964.617
0 8 23 96 152228.719 -37462.5352 124280.469
0 8 22 97 151752.281 -36159.7266 125077.078
0 8 23 97 152380.297 -36309.3672 124404.234
0 16 8454 27218 159179.969 -26958.291 118109.812
0 16 8455 27218 159182.156 -26958.6602 118106.57
0 16 8454 27219 159179.984 -26953.4355 118109.82
0 16 8455 27219 159182.172 -26953.8066 118106.586
0 15 4218 13610 159143.938 -26940.0469 118168.07
0 15 4219 13610 159148.5 -26940.8203 118161.742
0 15 4218 13611 159145.453 -26930.5879 118169.18
0 15 4219 13611 159149.359 -26931.248 118162.375
0 5 4 24 145682.031 77393.5781 104708.961
0 5 5 24 149350.203 79342.2891 98011.0625
0 5 4 25 143059.641 84941.6641 102824.125
0 5 5 25 146540.141 87008.2109 96166.9688
0 7 22 62 166222.5 -3895.83984 107784.898
0 7 23 62 167664.312 -3929.63232 106100.07
0 7 22 63 165947.906 -1296.46802 107606.844
0 7 23 63 167390.422 -1307.73767 105926.75
0 11 250 846 157989 -27385.7891 119340.32
0 11 251 846 158068.031 -27399.4883 119245.664
0 11 250 847 157982.516 -27230.3867 119335.43
0 11 251 847 158062.859 -27244.2324 119241.766
0 14 2128 6802 159312.422 -27022.0488 117918.805
0 14 2129 6802 159322.594 -27023.7715 117906.891
0 14 2128 6803 159312.562 -27002.623 117918.914
0 14 2129 6803 159320.453 -27003.9609 117905.305
0 12 542 1702 159722.438 -26945.3633 117413.141
0 12 543 1702 159759.062 -26951.541 117362.07
0 12 542 1703 159727.109 -26868.1582 117416.57
0 12 543 1703 159766.188 -26874.7344 117367.305
0 16 8478 27230 159234.109 -26909.1465 118033.359
0 16 8479 27230 159236.203 -26909.498 118030.055
0 16 8478 27231 159233.906 -26904.252 118033.195
0 16 8479 27231 159235.953 -26904.5977 118029.859
0 17 16942 54460 159219.219 -26907.8438 118057.547
0 17 16943 54460 159220.312 -26908.0273 118055.922
0 17 16942 54461 159219.266 -26905.4219 118057.578
0 17 16943 54461 159220.281 -26905.5938 118055.898
0 17 16944 54454 159220.625 -26922.6582 118053.727
0 17 16945 54454 159221.766 -26922.8496 118052.141
0 17 16944 54455 159220.828 -26920.2637 118053.867
0 17 16945 54455 159221.953 -26920.4512 118052.273
0 12 522 1690 158886.172 -27735.2598 118350.031
0 12 523 1690 158926.406 -27742.2793 118302.391
0 12 522 1691 158891.531 -27658.6074 118354.016
0 12 523 1691 158925.141 -27664.4609 118301.453
0 17 16928 54442 159202.297 -26948.709 118079.008
0 17 16929 54442 159203.344 -26948.8867 118077.352
0 17 16928 54443 159202.328 -26946.2871 118079.031
0 17 16929 54443 159203.438 -26946.4727 118077.43
0 12 516 1694 158667.25 -27387.1465 118651.805
0 12 517 1694 158708.281 -27394.2285 118605
0 12 516 1695 158670.328 -27310.1992 118654.102
0 12 517 1695 158708.469 -27316.7637 118605.133
0 9 52 206 154422.891 -29859.1133 122754.141
0 9 53 206 154808.5 -29933.6758 122455.945
0 9 52 207 154413.516 -29254.1211 122746.68
0 9 53 207 154764.453 -29320.6074 122421.102
0 12 518 1692 158736.266 -27554.0742 118548.398
0 12 519 1692 158777.938 -27561.3047 118501.984
0 12 518 1693 158748.828 -27478.7402 118557.773
0 12 519 1693 158789 -27485.6914 118510.234
0 12 530 1712 159268.938 -26091.1777 118013
0 12 531 1712 159316.984 -26099.0469 117970.805
0 12 530 1713 159261.641 -26012.2148 118007.594
0 12 531 1713 159312.094 -26020.457 117967.18
0 16 8452 27230 159176.484 -26899.4062 118116.938
0 16 8453 27230 159178.891 -26899.8125 118113.867
0 16 8452 27231 159177.047 -26894.6445 118117.352
0 16 8453 27231 159179.406 -26895.043 118114.25
0 5 12 6 170170.891 -101038.961 37224.8828
0 5 13 6 171355.312 -101742.219 26774.2676
0 5 12 7 174818.766 -92872.4766 38241.6055
0 5 13 7 176242.609 -93628.8906 27537.9102
0 14 2126 6814 159305.531 -26787.5215 117952.602
0 14 2127 6814 159315.781 -26789.2441 117940.742
0 14 2126 6815 159305.656 -26768.0957 117952.688
0 14 2127 6815 159315.828 -26769.8027 117940.781
0 14 2102 6808 159082.797 -26866.584 118253.758
0 14 2103 6808 159091.359 -26868.0312 118240.688
0 14 2102 6809 159084.484 -26847.4473 118255
0 14 2103 6809 159094.266 -26849.0977 118242.844
0 17 16930 54442 159204.391 -26949.0625 118075.695
0 17 16931 54442 159205.469 -26949.2461 118074.062
0 17 16930 54443 159204.547 -26946.6602 118075.812
0 17 16931 54443 159205.656 -26946.8496 118074.211
0 17 16936 54464 159213.719 -26897.1973 118068.047
0 17 16937 54464 159214.844 -26897.3867 118066.438
0 17 16936 54465 159214.016 -26894.8184 118068.266
0 17 16937 54465 159215.125 -26895.0059 118066.656
0 17 16940 54462 159217.453 -26902.6855 118061.086
0 17 16941 54462 159218.422 -26902.8496 118059.375
0 17 16940 54463 159217.688 -26900.2969 118061.273
0 17 16941 54463 159218.578 -26900.4473 118059.5
0 16 8478 27224 159235.812 -26938.5898 118034.625
0 16 8479 27224 159238.672 -26939.0723 118031.867
0 16 8478 27225 159235.016 -26933.5938 118034.023
0 16 8479 27225 159237.734 -26934.0566 118031.18
0 10 120 430 157052.141 -24999.5098 120089.68
0 10 121 430 157255.109 -25031.8203 119937.742
0 10 120 431 157020.984 -24687.8691 120065.852
0 10 121 431 157222.781 -24719.5977 119913.07
4 6 60 34 130043.828 11407.3535 146014.125
4 6 61 34 132470.547 11226.3184 143696.875
4 6 60 35 129792.789 15939.4658 145732.25
4 6 61 35 132241.234 15689.6377 143448.109
0 10 124 414 157793.422 -30048.5508 119423.727
0 10 125 414 157952.156 -30078.7812 119235.359
0 10 124 415 157815.547 -29744.5332 119440.477
0 10 125 415 157992.172 -29777.8223 119265.578
0 13 1070 3408 159434.922 -26760.6211 117766.203
0 13 1071 3408 159451.047 -26763.3281 117739.172
0 13 1070 3409 159434.406 -26721.6113 117765.82
0 13 1071 3409 159451.328 -26724.4473 117739.391
0 15 4244 13608 159263.281 -26979.6875 118003.93
0 15 4245 13608 159266.484 -26980.2324 117996.594
0 15 4244 13609 159263.016 -26969.9258 118003.75
0 15 4245 13609 159266.266 -26970.4727 117996.43
0 15 4234 13624 159224.344 -26817.6016 118072.281
0 15 4235 13624 159228.578 -26818.3145 118065.695
0 15 4234 13625 159225.344 -26808.0508 118073.016
0 15 4235 13625 159229.797 -26808.8008 118066.602
0 9 56 202 155758.391 -32551.0703 121382.023
0 9 57 202 156006.234 -32602.8633 120965.766
0 9 56 203 155774.062 -31945.8535 121394.242
0 9 57 203 156077.781 -32008.1387 121021.242
0 15 4232 13624 159215.781 -26816.1582 118085.359
0 15 4233 13624 159220.438 -26816.9414 118079.094
0 15 4232 13625 159216.422 -26806.5469 118085.836
0 15 4233 13625 159221.312 -26807.373 118079.75
0 11 276 856 160215.656 -26207.1504 116954.297
0 11 277 856 160301.922 -26221.2617 116860.719
0 11 276 857 160231.125 -26053.2051 116965.586
0 11 277 857 160314.906 -26066.8281 116870.188
0 13 1050 3392 159025.609 -27313.1152 118240.352
0 13 1051 3392 159047.672 -27316.9004 118217.93
0 13 1050 3393 159026.047 -27274.3652 118240.672
0 13 1051 3393 159049.234 -27278.3418 118219.078
0 17 16940 54446 159216.031 -26941.3164 118060.031
0 17 16941 54446 159217.062 -26941.4902 118058.367
0 17 16940 54447 159216.031 -26938.8867 118060.039
0 17 16941 54447 159217.062 -26939.0645 118058.383
0 10 122 432 157385.109 -24437.7266 119729.492
0 10 123 432 157560.953 -24465.0312 119555.523
0 10 122 433 157359.531 -24126.4141 119710.039
0 10 123 433 157534.953 -24153.3086 119535.797
0 9 72 222 161262.016 -21102.6465 115592.117
0 9 73 222 161638.547 -21151.9199 115230.602
0 9 72 223 161205.828 -20465.584 115551.836
0 9 73 223 161577.5 -20512.7695 115187.078
0 15 4222 13620 159167.922 -26846.959 118147.023
0 15 4223 13620 159172.203 -26847.6816 118140.484
0 15 4222 13621 159168.859 -26837.3984 118147.703
0 15 4223 13621 159173.234 -26838.1387 118141.242
0 12 536 1692 159485.047 -27684.0488 117705.883
0 12 537 1692 159523.812 -27690.7793 117656.602
0 12 536 1693 159480.453 -27605.3809 117702.492
0 12 537 1693 159521.312 -27612.4531 117654.75
0 17 16944 54456 159221.062 -26917.875 118054.055
0 17 16945 54456 159222.188 -26918.0645 118052.453
0 17 16944 54457 159221.281 -26915.4805 118054.211
0 17 16945 54457 159222.375 -26915.666 118052.594
0 7 0 48 138079.969 -33441.2461 137001.234
0 7 1 48 139219.266 -33717.1641 135956.312
0 7 0 49 138254.5 -31323.2832 137174.391
0 7 1 49 139387.312 -31579.9375 136120.422
0 10 144 430 161205.109 -25660.5781 115708.758
0 10 145 430 161348.031 -25683.332 115496.203
0 10 144 431 161257.516 -25353.9648 115746.359
0 10 145 431 161382.5 -25373.6191 115520.875
0 13 1068 3396 159393.562 -27220.6543 117813.484
0 13 1069 3396 159410.922 -27223.6191 117787.391
0 13 1068 3397 159396.609 -27182.2578 117815.727
0 13 1069 3397 159413.406 -27185.123 117789.227
3 5 30 26 118927.539 -131230.391 86119.9375
3 5 31 26 124334.789 -128345.578 84226.7891
3 5 30 27 116489.805 -128540.477 92388.4609
3 5 31 27 121818.906 -125748.555 90381.7734
0 12 528 1712 159178.953 -26076.4355 118101.766
0 12 529 1712 159221.438 -26083.3965 118055.547
0 12 528 1713 159169.141 -25997.1074 118094.477
0 12 529 1713 159213.859 -26004.4121 118049.922
0 16 8452 27220 159175.266 -26947.7773 118116.023
0 16 8453 27220 159177.438 -26948.1465 118112.789
0 16 8452 27221 159174.922 -26942.8633 118115.781
0 16 8453 27221 159177.094 -26943.2305 118112.531
3 5 28 30 97937.3125 -125359.766 113607.289
3 5 29 30 103705.422 -122910.133 111387.305
3 5 28 31 95628.0547 -122403.906 118578.789
3 5 29 31 101329.391 -120094.094 116341.148
0 10 142 418 160471.875 -29304.9219 115809.289
0 10 143 418 160609.781 -29330.1055 115595.125
0 10 142 419 160514.047 -28999.1211 115839.734
0 10 143 419 160647.75 -29023.2754 115622.445
0 15 4240 13604 159242.172 -27014.9922 118027.18
0 15 4241 13604 159246.672 -27015.7539 118020.789
0 15 4240 13605 159242.562 -27005.3398 118027.469
0 15 4241 13605 159247.625 -27006.1973 118021.492
2 4 12 6 97923.0625 174085.453 32641.0215
2 4 13 6 112794.461 164064.672 30762.125
2 4 12 7 99034.7188 176061.734 11003.8584
2 4 13 7 113885.648 165651.844 10353.2402
4 5 24 20 89125.0625 47183.8555 167764.812
4 5 25 20 97114.6797 46001.6914 163561.562
4 5 24 21 87891.125 56870.7305 165442.125
4 5 25 21 95770.9922 55446.3633 161298.516
0 5 14 12 195905.609 -42854.3516 18366.1504
0 5 15 12 196652.812 -43017.8047 6145.40039
0 5 14 13 198047.609 -30944.9395 18566.9648
0 5 15 13 198853.016 -31070.7852 6214.15674
0 12 542 1700 159718.188 -27100.6191 117410.023
0 12 543 1700 159751.062 -27106.1973 117356.18
0 12 542 1701 159720.422 -27023.0137 117411.672
0 12 543 1701 159755.812 -27028.9961 117359.672
0 10 140 434 160603.203 -24310.0566 116531.43
0 10 141 434 160773.297 -24335.8008 116340.828
0 10 140 435 160598.703 -23995.7051 116528.164
0 10 141 435 160774.609 -24021.9863 116341.773
2 4 14 8 126778.953 156035.625 -9752.22656
2 4 15 8 137653.828 146830.75 -9176.92188
2 4 14 9 125640.125 154634 -28993.875
2 4 15 9 136538.312 145640.859 -27307.6621
0 13 1066 3412 159366.25 -26593.4648 117871.102
0 13 1067 3412 159383.391 -26596.3242 117844.875
0 13 1066 3413 159364.812 -26554.3164 117870.039
0 13 1067 3413 159382.641 -26557.2871 117844.32
0 15 4236 13602 159218.719 -27030.4473 118048.664
0 15 4237 13602 159224.109 -27031.3652 118042.953
0 15 4236 13603 159219.312 -27020.8301 118049.109
0 15 4237 13603 159224.531 -27021.7168 118043.258
0 14 2128 6812 159321.969 -26829.1836 117925.875
0 14 2129 6812 159329.719 -26830.4863 117912.156
0 14 2128 6813 159325.688 -26810.3613 117928.633
0 14 2129 6813 159334.094 -26811.7754 117915.398
0 4 12 8 170382.188 10648.8867 -95839.9844
0 4 13 8 160598.656 10037.416 -110411.578
0 4 12 9 168861.516 31661.5332 -94984.5938
0 4 13 9 159482.156 29902.9062 -109643.984
0 15 4218 13614 159149.453 -26902.125 118172.164
0 15 4219 13614 159152.703 -26902.6738 118164.867
0 15 4218 13615 159150.281 -26892.5508 118172.773
0 15 4219 13615 159153.625 -26893.1152 118165.547
0 12 514 1700 158586.234 -26908.5527 118746.086
0 12 515 1700 158626.453 -26915.377 118698.75
0 12 514 1701 158586.906 -26831.2305 118746.586
0 12 515 1701 158624.875 -26837.6562 118697.562
0 15 4220 13618 159160.172 -26865.082 118160.703
0 15 4221 13618 159163.891 -26865.7051 118153.734
0 15 4220 13619 159160.453 -26855.4121 118160.898
0 15 4221 13619 159163.578 -26855.9395 118153.508
0 18 33850 108900 159199.609 -26929.4277 118084.898
0 18 33851 108900 159200.219 -26929.5332 118084.141
0 18 33850 108901 159199.703 -26928.2305 118084.977
0 18 33851 108901 159200.312 -26928.332 118084.203
0 13 1062 3392 159258.531 -27353.1191 117946.961
0 13 1063 3392 159278.766 -27356.5977 117923.07
0 13 1062 3393 159265 -27315.3457 117951.758
0 13 1063 3393 159286.359 -27319.0098 117928.688
4 5 26 22 101517.406 62844.1094 154693.188
4 5 27 22 108257.375 61188.9531 150618.969
4 5 26 23 99839.3516 71313.8203 152136.156
4 5 27 23 106506.773 69460.9375 148183.344
0 10 136 414 159476.359 -30369.0312 116959.711
0 10 137 414 159615.219 -30395.4785 116749.812
0 10 136 415 159498.953 -30061.8125 116976.281
0 10 137 415 159645.938 -30089.5176 116772.273
0 8 28 116 155468.859 -13967.9043 120852.742
0 8 29 116 156094 -14024.0703 120119.211
0 8 28 117 155385.25 -12746.4463 120787.742
0 8 29 117 156071.5 -12802.7402 120101.898
0 16 8470 27216 159216.109 -26974.127 118058.867
0 16 8471 27216 159218.656 -26974.5586 118055.914
0 16 8470 27217 159216.375 -26969.3164 118059.078
0 16 8471 27217 159218.859 -26969.7363 118056.062
0 12 532 1712 159355.359 -26105.332 117921.406
0 12 533 1712 159395.859 -26111.9688 117873.562
0 12 532 1713 159351.719 -26026.9277 117918.719
0 12 533 1713 159392.344 -26033.5645 117870.953
0 8 18 100 149066.344 -32025.9727 127521.602
0 8 19 100 149744.5 -32171.668 126931.859
0 8 18 101 149071.719 -30862.5039 127526.195
0 8 19 101 149747.016 -31002.3125 126933.992
0 14 2110 6816 159175.766 -26726.8398 118167.406
0 14 2111 6816 159184.906 -26728.375 118154.758
0 14 2110 6817 159177.297 -26707.666 118168.555
0 14 2111 6817 159187.734 -26709.418 118156.875
0 17 16942 54448 159218.125 -26936.8105 118056.727
0 17 16943 54448 159219.234 -26937.002 118055.125
0 17 16942 54449 159218.156 -26934.3887 118056.758
0 17 16943 54449 159219.266 -26934.5762 118055.148
0 14 2104 6798 159071.938 -27058.9277 118206.836
0 14 2105 6798 159083.422 -27060.8828 118195.953
0 14 2104 6799 159077.734 -27040.498 118211.148
0 14 2105 6799 159088.781 -27042.373 118199.938
0 12 542 1704 159735.219 -26791.5254 117422.539
0 12 543 1704 159776.031 -26798.375 117374.531
0 12 542 1705 159735.641 -26713.6016 117422.852
0 12 543 1705 159781.422 -26721.2578 117378.492
2 4 8 0 9181.7334 146907.734 137726
2 4 9 0 27307.5625 145640.328 136537.812
2 4 8 1 9782.05664 156512.906 127166.742
2 4 9 1 29058.9746 154981.188 125922.219
0 8 18 108 149146.969 -22721.6074 127590.57
0 8 19 108 149821.125 -22824.3125 126996.82
0 8 18 109 149172.141 -21560.0352 127612.102
0 8 19 109 149812.625 -21652.6055 126989.609
0 17 16926 54442 159200.219 -26948.3574 118082.32
0 17 16927 54442 159201.266 -26948.5332 118080.664
0 17 16926 54443 159200.062 -26945.9023 118082.203
0 17 16927 54443 159201.219 -26946.0977 118080.625
0 12 514 1698 158589.062 -27063.9023 118748.195
0 12 515 1698 158631.156 -27071.0879 118702.266
0 12 514 1699 158588.562 -26986.3848 118747.836
0 12 515 1699 158632.969 -26993.9395 118703.625
0 11 250 852 157977.516 -26458.1484 119331.648
0 11 251 852 158089.016 -26476.8223 119261.492
0 11 250 853 157962.703 -26301.4082 119320.453
0 11 251 853 158051.594 -26316.207 119233.266
0 6 12 36 166471.484 23410.0527 101443.562
0 6 13 36 169011.344 23767.2188 97709.6797
0 6 12 37 165650.75 28471.2246 100943.43
0 6 13 37 168088.406 28890.1953 97176.1172
0 7 28 50 172173.547 -36317.8594 95502.5156
0 7 29 50 173318.031 -36559.2734 93429.2578
0 7 28 51 172561.469 -33703.4102 95717.6875
0 7 29 51 173721.641 -33930.0078 93646.8203
0 8 26 94 153383.562 -40143.3555 121628.375
0 8 27 94 153946.906 -40290.793 120872.375
0 8 26 95 153619.266 -39004.8945 121815.281
0 8 27 95 154201.141 -39152.6328 121071.992
0 7 28 56 173997.531 -20390.3359 96514.25
0 7 29 56 175171.312 -20527.8887 94428.2891
0 7 28 57 174193.172 -17691.4941 96622.7734
0 7 29 57 175376.984 -17811.7246 94539.1484
0 17 16918 54458 159191.109 -26907.9512 118094.992
0 17 16919 54458 159192.266 -26908.1465 118093.422
0 17 16918 54459 159191.438 -26905.5801 118095.25
0 17 16919 54459 159192.578 -26905.7734 118093.664
0 12 532 1690 159328.344 -27812.4414 117901.414
0 12 533 1690 159370.844 -27819.8613 117855.047
0 12 532 1691 159320.344 -27733.25 117895.492
0 12 533 1691 159364.422 -27740.9258 117850.305
0 15 4246 13614 159266.656 -26921.9355 117986.992
0 15 4247 13614 159270.359 -26922.5625 117980.023
0 15 4246 13615 159266.312 -26912.1602 117986.758
0 15 4247 13615 159271.5 -26913.0352 117980.867
0 7 8 62 148019.266 -3469.20166 128360.453
0 7 9 62 149220.469 -3497.35498 127070.555
0 7 8 63 147954.828 -1155.89709 128304.578
0 7 9 63 149141.75 -1165.16992 127003.531
0 17 16922 54462 159197.25 -26899.2734 118089.844
0 17 16923 54462 159198.625 -26899.5039 118088.422
0 17 16922 54463 159197.453 -26896.8789 118089.984
0 17 16923 54463 159198.812 -26897.1094 118088.57
0 17 16944 54452 159220.5 -26927.498 118053.641
0 17 16945 54452 159221.688 -26927.6992 118052.086
0 17 16944 54453 159220.5 -26925.0664 118053.633
0 17 16945 54453 159221.688 -26925.2656 118052.078
0 18 33868 108918 159210.219 -26909.3594 118070.914
0 18 33869 108918 159210.734 -26909.4453 118070.07
0 18 33868 108919 159210.281 -26908.1543 118070.953
0 18 33869 108919 159210.797 -26908.2422 118070.125
0 17 16926 54464 159203.188 -26895.418 118084.531
0 17 16927 54464 159204.531 -26895.6445 118083.094
0 17 16926 54465 159203.375 -26893.0195 118084.664
0 17 16927 54465 159204.719 -26893.248 118083.242
0 7 0 54 138809.469 -20604.5293 137725.031
0 7 1 54 139926.781 -20770.3809 136647.234
0 7 0 55 138877.109 -18444.6172 137792.125
0 7 1 55 139992.188 -18592.7129 136711.125
0 8 34 94 157951.234 -41338.7969 115378.445
0 8 35 94 158555.656 -41496.9844 114581.234
0 8 34 95 158167.922 -40159.8242 115536.727
0 8 35 95 158748.781 -40307.3086 114720.805
0 9 54 218 154943.672 -22696.8281 121957.617
0 9 55 218 155285 -22746.8242 121619.688
0 9 54 219 154902.141 -22085.6582 121924.93
0 9 55 219 155269.484 -22138.0312 121607.547
0 9 64 200 157834.594 -34218.0469 118067.672
0 9 65 200 158120.344 -34279.9961 117663.766
0 9 64 201 157921.844 -33620.082 118132.945
0 9 65 201 158193.156 -33677.8398 117717.953
0 11 252 842 158139.875 -28029.6738 119145.414
0 11 253 842 158232.484 -28046.0879 119060.672
0 11 252 843 158145.203 -27876.1797 119149.43
0 11 253 843 158237.328 -27892.4199 119064.312
0 12 540 1708 159675.891 -26469.707 117534.852
0 12 541 1708 159722.906 -26477.5039 117491.484
0 12 540 1709 159674.875 -26391.5762 117534.125
0 12 541 1709 159722.938 -26399.5195 117491.508
0 5 14 14 199444.562 -18697.9277 18697.9277
0 5 15 14 200182.562 -18767.1152 6255.70508
0 5 14 15 200052.047 -6251.62646 18754.8789
0 5 15 15 200786.656 -6274.58301 6274.58301
0 13 1058 3414 159241.422 -26494.8809 118089.805
0 13 1059 3414 159256.172 -26497.334 118061.852
0 13 1058 3415 159239.031 -26455.6055 118088.023
0 13 1059 3415 159255.312 -26458.3105 118061.227
0 7 12 40 149283.406 -54815.0039 120126.492
0 7 13 40 150391.328 -55221.8164 118668.156
0 7 12 41 149745.531 -52644.9141 120498.352
0 7 13 41 150887.734 -53046.4688 119059.859
3 4 10 6 57426.2539 -183764.016 -34455.7539
3 4 11 6 77386.4375 -176883.281 -33165.6172
3 4 10 7 58446.8086 -187029.797 -11689.3623
3 4 11 7 78536.5625 -179512.141 -11219.5088
0 8 38 116 162375.891 -14588.459 113536.258
0 8 39 116 163108.547 -14654.2832 112774.258
0 8 38 117 162271.016 -13311.2949 113462.938
0 8 39 117 163014.547 -13372.2871 112709.273
0 15 4236 13624 159233.391 -26819.127 118059.547
0 15 4237 13624 159238.094 -26819.918 118053.32
0 15 4236 13625 159234.359 -26809.5684 118060.266
0 15 4237 13625 159238.938 -26810.3398 118053.938
3 4 12 4 89595.0078 -159280.016 -69685.0078
3 4 13 4 104122.062 -151450.266 -66259.4922
3 4 12 5 92567.6875 -164564.781 -51426.4961
3 4 13 5 107171.156 -155885.312 -48714.1602
0 17 16932 54442 159206.578 -26949.4355 118072.461
0 17 16933 54442 159207.703 -26949.627 118070.867
0 17 16932 54443 159206.797 -26947.043 118072.625
0 17 16933 54443 159207.938 -26947.2344 118071.031
0 9 62 200 157269.156 -34095.4609 118873.367
0 9 63 200 157527.203 -34151.4062 118453.07
0 9 62 201 157355.047 -33499.4141 118938.289
0 9 63 201 157625.625 -33557.0195 118527.078
0 13 1066 3394 159348.312 -27290.7305 117857.836
0 13 1067 3394 159367.688 -27294.0488 117833.266
0 13 1066 3395 159350.562 -27252.2129 117859.508
0 13 1067 3395 159370.281 -27255.5879 117835.18
0 17 16916 54452 159188.203 -26922.0352 118097.703
0 17 16917 54452 159189.297 -26922.2207 118096.078
0 17 16916 54453 159188.328 -26919.6289 118097.797
0 17 16917 54453 159189.359 -26919.8008 118096.133
0 7 2 44 139808.969 -42598.043 134347.672
0 7 3 44 140961.812 -42949.3047 133252.969
0 7 2 45 139939.672 -40451.3125 134473.266
0 7 3 45 141124.344 -40793.7539 133406.594
0 10 140 416 160092.766 -29861.0527 116161.055
0 10 141 416 160240.484 -29888.6074 115955.273
0 10 140 417 160146.266 -29558.2461 116199.883
0 10 141 417 160292.766 -29585.2871 115993.109
0 13 1060 3414 159271.125 -26499.8203 118034.055
0 13 1061 3414 159290.125 -26502.9844 118009.258
0 13 1060 3415 159271.719 -26461.0391 118034.5
0 13 1061 3415 159289.922 -26464.0605 118009.102
0 7 14 40 151533.516 -55641.2148 117201.695
0 7 15 40 152641.562 -56048.0742 115673.688
0 7 14 41 152010.266 -53441.1094 117570.43
0 7 15 41 153168.016 -53848.125 116072.633
0 18 33848 108910 159198.172 -26917.0391 118086.266
0 18 33849 108910 159198.859 -26917.1582 118085.57
0 18 33848 108911 159198.156 -26915.8223 118086.258
0 18 33849 108911 159198.875 -26915.9434 118085.578
0 11 270 840 159520.641 -28585.9746 117381.648
0 11 271 840 159584.469 -28597.4121 117272.766
0 11 270 841 159553.562 -28436.0605 117405.875
0 11 271 841 159623.406 -28448.5098 117301.383
4 6 56 30 119279.805 -7302.84473 155794.016
4 6 57 30 122258.102 -7191.65332 153421.938
4 6 56 31 119319.766 -2435.09717 155846.219
4 6 57 31 122290.398 -2397.85083 153462.453
0 18 33874 108904 159212.016 -26926.6699 118064.961
0 18 33875 108904 159212.594 -26926.7656 118064.164
0 18 33874 108905 159212.031 -26925.457 118064.977
0 18 33875 108905 159212.594 -26925.5508 118064.172
0 14 2122 6796 159252.984 -27128.6055 117991.445
0 14 2123 6796 159260.141 -27129.8242 117977.312
0 14 2122 6797 159254.453 -27109.416 117992.547
0 14 2123 6797 159260.141 -27110.3828 117977.312
0 6 10 14 150992.719 -82574.1484 101448.234
0 6 11 14 152917.734 -83626.8906 97962.9297
0 6 10 15 152484.562 -78624.8594 102450.57
0 6 11 15 154463.141 -79645.0625 98952.9531
0 15 4246 13612 159268.469 -26941.6836 117988.352
0 15 4247 13612 159272.953 -26942.4453 117981.953
0 15 4246 13613 159267.375 -26931.7793 117987.539
0 15 4247 13613 159271.453 -26932.4668 117980.828
0 9 60 222 156883.266 -20529.6465 119807.336
0 9 61 222 157235.891 -20575.791 119462.422
0 9 60 223 156873.984 -19915.6445 119800.258
0 9 61 223 157239.078 -19961.9922 119464.852
0 15 4230 13624 159205.5 -26814.4277 118097.172
0 15 4231 13624 159210.484 -26815.2656 118091.141
0 15 4230 13625 159206.266 -26804.8398 118097.734
0 15 4231 13625 159211.047 -26805.6426 118091.562
0 14 2104 6812 159110.844 -26793.627 118235.742
0 14 2105 6812 159120.672 -26795.2812 118223.617
0 14 2104 6813 159112.016 -26774.4023 118236.625
0 14 2105 6813 159120.969 -26775.9082 118223.844
0 16 8476 27234 159230.672 -26889.127 118040.523
0 16 8477 27234 159232.5 -26889.4355 118037.016
0 16 8476 27235 159231.203 -26884.3574 118040.914
0 16 8477 27235 159232.984 -26884.6582 118037.375
3 4 6 12 -32425.9316 -172938.297 97277.7969
3 4 7 12 -10922.7266 -174763.625 98304.5391
3 4 6 13 -30660 -163520 112420
3 4 7 13 -10329.085 -165265.359 113619.938
0 16 8458 27236 159194.188 -26873.25 118100.922
0 16 8459 27236 159196.219 -26873.5918 118097.562
0 16 8458 27237 159194.703 -26868.4785 118101.305
0 16 8459 27237 159196.734 -26868.8223 118097.961
0 16 8476 27220 159232.312 -26957.4355 118041.742
0 16 8477 27220 159235.359 -26957.9531 118039.141
0 16 8476 27221 159232.016 -26952.5254 118041.523
0 16 8477 27221 159234.984 -26953.0293 118038.867
2 4 10 4 55358.0156 177145.641 77501.2188
2 4 11 4 74682.9375 170703.859 74682.9375
2 4 10 5 57518.0391 184057.734 57518.0391
2 4 11 5 77466.2266 177065.672 55333.0234
0 10 120 416 157145.578 -29311.334 120161.117
0 10 121 416 157323.359 -29344.4922 119989.797
0 10 120 417 157156.75 -29006.4727 120169.672
0 10 121 417 157333.188 -29039.0352 119997.281
0 7 24 44 164958.406 -50260.7617 101810.273
0 7 25 44 166059.703 -50596.3164 99895.2891
0 7 24 45 165467.266 -47830.3789 102124.328
0 7 25 45 166601.984 -48158.3867 100221.5
0 10 134 436 159514.359 -23522.1367 117610.688
0 10 135 436 159695.125 -23548.791 117432.062
0 10 134 437 159496.641 -23208.0078 117597.617
0 10 135 437 159697.797 -23237.2773 117434.023
0 10 132 436 159132.953 -23465.8945 117951.086
0 10 133 436 159324.625 -23494.1582 117781.977
0 10 132 437 159101.312 -23150.4844 117927.625
0 10 133 437 159300.406 -23179.4531 117764.07
0 18 33860 108896 159204.734 -26935.1543 118076.562
0 18 33861 108896 159205.266 -26935.2441 118075.734
0 18 33860 108897 159204.781 -26933.9473 118076.594
0 18 33861 108897 159205.312 -26934.0371 118075.773
0 9 78 208 162454.484 -30142.9219 112639.344
0 9 79 208 162727.047 -30193.4961 112192.672
0 9 78 209 162531.891 -29522.3965 112693.008
0 9 79 209 162801.641 -29571.3926 112244.102
0 18 33868 108898 159208.953 -26933.4395 118069.969
0 18 33869 108898 159209.516 -26933.5352 118069.172
0 18 33868 108899 159208.891 -26932.2129 118069.93
0 18 33869 108899 159209.438 -26932.3047 118069.117
0 7 26 46 168194.297 -45990.6289 98551.3438
0 7 27 46 169312.875 -46296.4883 96561.25
0 7 26 47 168688.938 -43490.1172 98841.1719
0 7 27 47 169793.094 -43774.7812 96835.125
0 15 4218 13608 159142.469 -26959.2246 118166.984
0 15 4219 13608 159146.797 -26959.9551 118160.469
0 15 4218 13609 159143.25 -26949.6426 118167.555
0 15 4219 13609 159147.844 -26950.4219 118161.25
0 11 258 860 158639.516 -25329.6504 118592.344
0 11 259 860 158731.719 -25344.3711 118506.258
0 11 258 861 158627.578 -25172.834 118583.406
0 11 259 861 158721.375 -25187.7188 118498.531
0 12 518 1708 158736.594 -26314.002 118548.641
0 12 519 1708 158791.016 -26323.0215 118511.742
0 12 518 1709 158728.922 -26235.2266 118542.914
0 12 519 1709 158784.766 -26244.4551 118507.086
0 8 42 114 165544.078 -17459.7266 110578.266
0 8 43 114 166252.422 -17534.4355 109752.578
0 8 42 115 165470.562 -16159.2344 110529.172
0 8 43 115 166179.266 -16228.4453 109704.289
0 7 10 40 147080.906 -54006.2734 122950.445
0 7 11 40 148154.609 -54400.5234 121533.078
0 7 10 41 147510.703 -51859.2305 123309.727
0 7 11 41 148615.094 -52247.4922 121910.812
0 13 1044 3406 158926.156 -26752.8281 118399.211
0 13 1045 3406 158952.125 -26757.1992 118379.758
0 13 1044 3407 158928.891 -26714.4883 118401.25
0 13 1045 3407 158955.438 -26718.9531 118382.219
0 14 2114 6794 159161.188 -27151.8281 118078.875
0 14 2115 6794 159173.219 -27153.8789 118068.359
0 14 2114 6795 159165.922 -27133.2031 118082.383
0 14 2115 6795 159176.172 -27134.9531 118070.562
0 12 538 1710 159582.344 -26298.3594 117621.852
0 12 539 1710 159626.172 -26305.5801 117576.203
0 12 538 1711 159594.906 -26222.502 117631.109
0 12 539 1711 159631.219 -26228.4668 117579.93
0 12 514 1702 158589.922 -26754.3066 118748.852
0 12 515 1702 158626.219 -26760.4297 118698.57
0 12 514 1703 158591.75 -26677.1738 118750.219
0 12 515 1703 158631.891 -26683.9277 118702.812
0 5 14 10 189763.672 -65231.2617 17790.3438
0 5 15 10 190220.172 -65388.1797 5944.38037
0 5 14 11 193107.656 -54311.5273 18103.8438
0 5 15 11 193688.453 -54474.875 6052.76416
4 4 6 12 -32553.4961 97660.4922 173618.656
4 4 7 12 -11053.3506 99480.1562 176853.609
4 4 6 13 -31046.8086 113838.297 165582.969
4 4 7 13 -10415.3633 114569.008 166645.812
0 13 1070 3398 159434.922 -27149.8672 117766.195
0 13 1071 3398 159455.719 -27153.4102 117742.641
0 13 1070 3399 159431.703 -27110.3945 117763.828
0 13 1071 3399 159451.484 -27113.7598 117739.5
0 12 526 1712 159087.953 -26061.5254 118189.609
0 12 527 1712 159134.641 -26069.1758 118146.594
0 12 526 1713 159086.297 -25983.5762 118188.375
0 12 527 1713 159125.406 -25989.9648 118139.734
0 9 66 200 158365.422 -34333.125 117227.523
0 9 67 200 158625.812 -34389.582 116800.648
0 9 66 201 158458.25 -33734.2773 117296.242
0 9 67 201 158717.25 -33789.4141 116867.977
3 4 14 2 109492.797 -134760.375 -92647.7578
3 4 15 2 120085.773 -128091.492 -88062.9062
3 4 14 3 113083.219 -139179.359 -78288.3828
3 4 15 3 123788.328 -132040.891 -74273
0 14 2106 6814 159132.438 -26758.4141 118212.945
0 14 2107 6814 159143.031 -26760.1953 118201.391
0 14 2106 6815 159134.641 -26739.3594 118214.586
0 14 2107 6815 159144.391 -26740.9961 118202.391
0 13 1050 3412 159078.797 -26545.498 118279.898
0 13 1051 3412 159104.75 -26549.8262 118260.352
0 13 1050 3413 159074.547 -26505.9531 118276.742
0 13 1051 3413 159100.719 -26510.3105 118257.359
0 13 1056 3414 159200.438 -26488.0605 118137.141
0 13 1057 3414 159221.922 -26491.6328 118114.211
0 13 1056 3415 159199.844 -26449.0938 118136.703
0 13 1057 3415 159220.125 -26452.4629 118112.875
0 13 1046 3394 158940.672 -27220.9199 118332.414
0 13 1047 3394 158962.641 -27224.6797 118309.961
0 13 1046 3395 158940.297 -27182.0508 118332.133
0 13 1047 3395 158961.672 -27185.7051 118309.242
0 17 16916 54454 159188.453 -26917.2207 118097.883
0 17 16917 54454 159189.438 -26917.3848 118096.188
0 17 16916 54455 159188.594 -26914.8125 118097.984
0 17 16917 54455 159189.531 -26914.9727 118096.266
0 11 272 860 159867.562 -25525.7305 117324.68
0 11 273 860 159942.344 -25537.668 117223.367
0 11 272 861 159864.891 -25369.1855 117322.727
0 11 273 861 159941.297 -25381.3105 117222.609
0 9 72 202 160257.469 -33491.3047 114872.055
0 9 73 202 160528.828 -33548.0156 114439.5
0 9 72 203 160349.234 -32884.1172 114937.82
0 9 73 203 160599.406 -32935.4258 114489.812
0 8 44 112 166656.391 -20181.0488 108717.258
0 8 45 112 167198.031 -20246.6348 107764.352
0 8 44 113 166737.734 -18888.2578 108770.312
0 8 45 113 167306.969 -18952.7422 107834.57
0 18 33856 108918 159204.188 -26908.3398 118081.008
0 18 33857 108918 159204.797 -26908.4434 118080.25
0 18 33856 108919 159204.328 -26907.1504 118081.109
0 18 33857 108919 159204.891 -26907.2422 118080.312
0 17 16918 54446 159190.781 -26937.043 118094.758
0 17 16919 54446 159191.953 -26937.2422 118093.188
0 17 16918 54447 159190.672 -26934.5957 118094.672
0 17 16919 54447 159191.875 -26934.8008 118093.141
0 9 76 220 162701.234 -22562.084 114081.531
0 9 77 220 163005.297 -22604.248 113657.992
0 9 76 221 162696.938 -21925.9551 114078.516
0 9 77 221 163035.891 -21971.6348 113679.32
0 16 8456 27216 159184.219 -26968.7266 118103.242
0 16 8457 27216 159186.406 -26969.0977 118100.008
0 16 8456 27217 159184.328 -26963.8848 118103.336
0 16 8457 27217 159186.531 -26964.2598 118100.109
0 9 56 220 155591.703 -21576.1934 121252.133
0 9 57 220 155920.203 -21621.748 120899.062
0 9 56 221 155549.688 -20962.75 121219.383
0 9 57 221 155904.422 -21010.5566 120886.828
0 18 33852 108898 159200.562 -26932.0195 118083.188
0 18 33853 108898 159201.125 -26932.1152 118082.391
0 18 33852 108899 159200.688 -26930.8242 118083.273
0 18 33853 108899 159201.281 -26930.9277 118082.508
0 11 262 838 158922.406 -28789.168 118183.031
0 11 263 838 159000.719 -28803.3496 118085.977
0 11 262 839 158934.078 -28636.0703 118191.695
0 11 263 839 159002.906 -28648.4746 118087.602
0 4 10 14 152320.516 123760.414 -47600.1602
0 4 11 14 148014.094 120261.445 -64756.1641
0 4 10 15 143496.812 134528.266 -44842.7539
0 4 11 15 140048.266 131295.25 -61271.1172
0 16 8474 27218 159227.891 -26966.4043 118048.188
0 16 8475 27218 159230.891 -26966.9141 118045.547
0 16 8474 27219 159227.344 -26961.4531 118047.773
0 16 8475 27219 159230.125 -26961.9238 118044.977
3 5 28 28 102627.211 -131362.828 102627.211
3 5 29 28 108508.523 -128602.695 100470.859
3 5 28 29 100278.125 -128356 108300.375
3 5 29 29 106085.93 -125731.469 106085.93
0 17 16916 54450 159188.094 -26926.875 118097.617
0 17 16917 54450 159189.203 -26927.0605 118096.008
0 17 16916 54451 159188.141 -26924.4551 118097.664
0 17 16917 54451 159189.234 -26924.6387 118096.031
0 16 8466 27238 159213.047 -26866.7148 118076.039
0 16 8467 27238 159215.422 -26867.1152 118072.945
0 16 8466 27239 159213.672 -26861.9648 118076.516
0 16 8467 27239 159215.734 -26862.3105 118073.18
0 10 144 420 160833.422 -28742.6914 115441.961
0 10 145 420 160962.172 -28765.7012 115219.992
0 10 144 421 160868.266 -28434.7227 115466.969
0 10 145 421 161001.469 -28458.2656 115248.109
0 6 16 18 168939.203 -71271.2266 81829.9297
0 6 17 18 170842.047 -72073.9922 77412.8047
0 6 16 19 170452.953 -66583.1797 82563.1484
0 6 17 19 172411.531 -67348.2578 78123.9766
0 15 4246 13616 159265.969 -26902.3809 117986.5
0 15 4247 13616 159270.516 -26903.1465 117980.148
0 15 4246 13617 159266.172 -26892.6895 117986.633
0 15 4247 13617 159270.5 -26893.4238 117980.141
0 8 42 98 163383.688 -37654.832 109135.188
0 8 43 98 163935.906 -37782.1055 108223.32
0 8 42 99 163548.812 -36415.1641 109245.492
0 8 43 99 164113.844 -36540.9727 108340.781
0 12 516 1706 158668.984 -26457.7441 118653.102
0 12 517 1706 158706.359 -26463.9766 118603.562
0 12 516 1707 158660.531 -26378.8633 118646.781
0 12 517 1707 158703.812 -26386.0566 118601.648
0 7 2 58 141202.594 -12134.5977 135686.859
0 7 3 58 142338.141 -12232.1836 134554.016
0 7 2 59 141207.531 -9928.65527 135691.609
0 7 3 59 142337.578 -10008.1104 134553.484
0 15 4224 13602 159161.828 -27020.793 118123.07
0 15 4225 13602 159165.734 -27021.4531 118116.242
0 15 4224 13603 159163.125 -27011.2969 118124.016
0 15 4225 13603 159167.734 -27012.0781 118117.742
4 6 56 20 114806.758 -53888.8867 149951.688
4 6 57 20 117921.023 -53180.0742 147979.328
4 6 56 21 115761.641 -49612.1289 151198.875
4 6 57 21 118917.18 -48965.8984 149229.406
0 18 33858 108896 159203.656 -26934.9707 118078.188
0 18 33859 108896 159204.188 -26935.0605 118077.367
0 18 33858 108897 159203.734 -26933.7695 118078.242
0 18 33859 108897 159204.25 -26933.8574 118077.414
0 10 118 428 156707.422 -25556.7754 120438.227
0 10 119 428 156898.734 -25587.9766 120278.812
0 10 118 429 156715.25 -25251.9707 120444.234
0 10 119 429 156897.562 -25281.3438 120277.914
0 14 2106 6796 159090.25 -27100.8828 118181.594
0 14 2107 6796 159102.359 -27102.9473 118171.188
0 14 2106 6797 159093.406 -27082 118183.945
0 14 2107 6797 159106.281 -27084.1914 118174.094
0 18 33872 108916 159212.125 -26912.1113 118067.461
0 18 33873 108916 159212.656 -26912.1992 118066.648
0 18 33872 108917 159212.188 -26910.9082 118067.516
0 18 33873 108917 159212.703 -26910.9941 118066.672
0 7 4 42 141752.953 -47620.1328 131785.953
0 7 5 42 142776.578 -47964.0039 130506.719
0 7 4 43 142043.953 -45498.4531 132056.484
0 7 5 43 143199.375 -45868.5508 130893.18
0 17 16938 54444 159213.984 -26945.8281 118063.383
0 17 16939 54444 159215.156 -26946.0293 118061.828
0 17 16938 54445 159213.938 -26943.3945 118063.352
0 17 16939 54445 159215.031 -26943.5762 118061.719
0 14 2102 6800 159061.797 -27018.3691 118238.133
0 14 2103 6800 159072.891 -27020.2578 118226.969
0 14 2102 6801 159066.375 -26999.7324 118241.547
0 14 2103 6801 159078.406 -27001.7734 118231.07
0 18 33862 108896 159205.797 -26935.3359 118074.922
0 18 33863 108896 159206.344 -26935.4277 118074.117
0 18 33862 108897 159205.828 -26934.125 118074.945
0 18 33863 108897 159206.344 -26934.2129 118074.109
0 14 2124 6816 159288.328 -26745.7383 117978.758
0 14 2125 6816 159296.969 -26747.1895 117965.703
0 14 2124 6817 159289.844 -26726.5488 117979.883
0 14 2125 6817 159298.516 -26728.0039 117966.852
4 5 28 24 110942.016 75440.5703 142005.781
4 5 29 24 116803.555 73542.9766 138433.844
4 5 28 25 109078.062 82899.3281 139619.922
4 5 29 25 114928.609 80875.6875 136211.688
4 5 22 6 64517.5977 -94294.9453 158812.531
4 5 23 6 73089.1328 -92579.5703 155923.484
4 5 22 7 66062.8984 -86389.9453 162616.375
4 5 23 7 74787.2188 -84758.8516 159546.078
0 14 2112 6794 159141.25 -27148.4238 118102.93
0 14 2113 6794 159151.844 -27150.2344 118091.375
0 14 2112 6795 159146.25 -27129.8496 118106.641
0 14 2113 6795 159155.406 -27131.4121 118094.016
0 11 278 850 160270.547 -27155.2148 116681.336
0 11 279 850 160338.047 -27166.6523 116573.898
0 11 278 851 160301.891 -27003.9805 116704.164
0 11 279 851 160379.047 -27016.9785 116603.711
0 15 4244 13620 159260.609 -26862.5898 118001.961
0 15 4245 13620 159264.828 -26863.3027 117995.375
0 15 4244 13621 159262.094 -26853.1191 118003.062
0 15 4245 13621 159266.938 -26853.9395 117996.938
4 6 62 36 134264.297 19809.4863 140867.453
4 6 63 36 136492.422 19498.916 138658.953
4 6 62 37 133897.406 24145.4316 140482.516
4 6 63 37 136135.625 23769.7109 138296.5
0 7 4 60 143452.141 -7845.03857 133365.656
0 7 5 60 144587.734 -7907.1416 132162.234
0 7 4 61 143436.891 -5603.00342 133351.484
0 7 5 61 144579.172 -5647.62402 132154.406
0 11 278 852 160326.75 -26851.5996 116722.25
0 11 279 852 160409.484 -26865.4551 116625.836
0 11 278 853 160351.156 -26699.0938 116740.031
0 11 279 853 160429.312 -26712.1094 116640.258
0 14 2116 6794 159184.953 -27155.8789 118057.641
0 14 2117 6794 159196.766 -27157.8926 118046.969
0 14 2116 6795 159188.562 -27137.0645 118060.32
0 14 2117 6795 159199.156 -27138.8691 118048.734
0 18 33848 108902 159198.438 -26926.8027 118086.461
0 18 33849 108902 159199.094 -26926.9141 118085.734
0 18 33848 108903 159198.453 -26925.5879 118086.477
0 18 33849 108903 159199.125 -26925.7031 118085.75
0 6 2 12 132507.906 -80747.0078 122155.727
0 6 3 12 134457.141 -81934.8203 119750.883
0 6 2 13 133765.094 -77332.9375 123314.688
0 6 3 13 135764.172 -78488.6641 120914.961
0 11 254 840 158297.25 -28366.7441 118954.82
0 11 255 840 158373 -28380.3184 118857.078
0 11 254 841 158321.25 -28216.4336 118972.852
0 11 255 841 158406.734 -28231.668 118882.391
0 10 118 418 156818.578 -28637.7676 120523.648
0 10 119 418 157012 -28673.0918 120365.648
0 10 118 419 156813.484 -28330.5586 120519.734
0 10 119 419 157004.516 -28365.0742 120359.906
0 15 4224 13622 159178.016 -26829.2285 118135.078
0 15 4225 13622 159182.375 -26829.9629 118128.594
0 15 4224 13623 159178.359 -26819.5703 118135.328
0 15 4225 13623 159183.047 -26820.3613 118129.094
0 9 60 200 156735.953 -33979.8633 119694.836
0 9 61 200 156998.062 -34036.6914 119281.734
0 9 60 201 156837.594 -33389.25 119772.453
0 9 61 201 157103.125 -33445.7852 119361.562
0 17 16944 54458 159221.406 -26913.0723 118054.305
0 17 16945 54458 159222.516 -26913.2598 118052.695
0 17 16944 54459 159221.422 -26910.6445 118054.32
0 17 16945 54459 159222.516 -26910.832 118052.711
0 16 8450 27224 159171.391 -26927.6914 118122.875
0 16 8451 27224 159173.828 -26928.1035 118119.82
0 16 8450 27225 159171.547 -26922.8633 118122.992
0 16 8451 27225 159173.922 -26923.2656 118119.898
0 16 8450 27226 159171.859 -26918.0527 118123.211
0 16 8451 27226 159174.062 -26918.4297 118120.008
0 16 8450 27227 159172.125 -26913.2441 118123.422
0 16 8451 27227 159174.25 -26913.6055 118120.141
0 4 12 10 165678.484 51774.5273 -93194.1484
0 4 13 10 156683.859 48963.707 -107720.156
0 4 12 11 161480.422 70647.6797 -90832.7344
0 4 13 11 152888.594 66888.7578 -105110.914
0 17 16920 54444 159193.047 -26942.2852 118091.57
0 17 16921 54444 159194.156 -26942.4727 118089.969
0 17 16920 54445 159193.078 -26939.8633 118091.602
0 17 16921 54445 159194.156 -26940.043 118089.961
0 9 52 216 154250.828 -23800.4219 122617.367
0 9 53 216 154600.688 -23854.4023 122291.555
0 9 52 217 154233.062 -23195.207 122603.227
0 9 53 217 154585.781 -23248.252 122279.766
0 8 46 106 166958.547 -28043.8164 106305.633
0 8 47 106 167555.203 -28144.0371 105376.516
0 8 46 107 167118.234 -26765.0293 106407.312
0 8 47 107 167674.172 -26854.0645 105451.336
0 7 0 46 137815.688 -37683.9766 136739
0 7 1 46 138894.406 -37978.9375 135639.062
0 7 0 47 137961.156 -35568.1094 136883.344
0 7 1 47 139069.344 -35853.8164 135809.906
0 11 264 838 159065.812 -28815.1445 117978.992
0 11 265 838 159137.156 -28828.0703 117876.508
0 11 264 839 159075.172 -28661.4941 117985.93
0 11 265 839 159149.656 -28674.9141 117885.75
0 12 534 1712 159435.719 -26118.498 117825.18
0 12 535 1712 159472.266 -26124.4844 117774.305
0 12 534 1713 159433.562 -26040.2949 117823.578
0 12 535 1713 159480.734 -26048.002 117780.57
0 14 2130 6806 159328.406 -26946.959 117891.742
0 14 2131 6806 159336.438 -26948.3184 117878.227
0 14 2130 6807 159327.547 -26927.3672 117891.109
0 14 2131 6807 159335.891 -26928.7773 117877.828
4 5 26 0 83280.5859 -122938.016 126903.75
4 5 27 0 89607.7578 -120775.672 124671.664
4 5 26 1 85420.9375 -117962.25 130165.242
4 5 27 1 91827.0781 -115781.969 127759.414
0 6 0 12 128708.375 -78431.6641 126697.305
0 6 1 12 130590.656 -79578.6797 124469.219
0 6 0 13 129815.117 -75049.3672 127786.758
0 6 1 13 131747.312 -76166.4219 125571.672
0 16 8468 27238 159217.672 -26867.4961 118069.75
0 16 8469 27238 159219.797 -26867.8555 118066.477
0 16 8468 27239 159217.703 -26862.6426 118069.773
0 16 8469 27239 159219.766 -26862.9902 118066.453
0 11 260 838 158802.438 -28767.4355 118403.977
0 11 261 838 158862.562 -28778.3242 118293.648
0 11 260 839 158811.562 -28613.9961 118410.766
0 11 261 839 158877.047 -28625.7969 118304.445
0 16 8464 27238 159208.156 -26865.8906 118082.133
0 16 8465 27238 159210.578 -26866.3008 118079.07
0 16 8464 27239 159209.047 -26861.1836 118082.797
0 16 8465 27239 159211.391 -26861.5781 118079.672
0 7 16 40 153771.156 -56462.8477 114127.031
0 7 17 40 154908.906 -56880.6133 112551
0 7 16 41 154312.375 -54250.4453 114528.711
0 7 17 41 155430.578 -54643.5625 112930.023
0 11 250 844 157984.047 -27693.4922 119336.586
0 11 251 844 158067.312 -27708.0879 119245.109
0 11 250 845 157989.609 -27540.1816 119340.781
0 11 251 845 158066.906 -27553.6523 119244.805
0 13 1062 3414 159308.594 -26506.0566 117984.039
0 13 1063 3414 159319.922 -26507.9414 117953.523
0 13 1062 3415 159307.734 -26467.0176 117983.398
0 13 1063 3415 159322.406 -26469.457 117955.367
4 5 22 18 73514.1797 28274.6836 180957.984
4 5 23 18 82536.4609 27512.1562 176077.797
4 5 22 19 72622.7109 39104.5352 178763.609
4 5 23 19 81657.5781 38106.8711 174202.828
0 14 2130 6808 159328.469 -26908.0742 117891.789
0 14 2131 6808 159335.578 -26909.2734 117877.586
0 14 2130 6809 159328.438 -26888.6172 117891.758
0 14 2131 6809 159336.469 -26889.9727 117878.258
0 10 130 436 158740.594 -23408.0371 118280.352
0 10 131 436 158936.516 -23436.9277 118115.906
0 10 130 437 158733.75 -23097 118275.242
0 10 131 437 158915.641 -23123.4668 118100.391
0 16 8474 27236 159227.844 -26878.9297 118048.148
0 16 8475 27236 159229.844 -26879.2695 118044.766
0 16 8474 27237 159228.75 -26874.2246 118048.82
0 16 8475 27237 159230.766 -26874.5625 118045.445
0 18 33874 108914 159213.047 -26914.6953 118065.711
0 18 33875 108914 159213.594 -26914.7871 118064.906
0 18 33874 108915 159213.141 -26913.4961 118065.789
0 18 33875 108915 159213.672 -26913.5859 118064.969
0 5 6 24 153081.203 81324.3906 90891.9609
0 5 7 24 156843.875 83323.3125 83323.3125
0 5 6 25 150090.766 89116.3906 89116.3906
0 5 7 25 153691.953 91254.6016 81648.8516
0 6 14 16 161916.688 -78428.3984 88548.1875
0 6 15 16 163809.047 -79345.0078 84464.0469
0 6 14 17 163497.359 -74084.7422 89412.6172
0 6 15 17 165462.594 -74975.2344 85316.6484
0 12 542 1698 159705.625 -27254.4512 117400.797
0 12 543 1698 159740.609 -27260.4219 117348.508
0 12 542 1699 159712.094 -27177.5703 117405.555
0 12 543 1699 159744.141 -27183.0234 117351.117
4 4 4 2 -67767.6406 -106492.016 154897.484
4 4 5 2 -49699.7617 -109339.477 159039.234
4 4 4 3 -71158.3828 -91489.3516 162647.734
4 4 5 3 -52463.8047 -94434.8438 167884.172
0 15 4242 13622 159255.578 -26842.3008 118017.68
0 15 4243 13622 159260.234 -26843.0898 118011.406
0 15 4242 13623 159257.438 -26832.8984 118019.062
0 15 4243 13623 159260.906 -26833.4785 118011.906
0 13 1044 3396 158903.5 -27136.9629 118382.32
0 13 1045 3396 158924.812 -27140.6035 118359.406
0 13 1044 3397 158913.188 -27099.8184 118389.547
0 13 1045 3397 158935.062 -27103.5508 118367.055
0 7 16 64 157652.875 1231.66309 117007.992
0 7 17 64 158957.547 1241.85583 115492.602
0 7 16 65 157508.812 3691.61279 116901.078
0 7 17 65 158799.625 3721.86621 115377.852
0 17 16924 54442 159197.969 -26947.9766 118085.516
0 17 16925 54442 159199.094 -26948.168 118083.914
0 17 16924 54443 159197.703 -26945.5039 118085.312
0 17 16925 54443 159198.906 -26945.707 118083.766
0 12 514 1696 158577.141 -27216.7305 118739.281
0 12 515 1696 158621.688 -27224.3789 118695.195
0 12 514 1697 158579.766 -27139.75 118741.242
0 12 515 1697 158620.859 -27146.7812 118694.555
0 11 252 856 158100.844 -25861.2207 119116.016
0 11 253 856 158187.281 -25875.3613 119026.664
0 11 252 857 158095.906 -25706.0234 119112.297
0 11 253 857 158186.344 -25720.7285 119025.961
0 10 136 436 159872.031 -23574.8789 117249.898
0 10 137 436 160028.641 -23597.9727 117052.203
0 10 136 437 159864.109 -23261.4785 117244.094
0 10 137 437 160018.484 -23283.9414 117044.781
0 6 16 34 178968.797 13981.9365 86688.0078
0 6 17 34 181790.172 14202.3574 82373.6641
0 6 16 35 177785.172 19445.252 86114.6875
0 6 17 35 180485.312 19740.5801 81782.4062
0 12 520 1690 158808.844 -27721.7578 118447.508
0 12 521 1690 158851.781 -27729.2539 118401.969
0 12 520 1691 158812.391 -27644.832 118450.164
0 12 521 1691 158857.188 -27652.6309 118406.008
0 7 26 60 172457.062 -9431.24609 101049.07
0 7 27 60 173610.422 -9494.32031 99012.1953
0 7 26 61 172522.031 -6739.1416 101087.133
0 7 27 61 173775.203 -6788.09424 99106.1641
0 6 4 12 136512.516 -83187.3125 117315.438
0 6 5 12 138596.594 -84457.2969 114775.305
0 6 4 13 137920.875 -79735.5 118525.75
0 6 5 13 140143.594 -81020.5156 116056.406
3 4 8 8 12500.4551 -200007.281 12500.4551
3 4 9 8 36769.1836 -196102.312 12256.3945
3 4 8 9 12304.0654 -196865.047 36912.1992
3 4 9 9 36207.3789 -193106.016 36207.3789
0 9 78 218 163223.719 -23909.7246 113172.695
0 9 79 218 163504.328 -23950.8301 112728.57
0 9 78 219 163269.297 -23278.6309 113204.297
0 9 79 219 163557.453 -23319.7148 112765.203
0 17 16938 54464 159215.938 -26897.5723 118064.828
0 17 16939 54464 159216.984 -26897.7461 118063.172
0 17 16938 54465 159216.203 -26895.1895 118065.023
0 17 16939 54465 159217.203 -26895.3574 118063.336
0 10 124 434 157682.719 -23867.9883 119339.953
0 10 125 434 157849.469 -23893.2285 119157.852
0 10 124 435 157674.969 -23558.8555 119334.078
0 10 125 435 157857.266 -23586.0977 119163.734
0 8 44 100 164871.141 -35421.5352 107552.664
0 8 45 100 165439.438 -35543.6289 106630.883
0 8 44 101 165048.297 -34170.1562 107668.227
0 8 45 101 165629.172 -34290.4141 106753.172
0 7 14 64 155141.297 1212.04138 119992.102
0 7 15 64 156393.391 1221.82336 118516.875
0 7 14 65 155030.453 3633.52661 119906.367
0 7 15 65 156243.281 3661.9519 118403.117
0 16 8478 27232 159233.828 -26899.377 118033.141
0 16 8479 27232 159235.875 -26899.7246 118029.805
0 16 8478 27233 159233.906 -26894.5312 118033.195
0 16 8479 27233 159235.859 -26894.8633 118029.797
4 4 4 4 -74503.7969 -74503.7969 170294.391
4 4 5 4 -55196.1562 -77274.6172 176627.688
4 4 4 5 -77358.6016 -55256.1445 176819.656
4 4 5 5 -57468.8359 -57468.8359 183900.281
0 8 46 108 167253.953 -25480.0957 106493.734
0 8 47 108 167836.391 -25568.8242 105553.352
0 8 46 109 167376.688 -24191.1621 106571.875
0 8 47 109 167944.891 -24273.2852 105621.594
0 18 33850 108914 159199.688 -26912.4395 118084.969
0 18 33851 108914 159200.438 -26912.5645 118084.312
0 18 33850 108915 159199.781 -26911.2402 118085.031
0 18 33851 108915 159200.5 -26911.3574 118084.344
4 4 4 0 -60652.2383 -129969.07 138633.672
4 4 5 0 -44380.4297 -133141.297 142017.375
4 4 4 1 -64280.7695 -119378.578 146927.469
4 4 5 1 -47235.1523 -122811.398 151152.484
0 11 254 858 158290.438 -25583.0723 118949.703
0 11 255 858 158377.703 -25597.1777 118860.602
0 11 254 859 158296.703 -25429.5 118954.414
0 11 255 859 158386.594 -25443.9414 118867.289
0 13 1072 3404 159473.969 -26922.9121 117717.164
0 13 1073 3404 159496.203 -26926.6641 117694.641
0 13 1072 3405 159477.125 -26884.5117 117719.5
0 13 1073 3405 159498.25 -26888.0742 117696.156
0 15 4238 13624 159242.125 -26820.5938 118046.578
0 15 4239 13624 159245.984 -26821.2441 118039.727
0 15 4238 13625 159243.062 -26811.0332 118047.273
0 15 4239 13625 159246.672 -26811.6426 118040.234
0 9 50 210 153660.75 -27310.7949 123348.758
0 9 51 210 154039.297 -27378.0781 123050.922
0 9 50 211 153654.984 -26709.5547 123344.125
0 9 51 211 153998.703 -26769.3066 123018.5
0 7 8 40 144997.859 -53241.3984 125740.336
0 7 9 40 146038.516 -53623.5156 124360.914
0 7 8 41 145358.594 -51102.6328 126053.156
0 7 9 41 146432.641 -51480.2266 124696.547
0 8 24 94 152285.688 -39856.0234 123137.258
0 8 25 94 152847.844 -40003.1445 122397.688
0 8 24 95 152575.5 -38739.875 123371.602
0 8 25 95 153090.266 -38870.5742 122591.812
0 8 20 112 150420.625 -18214.9961 126329.82
0 8 21 112 151044.016 -18290.4863 125673.344
0 8 20 113 150399.844 -17037.4824 126312.367
0 8 21 113 151034.172 -17109.3398 125665.148
0 12 542 1706 159744.078 -26637.0117 117429.062
0 12 543 1706 159786.484 -26644.082 117382.211
0 12 542 1707 159753.188 -26560.5254 117435.742
0 12 543 1707 159793.609 -26567.248 117387.438
0 18 33852 108916 159201.312 -26910.2832 118083.734
0 18 33853 108916 159202.016 -26910.4043 118083.047
0 18 33852 108917 159201.438 -26909.0918 118083.836
0 18 33853 108917 159202.156 -26909.209 118083.148
0 17 16934 54442 159208.859 -26949.8223 118069.297
0 17 16935 54442 159210.109 -26950.0332 118067.789
0 17 16934 54443 159209.078 -26947.4297 118069.453
0 17 16935 54443 159210.281 -26947.6328 118067.922
0 15 4218 13616 159151 -26882.957 118173.305
0 15 4219 13616 159154.188 -26883.498 118165.969
0 15 4218 13617 159152.125 -26873.4316 118174.141
0 15 4219 13617 159155.266 -26873.9648 118166.773
0 14 2102 6810 159086.75 -26828.4102 118256.68
0 14 2103 6810 159097.188 -26830.1738 118245.023
0 14 2102 6811 159088.047 -26809.209 118257.648
0 14 2103 6811 159098.266 -26810.9316 118245.828
0 5 0 26 127409.828 83612.6953 123428.273
0 5 1 26 130674.117 85754.8906 118423.422
0 5 0 27 125292.273 90053.8203 121376.883
0 5 1 27 128377.922 92271.6328 116342.492
0 16 8478 27222 159237.25 -26948.5527 118035.68
0 16 8479 27222 159240.078 -26949.0312 118032.914
0 16 8478 27223 159236.469 -26943.5605 118035.094
0 16 8479 27223 159239.359 -26944.0488 118032.383
0 12 520 1710 158831.156 -26174.5684 118464.148
0 12 521 1710 158879.703 -26182.5664 118422.781
0 12 520 1711 158821.625 -26095.4453 118457.039
0 12 521 1711 158875.156 -26104.2441 118419.398
0 10 146 426 161350.172 -26944.2188 115182.594
0 10 147 426 161482.156 -26966.2578 114961.422
0 10 146 427 161409.609 -26638.8926 115225.023
0 10 147 427 161529.938 -26658.75 114995.43
0 15 4246 13610 159269.484 -26961.2969 117989.094
0 15 4247 13610 159273.75 -26962.0215 117982.531
0 15 4246 13611 159268.891 -26951.4766 117988.656
0 15 4247 13611 159272.891 -26952.1543 117981.906
0 5 10 2 147853.656 -124751.516 50824.6914
0 5 11 2 149437 -126087.469 42029.1562
0 5 10 3 152498.844 -119139.727 52421.4805
0 5 11 3 154194.531 -120464.484 43367.2148
0 17 16944 54450 159220.453 -26932.3496 118053.609
0 17 16945 54450 159221.656 -26932.5508 118052.055
0 17 16944 54451 159220.5 -26929.9238 118053.633
0 17 16945 54451 159221.672 -26930.127 118052.086
0 8 40 96 161802.297 -39818.5352 110607.031
0 8 41 96 162408.516 -39967.7227 109752.633
0 8 40 97 162033.172 -38609.4648 110764.859
0 8 41 97 162591.734 -38742.5625 109876.445
0 15 4228 13624 159197.031 -26813.002 118110.32
0 15 4229 13624 159201.625 -26813.7734 118104.016
0 15 4228 13625 159198.062 -26803.457 118111.094
0 15 4229 13625 159202.234 -26804.1582 118104.469
0 10 122 414 157440.016 -29981.252 119771.258
0 10 123 414 157612.656 -30014.1309 119594.766
0 10 122 415 157479.953 -29681.2812 119801.641
0 10 123 415 157648.297 -29713.0098 119621.797
0 13 1072 3402 159467.672 -26999.7148 117712.523
0 13 1073 3402 159492.875 -27003.9824 117692.188
0 13 1072 3403 159468.516 -26960.9238 117713.148
0 13 1073 3403 159493.031 -26965.0703 117692.312
0 8 26 116 154152.781 -13849.6641 122238.336
0 8 27 116 154808.062 -13908.5361 121548.516
0 8 26 117 154104 -12641.3438 122199.656
0 8 27 117 154740.25 -12693.5371 121495.273
0 7 18 64 160265.781 1252.07642 113938.961
0 7 19 64 161602.656 1262.52075 112364.352
0 7 18 65 160080.141 3751.87817 113806.977
0 7 19 65 161413.094 3783.11914 112232.539
0 18 33856 108896 159202.547 -26934.7832 118079.789
0 18 33857 108896 159203.094 -26934.8789 118078.992
0 18 33856 108897 159202.656 -26933.5879 118079.883
0 18 33857 108897 159203.188 -26933.6797 118079.062
0 8 36 94 159134.219 -41648.4062 113756.102
0 8 37 94 159680.078 -41791.2695 112898.797
0 8 36 95 159331.031 -40455.1445 113896.797
0 8 37 95 159897.078 -40598.8672 113052.227
0 7 0 56 138926.391 -16280.4365 137841.031
0 7 1 56 140047.578 -16411.8242 136765.219
0 7 0 57 138966.281 -14113.7637 137880.609
0 7 1 57 140066.25 -14225.4795 136783.453
0 6 18 32 184285.859 2879.46655 77745.6016
0 6 19 32 186303.906 2910.99854 72774.9609
0 6 18 33 184082.406 8628.86328 77659.7656
0 6 19 33 186087.75 8722.86328 72690.5234
0 5 8 0 135783.234 -131540.016 63648.3906
0 5 9 0 137358.672 -133066.203 55801.957
0 5 8 1 139811.906 -126704.539 65536.8359
0 5 9 1 141572.578 -128300.148 57513.8594
0 8 46 104 166683.844 -30602.1133 106130.734
0 8 47 104 167277.531 -30711.1094 105201.883
0 8 46 105 166816.172 -29323.1543 106214.992
0 8 47 105 167398.906 -29425.5879 105278.219
0 16 8464 27214 159201.5 -26981.3691 118077.203
0 16 8465 27214 159203.375 -26981.6875 118073.734
0 16 8464 27215 159201.5 -26976.5137 118077.195
0 16 8465 27215 159203.484 -26976.8457 118073.812
0 5 14 16 199924.953 6247.65479 18742.9648
0 5 15 16 200675.469 6271.1084 6271.1084
0 5 14 17 198995.188 18655.7988 18655.7988
0 5 15 17 199693.047 18721.2227 6240.40771
4 4 4 6 -79453.6797 -34051.5781 181608.406
4 4 5 6 -59086.5977 -35451.957 189077.109
4 4 4 7 -80730.5234 -11532.9316 184526.906
4 4 5 7 -60106.625 -12021.3252 192341.203
3 5 30 24 123639.688 -136430 72478.4375
3 5 31 24 129386.766 -133560.531 70954.0312
3 5 30 25 121326.516 -133877.531 79489.7812
3 5 31 25 126856.297 -130948.43 77750.6328
0 9 68 200 158951.219 -34460.1289 116419.352
0 9 69 200 159234.375 -34521.5156 116004.734
0 9 68 201 159019.406 -33853.7422 116469.297
0 9 69 201 159308.281 -33915.2383 116058.57
0 9 50 212 153651.734 -26108.7891 123341.523
0 9 51 212 153981.938 -26164.9023 123005.109
0 9 50 213 153641.391 -25506.8711 123333.219
0 9 51 213 153976.891 -25562.5703 123001.078
0 13 1054 3414 159165.719 -26482.2832 118189.102
0 13 1055 3414 159181.906 -26484.9785 118162.258
0 13 1054 3415 159163.625 -26443.0781 118187.539
0 13 1055 3415 159181.516 -26446.0508 118161.969
0 16 8462 27214 159197.531 -26980.6973 118083.969
0 16 8463 27214 159199.594 -26981.0488 118080.648
0 16 8462 27215 159197.078 -26975.7637 118083.641
0 16 8463 27215 159199.344 -26976.1465 118080.461
0 14 2110 6794 159123.781 -27145.4453 118128.82
0 14 2111 6794 159132.094 -27146.8633 118115.555
0 14 2110 6795 159128.453 -27126.8164 118132.281
0 14 2111 6795 159137.547 -27128.3691 118119.617
4 5 24 2 73516.375 -116761.305 138383.766
4 5 25 2 80737.9062 -114732.812 135979.625
4 5 24 3 75463.5859 -110975.859 142049.094
4 5 25 3 82808.7734 -108958.906 139467.406
0 14 2116 6818 159229.172 -26696.9336 118090.43
0 14 2117 6818 159235.641 -26698.0156 118075.789
0 14 2116 6819 159228.719 -26677.4199 118090.109
0 14 2117 6819 159236.188 -26678.6699 118076.195
0 11 278 848 160234.25 -27462.0234 116654.914
0 11 279 848 160310.172 -27475.0352 116553.641
0 11 278 849 160246.75 -27307.6738 116664.016
0 11 279 849 160326.281 -27321.2246 116565.352
0 13 1048 3392 158985.344 -27306.1953 118288.047
0 13 1049 3392 159003.719 -27309.3535 118262.898
0 13 1048 3393 158985.078 -27267.3379 118287.844
0 13 1049 3393 159004.812 -27270.7207 118263.711
0 18 33864 108896 159206.875 -26935.5156 118073.289
0 18 33865 108896 159207.406 -26935.6055 118072.477
0 18 33864 108897 159206.859 -26934.3027 118073.289
0 18 33865 108897 159207.391 -26934.3887 118072.453
0 6 18 20 175809 -63181.3594 74169.4219
0 6 19 20 177659.969 -63846.5547 69398.4297
0 6 18 21 177233.5 -58154.7461 74770.3828
0 6 19 21 179132.984 -58778.0117 69973.8203
0 7 22 42 161627.516 -54296.7422 104805.344
0 7 23 42 162750.219 -54673.9062 102990.375
0 7 22 43 162175.297 -51946.7734 105160.547
0 7 23 43 163307.375 -52309.3945 103342.938
0 11 278 854 160362.672 -26544.4062 116748.414
0 11 279 854 160436.438 -26556.6152 116645.43
0 11 278 855 160381.188 -26390.8477 116761.891
0 11 279 855 160459.344 -26403.7109 116662.094
0 11 274 842 159848.469 -28332.5176 116998.469
0 11 275 842 159927.375 -28346.5039 116900.047
0 11 274 843 159860.016 -28178.4512 117006.922
0 11 275 843 159939.625 -28192.4824 116908.992
0 16 8450 27222 159170.766 -26937.3008 118122.398
0 16 8451 27222 159172.891 -26937.6602 118119.133
0 16 8450 27223 159171.094 -26932.498 118122.641
0 16 8451 27223 159173.391 -26932.8867 118119.492
0 14 2118 6794 159208.844 -27159.9551 118036.484
0 14 2119 6794 159219.922 -27161.8457 118025.273
0 14 2118 6795 159211.219 -27140.9238 118038.242
0 14 2119 6795 159222.234 -27142.8047 118026.977
0 14 2118 6818 159243.359 -26699.3105 118062.086
0 14 2119 6818 159249.672 -26700.3691 118047.32
0 14 2118 6819 159243.406 -26679.8809 118062.109
0 14 2119 6819 159250.625 -26681.0898 118048.023
0 14 2126 6798 159285.906 -27095.3242 117938.07
0 14 2127 6798 159296.344 -27097.0996 117926.344
0 14 2126 6799 159287.812 -27076.2051 117939.477
0 14 2127 6799 159298.281 -27077.9883 117927.797
0 10 146 424 161237.562 -27555.248 115102.211
0 10 147 424 161390.422 -27581.3691 114896.102
0 10 146 425 161282.141 -27247.8633 115134.031
0 10 147 425 161427.859 -27272.4805 114922.758
0 8 20 96 150355.531 -37001.5547 126275.156
0 8 21 96 150998.422 -37159.7695 125635.406
0 8 20 97 150417.406 -35841.6484 126327.117
0 8 21 97 151057.125 -35994.082 125684.25
2 4 8 2 10387.877 166206.031 114266.648
2 4 9 2 30814.1641 164342.203 112985.266
2 4 8 3 10975.1934 175603.094 98776.7344
2 4 9 3 32498.3789 173324.688 97495.1406
0 9 74 222 162018.219 -21201.6016 114868.383
0 9 75 222 162364.703 -21246.9434 114479.797
0 9 74 223 161947.672 -20559.7637 114818.375
0 9 75 223 162333.5 -20608.7441 114457.797
0 9 52 204 154431.109 -31067.1953 122760.664
0 9 53 204 154805.156 -31142.4434 122453.297
0 9 52 205 154426.641 -30463.0664 122757.117
0 9 53 205 154796.141 -30535.959 122446.164
0 9 50 208 153706.391 -28519.7402 123385.398
0 9 51 208 154030.625 -28579.9004 123043.992
0 9 50 209 153676.703 -27913.9336 123361.578
0 9 51 209 154054.125 -27982.4902 123062.773
0 11 266 862 159376.438 -25136.0293 117898.102
0 11 267 862 159453.953 -25148.2578 117799.719
0 11 266 863 159362.203 -24978.1582 117887.57
0 11 267 863 159457.516 -24993.0957 117802.352
0 14 2130 6804 159328.812 -26985.9297 117892.039
0 14 2131 6804 159335.438 -26987.0488 117877.492
0 14 2130 6805 159329.031 -26966.5156 117892.211
0 14 2131 6805 159337.031 -26967.8711 117878.672
0 16 8450 27228 159172.328 -26908.4199 118123.57
0 16 8451 27228 159174.375 -26908.7656 118120.227
0 16 8450 27229 159172.391 -26903.5723 118123.625
0 16 8451 27229 159174.266 -26903.8906 118120.148
0 15 4238 13602 159230.078 -27032.3789 118037.656
0 15 4239 13602 159235.609 -27033.3164 118032.039
0 15 4238 13603 159230.641 -27022.7539 118038.062
0 15 4239 13603 159236.594 -27023.7637 118032.766
0 16 8454 27234 159184.344 -26881.3047 118113.047
0 16 8455 27234 159186.75 -26881.7109 118109.977
0 16 8454 27235 159184.703 -26876.5059 118113.32
0 16 8455 27235 159187.031 -26876.9004 118110.188
0 11 266 838 159214.5 -28842.0781 117778.305
0 11 267 838 159289.234 -28855.6172 117678.031
0 11 266 839 159226.109 -28688.6875 117786.891
0 11 267 839 159298.016 -28701.6426 117684.516
0 11 258 838 158636.828 -28737.4336 118590.32
0 11 259 838 158718.719 -28752.2676 118496.539
0 11 258 839 158644.359 -28583.8711 118595.961
0 11 259 839 158729.234 -28599.1621 118504.398
0 11 264 862 159188.281 -25106.3535 118069.812
0 11 265 862 159284.25 -25121.4922 117985.453
0 11 264 863 159190.5 -24951.2461 118071.469
0 11 265 863 159280.719 -24965.3867 117982.844
0 16 8470 27238 159221.859 -26868.2031 118063.148
0 16 8471 27238 159223.859 -26868.543 118059.773
0 16 8470 27239 159222.031 -26863.373 118063.273
0 16 8471 27239 159224.312 -26863.7598 118060.109
0 15 4220 13604 159146.172 -26998.7031 118150.289
0 15 4221 13604 159150.422 -26999.4277 118143.742
0 15 4220 13605 159148.203 -26989.3379 118151.812
0 15 4221 13605 159151.75 -26989.9395 118144.734
4 4 6 14 -29354.2578 127201.781 156556.031
4 4 7 14 -9794.14258 127323.859 156706.281
4 4 6 15 -27420.0156 137100.078 146240.078
4 4 7 15 -9186.59863 137798.984 146985.578
0 16 8462 27238 159203.562 -26865.1152 118088.445
0 16 8463 27238 159205.781 -26865.4922 118085.234
0 16 8462 27239 159204.938 -26860.4902 118089.477
0 16 8463 27239 159206.891 -26860.8203 118086.062
0 8 22 114 151639.562 -15993.2344 124984.172
0 8 23 114 152303.875 -16063.3008 124341.836
0 8 22 115 151605.812 -14805.2539 124956.352
0 8 23 115 152241.172 -14867.3027 124290.648
0 7 12 64 152675.406 1192.77661 122855.984
0 7 13 64 153899.719 1202.34155 121436.508
0 7 12 65 152557.219 3575.55957 122760.883
0 7 13 65 153788.812 3604.42529 121348.992
0 8 18 98 149033.891 -34347.6523 127493.836
0 8 19 98 149695.469 -34500.125 126890.297
0 8 18 99 149069.906 -33191.3477 127524.648
0 8 19 99 149717.219 -33335.4766 126908.734
0 17 16916 54456 159188.734 -26912.4062 118098.094
0 17 16917 54456 159189.641 -26912.5625 118096.344
0 17 16916 54457 159188.906 -26910.0078 118098.219
0 17 16917 54457 159189.828 -26910.1641 118096.469
0 12 534 1690 159410.047 -27826.7031 117806.195
0 12 535 1690 159451.109 -27833.873 117758.695
0 12 534 1691 159404.156 -27747.8418 117801.859
0 12 535 1691 159444.359 -27754.8418 117753.711
0 13 1072 3406 159473.719 -26845.0039 117716.992
0 13 1073 3406 159496.031 -26848.7559 117694.516
0 13 1072 3407 159470.031 -26805.4473 117714.266
0 13 1073 3407 159492.844 -26809.2852 117692.172
0 14 2130 6810 159330.109 -26869.4512 117893
0 14 2131 6810 159338.391 -26870.8496 117879.68
0 14 2130 6811 159333 -26850.4902 117895.141
0 14 2131 6811 159341.891 -26851.9902 117882.273
4 6 60 14 120704.055 -74116.5156 135527.359
4 6 61 14 123423.414 -73217.2734 133883.031
4 6 60 15 121729.773 -70475.1328 136679.047
4 6 61 15 124454.891 -69610.3594 135001.922
0 6 6 12 140817.906 -85810.9141 112214.281
0 6 7 12 142878.781 -87066.75 109391.57
0 6 6 13 142388.781 -82318.5156 113466.062
0 6 7 13 144241.719 -83389.7422 110435.062
0 7 24 62 169194.422 -3965.49438 104424.68
0 7 25 62 170736.297 -4001.63184 102708.555
0 7 24 63 168902.703 -1319.55237 104244.648
0 7 25 63 170390.344 -1331.17456 102500.43
0 11 276 844 160018.578 -28050.1328 116810.438
0 11 277 844 160085.391 -28061.8438 116702.875
0 11 276 845 160029 -27895.6816 116818.055
0 11 277 845 160109.094 -27909.6406 116720.156
0 12 524 1712 159000.406 -26047.1855 118279.844
0 12 525 1712 159048.016 -26054.9844 118237.602
0 12 524 1713 158999.297 -25969.3672 118279.016
0 12 525 1713 159046.25 -25977.0352 118236.289
0 6 6 38 150811.062 30633.498 120177.578
0 6 7 38 153079.219 31094.2168 117201.281
0 6 6 39 150163.891 35194.6602 119661.836
0 6 7 39 152414.562 35722.1641 116692.398
0 17 16916 54448 159188.219 -26931.752 118097.703
0 17 16917 54448 159189.344 -26931.9434 118096.109
0 17 16916 54449 159188.125 -26929.3086 118097.648
0 17 16917 54449 159189.219 -26929.4961 118096.023
0 8 18 110 149148.766 -20391.4336 127592.109
0 8 19 110 149803.875 -20480.998 126982.195
0 8 18 111 149154.828 -19226.9902 127597.305
0 8 19 111 149798.703 -19309.9883 126977.805
0 14 2128 6800 159311.922 -27060.8574 117918.438
0 14 2129 6800 159322.906 -27062.7246 117907.117
0 14 2128 6801 159311.922 -27041.4082 117918.43
0 14 2129 6801 159322.031 -27043.127 117906.469
0 10 138 414 159732.438 -30417.7988 116523.57
0 10 139 414 159874.438 -30444.8379 116314.898
0 10 138 415 159779.297 -30114.6523 116557.742
0 10 139 415 159911.016 -30139.4766 116341.5
3 5 28 26 107289.844 -137331 90123.4688
3 5 29 26 113263.578 -134238.312 88093.8906
3 5 28 27 104971.203 -134363.141 96573.5
3 5 29 27 110918.656 -131459.156 94486.2656
0 6 4 38 146369.562 29731.3164 125786.336
0 6 5 38 148566.969 30177.666 123032.016
0 6 4 39 145764.656 34163.5938 125266.508
0 6 5 39 147946.641 34674.9961 122518.305
0 13 1064 3392 159303.281 -27360.8086 117902.328
0 13 1065 3392 159330.266 -27365.4414 117883.391
0 13 1064 3393 159308 -27322.7207 117905.805
0 13 1065 3393 159329.094 -27326.3398 117882.523
4 6 58 16 117021.016 -68446.25 141308.391
4 6 59 16 119916.797 -67589.4688 139539.547
4 6 58 17 117999.086 -64565.5391 142489.469
4 6 59 17 120877.57 -63735.4492 140657.547
0 18 33870 108918 159211.234 -26909.5312 118069.234
0 18 33871 108918 159211.719 -26909.6133 118068.383
0 18 33870 108919 159211.297 -26908.3281 118069.281
0 18 33871 108919 159211.812 -26908.4121 118068.445
0 18 33876 108908 159213.406 -26922.043 118063.555
0 18 33877 108908 159213.953 -26922.1387 118062.758
0 18 33876 108909 159213.5 -26920.8457 118063.633
0 18 33877 108909 159214.094 -26920.9473 118062.844
0 16 8452 27232 159178.078 -26889.9609 118118.117
0 16 8453 27232 159180.375 -26890.3477 118114.969
0 16 8452 27233 159179.047 -26885.2676 118118.836
0 16 8453 27233 159181.375 -26885.6602 118115.711
0 9 54 202 155104.656 -32414.4492 122084.32
0 9 55 202 155425.766 -32481.5566 121729.945
0 9 54 203 155189.531 -31825.9785 122151.133
0 9 55 203 155474.188 -31884.3574 121767.875
0 7 28 48 171349.062 -41498.6016 95045.1797
0 7 29 48 172469.234 -41769.8906 92971.6953
0 7 28 49 171783.234 -38919.6367 95286.0078
0 7 29 49 172913.234 -39175.6523 93211.0391
0 17 16924 54464 159200.375 -26894.9414 118087.305
0 17 16925 54464 159201.797 -26895.1816 118085.922
0 17 16924 54465 159200.547 -26892.543 118087.422
0 17 16925 54465 159201.984 -26892.7852 118086.055
0 8 16 104 147858.469 -27145.8906 128798.586
0 8 17 104 148489.328 -27261.7129 128188.047
0 8 16 105 147867.609 -25992.3535 128806.547
0 8 17 105 148494.625 -26102.5703 128192.633
0 18 33876 108910 159213.641 -26919.6543 118063.727
0 18 33877 108910 159214.203 -26919.75 118062.93
0 18 33876 108911 159213.766 -26918.4609 118063.82
0 18 33877 108911 159214.328 -26918.5586 118063.023
4 6 54 26 112317.367 -27455.3555 159740.25
4 6 55 26 115509.602 -27034.1602 157289.656
4 6 54 27 112451.773 -22490.3555 159931.406
4 6 55 27 115700.133 -22155.3438 157549.109
0 9 58 200 156180.062 -33859.3477 120490.477
0 9 59 200 156463.25 -33920.7422 120097.766
0 9 58 201 156260.672 -33266.4336 120552.672
0 9 59 201 156561.344 -33330.4414 120173.07
0 7 6 62 145678.75 -3414.3457 130883.25
0 7 7 62 146846.594 -3441.71704 129638.008
0 7 6 63 145629.688 -1137.73193 130839.172
0 7 7 63 146790.391 -1146.79993 129588.391
0 10 130 412 158569.516 -30815.7539 118152.859
0 10 131 412 158724.406 -30845.8574 117958.281
0 10 130 413 158629.328 -30517.5547 118197.438
0 10 131 413 158768.844 -30544.3965 117991.305
0 6 20 26 186757.906 -32099.0137 67116.1172
0 6 21 26 188614.734 -32418.1582 61889.2148
0 6 20 27 187488.328 -26365.5469 67378.625
0 6 21 27 189349.656 -26627.2949 62130.3555
0 8 40 116 163882.594 -14723.8271 112029.125
0 8 41 116 164607.453 -14788.9512 111238.633
0 8 40 117 163748.828 -13432.5215 111937.68
0 8 41 117 164487.406 -13493.1064 111157.5
0 13 1070 3410 159435.375 -26682.8496 117766.539
0 13 1071 3410 159451.266 -26685.5078 117739.344
0 13 1070 3411 159437.344 -26644.252 117767.977
0 13 1071 3411 159455.547 -26647.2969 117742.508
0 15 4246 13618 159266.594 -26883.043 117986.961
0 15 4247 13618 159271.594 -26883.8867 117980.938
0 15 4246 13619 159267.656 -26873.5 117987.742
0 15 4247 13619 159273.281 -26874.4492 117982.188
0 13 1056 3390 159136.484 -27409.8594 118089.68
0 13 1057 3390 159158.031 -27413.5742 118066.82
0 13 1056 3391 159136.141 -27370.9492 118089.43
0 13 1057 3391 159158.891 -27374.8633 118067.461
0 7 28 58 174395.562 -14987.1191 96735.0312
0 7 29 58 175581.391 -15089.0264 94649.3516
0 7 28 59 174560.062 -12273.7539 96826.2891
0 7 29 59 175734.344 -12356.3203 94731.7891
0 18 33872 108900 159211.062 -26931.3652 118066.664
0 18 33873 108900 159211.625 -26931.4609 118065.883
0 18 33872 108901 159210.984 -26930.1367 118066.617
0 18 33873 108901 159211.578 -26930.2383 118065.844
0 10 146 428 161449.484 -26330.1426 115253.492
0 10 147 428 161573.891 -26350.4316 115026.727
0 10 146 429 161477.25 -26019.2832 115273.312
0 10 147 429 161604.531 -26039.793 115048.539
0 16 8466 27214 159205.344 -26982.0234 118070.336
0 16 8467 27214 159207.531 -26982.3906 118067.094
0 16 8466 27215 159205.516 -26977.1934 118070.469
0 16 8467 27215 159207.828 -26977.584 118067.312
0 4 12 12 156157.141 87838.3984 -87838.3984
0 4 13 12 148490.844 83526.1016 -102087.453
0 4 12 13 149690.734 102912.375 -84201.0391
0 4 13 13 143189.203 98442.5781 -98442.5781
0 14 2108 6816 159155.75 -26723.4785 118191.398
0 14 2109 6816 159166.609 -26725.3008 118180.031
0 14 2108 6817 159156.797 -26704.2246 118192.18
0 14 2109 6817 159166.438 -26705.8418 118179.922
4 5 30 26 118400.172 85738.0469 130648.461
4 5 31 26 123426.82 83611.7109 127408.328
4 5 30 27 116338.547 92268.5 128373.57
4 5 31 27 121365.883 90045.6562 125280.914
0 5 14 8 181728.938 -85185.4453 17037.0898
0 5 15 8 182062.969 -85342.0156 5689.46777
0 5 14 9 185995.141 -75560.5312 17437.0449
0 5 15 9 186381.359 -75717.4297 5824.41748
0 12 514 1704 158587.062 -26598.9531 118746.711
0 12 515 1704 158628.781 -26605.9531 118700.5
0 12 514 1705 158585.25 -26521.2129 118745.352
0 12 515 1705 158629.156 -26528.5566 118700.773
0 10 116 422 156400.672 -27339.5684 120813.406
0 10 117 422 156582.516 -27371.3574 120648.055
0 10 116 423 156384.156 -27031.2461 120800.648
0 10 117 423 156570.594 -27063.4746 120638.867
0 10 128 436 158400.734 -23357.9219 118645.867
0 10 129 436 158564.609 -23382.0879 118458.914
0 10 128 437 158370.094 -23044.0859 118622.914
0 10 129 437 158551.312 -23070.4551 118448.977
0 16 8472 27216 159221.422 -26975.0273 118053.102
0 16 8473 27216 159224.406 -26975.5332 118050.445
0 16 8472 27217 159221.641 -26970.2051 118053.266
0 16 8473 27217 159224.766 -26970.7363 118050.719
0 11 250 854 157933.609 -26142.3301 119298.477
0 11 251 854 158031.969 -26158.6094 119218.453
0 11 250 855 157922.312 -25986.2383 119289.938
0 11 251 855 158004.703 -25999.7969 119197.883
0 14 2114 6818 159214.062 -26694.3984 118118.102
0 14 2115 6818 159222.094 -26695.7441 118104.617
0 14 2114 6819 159214.094 -26674.9668 118118.125
0 14 2115 6819 159221.469 -26676.2051 118104.156
0 10 144 432 161256.562 -25038.8613 115745.672
0 10 145 432 161398.359 -25060.8789 115532.234
0 10 144 433 161242.484 -24721.748 115735.562
0 10 145 433 161393.781 -24744.9453 115528.945
0 10 116 424 156389.234 -26726.6738 120804.578
0 10 117 424 156573.188 -26758.1133 120640.859
0 10 116 425 156381.547 -26419.9297 120798.641
0 10 117 425 156564.453 -26450.8301 120634.133
0 12 540 1694 159620.953 -27551.7617 117494.43
0 12 541 1694 159657.656 -27558.0957 117443.484
0 12 540 1695 159628.031 -27475.0391 117499.625
0 12 541 1695 159664.312 -27481.2832 117448.375
0 10 128 412 158274.453 -30758.4141 118551.266
0 10 129 412 158414.594 -30785.6504 118346.844
0 10 128 413 158328.75 -30459.7305 118591.953
0 10 129 413 158475.469 -30487.957 118392.32
3 4 4 14 -64453.1953 -147321.594 119698.797
3 4 5 14 -47252.1016 -151206.734 122855.461
3 4 4 15 -60784.0508 -138934.969 130251.531
3 4 5 15 -44423.4062 -142154.891 133270.219
0 5 2 26 133888.234 87864.1484 112968.195
0 5 3 26 137104.172 89974.6172 107112.641
0 5 2 27 131428.125 94463.9609 110892.469
0 5 3 27 134478.016 96656.0781 105060.953
0 7 18 40 156013.672 -57286.2695 110915.969
0 7 19 40 157143.047 -57700.9609 109263.523
0 7 18 41 156586.484 -55049.9336 111323.195
0 7 19 41 157704.812 -55443.0977 109654.125
0 16 8460 27214 159192.828 -26979.9023 118090.195
0 16 8461 27214 159195.234 -26980.3066 118087.125
0 16 8460 27215 159192.672 -26975.0156 118090.078
0 16 8461 27215 159194.828 -26975.3828 118086.828
0 5 12 4 160438.688 -115315.305 35095.9609
0 5 13 4 161237.234 -115889.25 25193.3164
0 5 12 5 165368.219 -108522.898 36174.2969
0 5 13 5 166316.266 -109145.047 25986.916
0 13 1054 3390 159096.922 -27403.0469 118138.008
0 13 1055 3390 159115.016 -27406.1621 118112.594
0 13 1054 3391 159097.094 -27364.2324 118138.141
0 13 1055 3391 159113.656 -27367.084 118111.594
4 6 54 24 112048.148 -37349.3828 159357.359
4 6 55 24 115403.133 -36830.7852 157144.688
4 6 54 25 112270.148 -32433.5977 159673.094
4 6 55 25 115408.008 -31921.3633 157151.328
0 13 1042 3402 158874.344 -26899.2559 118438.188
0 13 1043 3402 158894.234 -26902.625 118414.211
0 13 1042 3403 158874.906 -26860.5645 118438.609
0 13 1043 3403 158896.844 -26864.2754 118416.172
0 4 14 4 144410.594 -63179.6328 -117333.602
0 4 15 4 137133.047 -59995.7148 -128562.234
0 4 14 5 148170.484 -46303.2734 -120388.516
0 4 15 5 139893.656 -43716.7656 -131150.297
0 4 14 2 136242.812 -93666.9297 -110697.273
0 4 15 2 129960.148 -89347.6016 -121837.641
0 4 14 3 140460.984 -79009.2969 -114124.547
0 4 15 3 134057.203 -75407.1797 -125678.633
0 9 80 212 163331.344 -27753.5684 111971.297
0 9 81 212 163626.875 -27803.7852 111534.727
0 9 80 213 163418.375 -27130.0039 112030.961
0 9 81 213 163711.781 -27178.7148 111592.602
0 13 1042 3400 158868.484 -26975.8379 118433.82
0 13 1043 3400 158890.906 -26979.6465 118411.742
0 13 1042 3401 158872.375 -26937.7129 118436.719
0 13 1043 3401 158892.781 -26941.1719 118413.141
0 8 16 102 147786.094 -29441.7617 128735.547
0 8 17 102 148453.984 -29574.8184 128157.539
0 8 16 103 147811.578 -28292.0605 128757.742
0 8 17 103 148460.484 -28416.2656 128163.156
0 11 268 862 159540.562 -25161.9141 117707.914
0 11 269 862 159626.75 -25175.5059 117615.602
0 11 268 863 159538.172 -25005.7383 117706.141
0 11 269 863 159621.703 -25018.8301 117611.891
0 18 33848 108912 159198.141 -26914.6074 118086.25
0 18 33849 108912 159198.875 -26914.7305 118085.578
0 18 33848 108913 159198.172 -26913.3945 118086.273
0 18 33849 108913 159198.906 -26913.5195 118085.594
4 5 20 12 52876.1406 -41125.8867 188004.062
4 5 21 12 63623.582 -40487.7344 185086.766
4 5 20 13 53463.3242 -29701.8457 190091.812
4 5 21 13 64205.5078 -29184.3203 186779.656
4 6 58 34 124803.883 11773.9512 150706.578
4 6 59 34 127490.117 11590.0098 148352.125
4 6 58 35 124542.602 16449.0215 150391.062
4 6 59 35 127232.414 16193.2148 148052.25
0 13 1068 3412 159402.078 -26599.4434 117819.781
0 13 1069 3412 159420.25 -26602.4766 117794.289
0 13 1068 3413 159402.547 -26560.6074 117820.117
0 13 1069 3413 159421.172 -26563.709 117794.961
0 4 14 0 124491.531 -116710.805 -101149.367
0 4 15 0 120735.781 -113189.789 -113189.789
0 4 14 1 130923.383 -106375.25 -106375.25
0 4 15 1 125428.82 -101910.914 -117589.516
4 4 4 8 -80849.3594 11549.9082 184798.531
4 4 5 8 -60125.8867 12025.1777 192402.844
4 4 4 9 -80102.9297 34329.8281 183092.406
4 4 5 9 -59201.6445 35520.9883 189445.266
0 9 80 214 163498.656 -26504.666 112085.992
0 9 81 214 163764.875 -26547.8223 111628.789
0 9 80 215 163552.719 -25874.5508 112123.047
0 9 81 215 163836.344 -25919.4238 111677.516
0 13 1064 3414 159330.234 -26509.6582 117922.273
0 13 1065 3414 159344.297 -26511.9941 117893.773
0 13 1064 3415 159333.328 -26471.2695 117924.547
0 13 1065 3415 159348.391 -26473.7734 117896.812
4 7 126 50 136087.484 -29394.8965 139353.578
4 7 127 50 137258.047 -29180.8457 138338.828
4 7 126 51 136232.094 -27246.418 139501.672
4 7 127 51 137376.453 -27042.6094 138458.156
0 5 10 22 175125.109 71144.5781 60199.2539
0 5 11 22 179198.766 72799.5 50399.6562
0 5 10 23 172066.125 80655.9922 59147.7266
0 5 11 23 175101.625 82078.8828 49247.332
0 12 516 1692 158657.703 -27540.4355 118644.664
0 12 517 1692 158701.281 -27548 118599.758
0 12 516 1693 158664.875 -27464.207 118650.023
0 12 517 1693 158705.344 -27471.2129 118602.797
0 14 2120 6818 159257.391 -26701.6621 118033.602
0 14 2121 6818 159264.203 -26702.8066 118019.203
0 14 2120 6819 159258.531 -26682.4141 118034.445
0 14 2121 6819 159266.234 -26683.707 118020.711
0 5 12 20 188958.328 53144.5273 41334.6328
0 5 13 20 190977.281 53712.3633 29840.2012
0 5 12 21 185467.375 63754.4141 40570.9883
0 5 13 21 187674.094 64512.9688 29324.0762
0 9 58 222 156240.328 -20445.5117 120536.977
0 9 59 222 156551.906 -20486.2852 120165.82
0 9 58 223 156199.875 -19830.0625 120505.766
0 9 59 223 156536.469 -19872.793 120153.961
0 11 276 858 160237.891 -25897.8223 116970.531
0 11 277 858 160322.422 -25911.4844 116875.68
0 11 276 859 160224.531 -25739.1934 116960.781
0 11 277 859 160306.969 -25752.4375 116864.406
0 10 142 434 160947.922 -24362.2344 116152.852
0 10 143 434 161103.25 -24385.7441 115950.289
0 10 142 435 160953.734 -24048.752 116157.047
0 10 143 435 161114.5 -24072.7715 115958.391
0 10 138 436 160195.656 -23622.6016 116861.477
0 10 139 436 160382.172 -23650.1035 116684.281
0 10 138 437 160182.969 -23307.873 116852.219
0 10 139 437 160359.656 -23333.582 116667.906
0 15 4218 13606 159140.75 -26978.3574 118165.703
0 15 4219 13606 159145.328 -26979.1348 118159.375
0 15 4218 13607 159141.5 -26968.7734 118166.25
0 15 4219 13607 159145.156 -26969.3926 118159.258
4 6 62 12 123959.133 -79252.5625 130055.492
4 6 63 12 126526.523 -78325.9453 128534.883
4 6 62 13 125035.609 -75841.2656 131184.891
4 6 63 13 127605.211 -74942.75 129630.695
0 6 8 38 155376.562 31560.8652 114104.664
0 6 9 38 157708.891 32034.6191 110889.062
0 6 8 39 154649.25 36245.918 113570.547
0 6 9 39 156930.234 36780.5273 110341.578
0 9 66 224 158945.531 -19557.75 117656.945
0 9 67 224 159333.281 -19605.4629 117321.586
0 9 66 225 158922.016 -18934.0664 117639.539
0 9 67 225 159282.859 -18977.0586 117284.453
0 6 14 36 171510.406 24118.6523 93794.7578
0 6 15 36 174071.562 24478.8125 89755.6484
0 6 14 37 170551.203 29313.4902 93270.1953
0 6 15 37 172985.516 29731.8867 89195.6562
0 16 8452 27218 159175.453 -26957.5254 118116.172
0 16 8453 27218 159177.688 -26957.9043 118112.977
0 16 8452 27219 159175.547 -26952.6816 118116.242
0 16 8453 27219 159177.719 -26953.0508 118113
0 6 2 38 142024.688 28848.7637 130929
0 6 3 38 144184.75 29287.5293 128414.555
0 6 2 39 141503.266 33164.8281 130448.328
0 6 3 39 143611.969 33659.0586 127904.414
0 17 16942 54462 159219.359 -26903.0078 118057.641
0 17 16943 54462 159220.297 -26903.168 118055.922
0 17 16942 54463 159219.484 -26900.6016 118057.734
0 17 16943 54463 159220.359 -26900.75 118055.961
0 10 132 412 158859.531 -30872.1152 117748.414
0 10 133 412 158975.141 -30894.584 117523.617
0 10 132 413 158916.922 -30572.8828 117790.953
0 10 133 413 159042.766 -30597.0938 117573.609
0 8 46 110 167497.484 -22900.0469 106648.789
0 8 47 110 168081.984 -22979.959 105707.812
0 8 46 111 167627.547 -21608.2402 106731.609
0 8 47 111 168219.703 -21684.5703 105794.43
4 7 126 52 136338.453 -25086.2754 139610.578
4 7 127 52 137499.516 -24901.4863 138582.188
4 7 126 53 136464.5 -22926.0371 139739.656
4 7 127 53 137601.453 -22752.9961 138684.922
0 14 2100 6804 159052.906 -26939.1973 118270.359
0 14 2101 6804 159062.922 -26940.8945 118258.391
0 14 2100 6805 159056.094 -26920.3203 118272.727
0 14 2101 6805 159065.188 -26921.8594 118260.07
0 11 262 862 159003.438 -25077.2031 118243.281
0 11 263 862 159099.219 -25092.3086 118159.141
0 11 262 863 159010.875 -24923.0918 118248.805
0 11 263 863 159098.594 -24936.8398 118158.672
0 8 16 106 147893.109 -24841.4219 128828.773
0 8 17 106 148528.906 -24948.2129 128222.219
0 8 16 107 147907.234 -23688.2676 128841.062
0 8 17 107 148534.531 -23788.7344 128227.078
0 15 4244 13606 159260.984 -26998.7441 118002.25
0 15 4245 13606 159265.078 -26999.4355 117995.555
0 15 4244 13607 159262.531 -26989.2832 118003.391
0 15 4245 13607 159265.953 -26989.8652 117996.203
2 4 14 10 123469.562 151962.547 -47488.293
2 4 15 10 134358.578 143315.812 -44786.1914
2 4 14 11 120406.977 148193.203 -64834.5234
2 4 15 11 131285.703 140038.078 -61266.6641
0 13 1058 3390 159179.688 -27417.3027 118044.016
0 13 1059 3390 159200.266 -27420.8438 118020.414
0 13 1058 3391 159183.219 -27379.0488 118046.641
0 13 1059 3391 159202.438 -27382.3535 118022.023
0 6 20 28 188002.031 -20562.7227 67563.2266
0 6 21 28 189877.328 -20767.832 62303.4961
0 6 20 29 188358.156 -14715.4805 67691.2109
0 6 21 29 190233.453 -14861.9883 62420.3516
0 9 68 224 159714.172 -19652.3301 116978.156
0 9 69 224 160046.75 -19693.2539 116596.57
0 9 68 225 159638.062 -19019.3789 116922.414
0 9 69 225 160003.422 -19062.9082 116565
0 7 6 40 142987.547 -52503.2383 128465.375
0 7 7 40 143985.469 -52869.6641 127112.164
0 7 6 41 143336.859 -50391.8672 128779.219
0 7 7 41 144362.656 -50752.4922 127445.148
0 9 76 204 161591.094 -32507.582 113303.125
0 9 77 204 161863.391 -32562.3613 112861.773
0 9 76 205 161631.688 -31884.377 113331.594
0 9 77 205 161912.828 -31939.834 112896.242
0 6 12 14 154813.594 -84663.6797 94339.5312
0 6 13 14 156714.031 -85702.9922 90600.3047
0 6 12 15 156399.312 -80643.3984 95305.8359
0 6 13 15 158348.344 -81648.3594 91545.1406
0 12 536 1712 159506.281 -26130.0586 117721.555
0 12 537 1712 159542.422 -26135.9785 117670.328
0 12 536 1713 159510.109 -26052.7988 117724.383
0 12 537 1713 159546.766 -26058.7852 117673.531
3 5 26 30 85421.9219 -130166.742 117963.609
3 5 27 30 91852.5547 -127794.867 115814.102
3 5 26 31 83291.7031 -126920.695 122954.43
3 5 27 31 89618.4062 -124686.484 120790.031
0 4 14 6 150521.562 -28222.7949 -122298.781
0 4 15 6 141693.062 -26567.4492 -132837.25
0 4 14 7 151289.156 -9455.57227 -122922.453
0 4 15 7 142435.953 -8902.24707 -133533.703
0 14 2128 6814 159325.719 -26790.916 117928.648
0 14 2129 6814 159335.469 -26792.5547 117916.414
0 14 2128 6815 159325.344 -26771.4062 117928.375
0 14 2129 6815 159335.422 -26773.0957 117916.375
0 18 33862 108920 159207.547 -26906.4766 118076.211
0 18 33863 108920 159208.016 -26906.5586 118075.352
0 18 33862 108921 159207.625 -26905.2773 118076.281
0 18 33863 108921 159208.094 -26905.3574 118075.406
0 12 538 1692 159558.781 -27696.8477 117604.477
0 12 539 1692 159591.906 -27702.5996 117550.969
0 12 538 1693 159556.312 -27618.5117 117602.664
0 12 539 1693 159587.938 -27623.9883 117548.047
0 13 1046 3410 158972.625 -26605.4062 118356.211
0 13 1047 3410 159000.234 -26610.0234 118337.945
0 13 1046 3411 158973.125 -26566.6758 118356.578
0 13 1047 3411 159000.141 -26571.1914 118337.883
0 18 33874 108902 159212.062 -26929.1074 118064.992
0 18 33875 108902 159212.656 -26929.2051 118064.211
0 18 33874 108903 159212.031 -26927.8867 118064.969
0 18 33875 108903 159212.594 -26927.9805 118064.164
4 6 56 32 119297.688 2434.64673 155817.391
4 6 57 32 122273.805 2397.52563 153441.641
4 6 56 33 119190.75 7297.39258 155677.703
4 6 57 33 122158.75 7185.80859 153297.25
0 7 20 64 162956.078 1273.09436 110759.211
0 7 21 64 164328.141 1283.8136 109124.156
0 7 20 65 162775.844 3815.05859 110636.703
0 7 21 65 164122.875 3846.62988 108987.852
0 15 4230 13600 159188.453 -27044.7422 118084.531
0 15 4231 13600 159193.141 -27045.5391 118078.281
0 15 4230 13601 159189.141 -27035.1426 118085.039
0 15 4231 13601 159193.844 -27035.9414 118078.812
2 4 12 8 99428.2656 176761.359 -11047.585
2 4 13 8 113940.195 165731.188 -10358.1992
2 4 12 9 98164.2812 174514.281 -32721.4277
2 4 13 9 112989.422 164348.25 -30815.2969
3 4 6 10 -35464.75 -189145.328 59107.918
3 4 7 10 -11975.083 -191601.328 59875.4102
3 4 6 11 -34021.8477 -181449.859 79384.3125
3 4 7 11 -11480.5977 -183689.562 80364.1875
0 13 1072 3400 159471.438 -27078.2188 117715.297
0 13 1073 3400 159494.438 -27082.123 117693.344
0 13 1072 3401 159469.297 -27038.9219 117713.719
0 13 1073 3401 159493.391 -27043.0059 117692.562
0 14 2100 6806 159059.75 -26901.5234 118275.438
0 14 2101 6806 159069.031 -26903.0918 118262.922
0 14 2100 6807 159062.672 -26882.6035 118277.625
0 14 2101 6807 159070.906 -26883.9902 118264.312
4 6 54 28 112614.25 -17517.7715 160162.484
4 6 55 28 115878.883 -17258.5566 157792.516
4 6 54 29 112750.266 -12527.8076 160355.938
4 6 55 29 116037.305 -12344.3945 158008.25
0 16 8480 27228 159238.406 -26919.5898 118026.812
0 16 8481 27228 159240.312 -26919.9141 118023.367
0 16 8480 27229 159238.406 -26914.7324 118026.82
0 16 8481 27229 159240.25 -26915.043 118023.32
4 5 20 10 50796.1484 -62084.1797 180608.531
4 5 21 10 60887.9414 -60887.9414 177128.562
4 5 20 11 52098.1172 -52098.1172 185237.75
4 5 21 11 62246.8086 -50929.207 181081.625
0 15 4242 13604 159251.375 -27016.5527 118014.562
0 15 4243 13604 159255.531 -27017.2559 118007.914
0 15 4242 13605 159252.203 -27006.9727 118015.172
0 15 4243 13605 159255.938 -27007.6055 118008.219
0 18 33864 108920 159208.469 -26906.6348 118074.469
0 18 33865 108920 159208.938 -26906.7129 118073.609
0 18 33864 108921 159208.562 -26905.4355 118074.539
0 18 33865 108921 159209.031 -26905.5156 118073.68
0 6 20 24 184816.016 -43316.2539 66418.2578
0 6 21 24 186596.594 -43733.5781 61227.0117
0 6 20 25 185871.578 -37755.1641 66797.5938
0 6 21 25 187701.734 -38126.9141 61589.625
0 18 33876 108906 159213.219 -26924.4434 118063.422
0 18 33877 108906 159213.812 -26924.543 118062.641
0 18 33876 108907 159213.297 -26923.2422 118063.477
0 18 33877 108907 159213.859 -26923.3379 118062.68
0 17 16922 54442 159195.562 -26947.5703 118088.586
0 17 16923 54442 159196.781 -26947.7773 118087.062
0 17 16922 54443 159195.359 -26945.1094 118088.438
0 17 16923 54443 159196.516 -26945.3027 118086.875
0 7 0 44 137602.281 -41925.6914 136527.25
0 7 1 44 138714.281 -42264.5117 135463.172
0 7 0 45 137699.719 -39803.8281 136623.938
0 7 1 45 138794.516 -40120.293 135541.531
4 5 20 14 53973.1836 -17991.0625 191904.656
4 5 21 14 64625.5352 -17625.1465 188001.562
4 5 20 15 54264.8516 -6029.42773 192941.688
4 5 21 15 64961.3164 -5905.57471 188978.391
0 11 256 860 158457.516 -25300.5898 118765.758
0 11 257 860 158550.969 -25315.5117 118680.969
0 11 256 861 158457.719 -25145.8789 118765.922
0 11 257 861 158543.672 -25159.5156 118675.508
0 9 50 214 153634.875 -24905.6523 123327.992
0 9 51 214 153967.969 -24959.6504 122993.945
0 9 50 215 153620.344 -24303.2188 123316.336
0 9 51 215 153964.844 -24357.7207 122991.453
0 14 2124 6796 159266.391 -27130.8906 117962.508
0 14 2125 6796 159273.172 -27132.0469 117948.094
0 14 2124 6797 159266.328 -27111.4395 117962.461
0 14 2125 6797 159274.766 -27112.875 117949.266
0 16 8480 27226 159239.203 -26929.4453 118027.414
0 16 8481 27226 159241.328 -26929.8047 118024.125
0 16 8480 27227 159238.531 -26924.4707 118026.898
0 16 8481 27227 159240.547 -26924.8125 118023.539
0 11 272 840 159665.672 -28611.9668 117176.523
0 11 273 840 159746.938 -28626.5273 117080.156
0 11 272 841 159691 -28460.5566 117195.109
0 11 273 841 159759.953 -28472.8418 117089.695
0 11 248 848 157800.5 -27044.9102 119506.141
0 11 249 848 157889.719 -27060.2012 119419.516
0 11 248 849 157812.891 -26892.9199 119515.523
0 11 249 849 157894.641 -26906.8496 119423.242
0 15 4222 13602 159153.344 -27019.3496 118136.203
0 15 4223 13602 159157.703 -27020.0918 118129.711
0 15 4222 13603 159153.891 -27009.7266 118136.602
0 15 4223 13603 159159.047 -27010.6016 118130.711
0 7 2 42 139586.75 -46892.4219 134134.125
0 7 3 42 140692.484 -47263.8828 132998.375
0 7 2 43 139679.406 -44741.0625 134223.188
0 7 3 43 140796.828 -45098.9844 133097
0 18 33854 108918 159202.922 -26908.127 118082.508
0 18 33855 108918 159203.578 -26908.2344 118081.773
0 18 33854 108919 159203.078 -26906.9375 118082.617
0 18 33855 108919 159203.688 -26907.043 118081.859
0 9 64 224 158266.797 -19474.2344 118390.977
0 9 65 224 158607.109 -19516.1094 118026
0 9 64 225 158225.953 -18851.1387 118360.43
0 9 65 225 158568.141 -18891.9082 117997
0 15 4232 13600 159198.453 -27046.4434 118072.516
0 15 4233 13600 159202.797 -27047.1777 118066.008
0 15 4232 13601 159198.766 -27036.7773 118072.734
0 15 4233 13601 159203.359 -27037.5566 118066.43
0 17 16918 54460 159191.797 -26903.209 118095.516
0 17 16919 54460 159192.953 -26903.4043 118093.93
0 17 16918 54461 159192.109 -26900.8359 118095.742
0 17 16919 54461 159193.266 -26901.0293 118094.172
0 10 146 422 161168.75 -28173.0508 115053.078
0 10 147 422 161320 -28199.4922 114845.977
0 10 146 423 161197.266 -27863.1973 115073.438
0 10 147 423 161356.578 -27890.7363 114872.031
0 16 8456 27236 159189.516 -26872.4609 118107.172
0 16 8457 27236 159191.875 -26872.8574 118104.062
0 16 8456 27237 159190.047 -26867.6914 118107.57
0 16 8457 27237 159192.406 -26868.0918 118104.469
4 6 56 18 112898.422 -62209.3281 147459.156
4 6 57 18 115988.68 -61405.7695 145554.422
4 6 56 19 113858.773 -58091.2109 148713.5
4 6 57 19 116954.742 -57330.7578 146766.734
4 7 126 48 135832.969 -33686.5781 139092.969
4 7 127 48 136978.922 -33435.8008 138057.5
4 7 126 49 135975.328 -31546.2754 139238.734
4 7 127 49 137120.172 -31310.9023 138199.859
0 10 116 420 156469.125 -27962.7422 120866.281
0 10 117 420 156639.75 -27993.2383 120692.148
0 10 116 421 156437.984 -27651.6348 120842.227
0 10 117 421 156618.219 -27683.4922 120675.555
0 18 33876 108912 159213.906 -26917.2695 118063.914
0 18 33877 108912 159214.469 -26917.3652 118063.133
0 18 33876 108913 159214.031 -26916.0781 118064.023
0 18 33877 108913 159214.578 -26916.168 118063.211
0 18 33854 108896 159201.438 -26934.5957 118081.406
0 18 33855 108896 159201.984 -26934.6895 118080.594
0 18 33854 108897 159201.562 -26933.4043 118081.5
0 18 33855 108897 159202.109 -26933.4961 118080.688
0 15 4240 13624 159250.562 -26822.0156 118033.391
0 15 4241 13624 159255 -26822.7637 118026.969
0 15 4240 13625 159251.562 -26812.4668 118034.148
0 15 4241 13625 159255.594 -26813.1465 118027.406
0 17 16944 54460 159221.391 -26908.2109 118054.289
0 17 16945 54460 159222.484 -26908.3965 118052.68
0 17 16944 54461 159221.312 -26905.7676 118054.242
0 17 16945 54461 159222.391 -26905.9492 118052.602
0 10 126 412 158036.219 -30712.1152 118990.148
0 10 127 412 158161.297 -30736.4219 118775.43
0 10 126 413 158083.625 -30412.5723 119025.852
0 10 127 413 158207.922 -30436.4844 118810.438
0 18 33846 108906 159196.938 -26921.6895 118087.773
0 18 33847 108906 159197.656 -26921.8105 118087.102
0 18 33846 108907 159196.875 -26920.4629 118087.734
0 18 33847 108907 159197.594 -26920.5859 118087.055
0 12 526 1688 159053.766 -27919.8359 118164.203
0 12 527 1688 159097.141 -27927.4512 118118.758
0 12 526 1689 159055.859 -27842.543 118165.773
0 12 527 1689 159102.094 -27850.6328 118122.43
0 7 10 64 150245.953 1173.79651 125596.234
0 7 11 64 151456.234 1183.25183 124241.43
0 7 10 65 150171.672 3519.64868 125534.133
0 7 11 65 151360.531 3547.51245 124162.93
0 11 274 860 160036.266 -25552.6641 117135.922
0 11 275 860 160121.984 -25566.3516 117042.281
0 11 274 861 160018.766 -25393.6035 117123.102
0 11 275 861 160093.422 -25405.4512 117021.414
0 15 4228 13600 159178.484 -27043.0488 118096.57
0 15 4229 13600 159183.578 -27043.9141 118090.617
0 15 4228 13601 159179.281 -27033.4688 118097.148
0 15 4229 13601 159184.188 -27034.3008 118091.078
0 12 514 1694 158587.781 -27373.4277 118747.242
0 12 515 1694 158628.031 -27380.377 118699.938
0 12 514 1695 158580.375 -27294.7188 118741.695
0 12 515 1695 158625.281 -27302.4473 118697.875
0 10 120 432 157003.766 -24378.5156 120052.688
0 10 121 432 157197.812 -24408.6445 119894.047
0 10 120 433 156989.734 -24069.7148 120041.953
0 10 121 433 157169.797 -24097.3242 119872.672
0 18 33860 108920 159206.562 -26906.3125 118077.914
0 18 33861 108920 159207.047 -26906.3926 118077.062
0 18 33860 108921 159206.656 -26905.1133 118077.984
0 18 33861 108921 159207.156 -26905.1973 118077.141
0 18 33870 108898 159210.078 -26933.6289 118068.375
0 18 33871 108898 159210.672 -26933.7324 118067.609
0 18 33870 108899 159209.984 -26932.4004 118068.32
0 18 33871 108899 159210.578 -26932.498 118067.531
0 17 16932 54466 159210.156 -26891.7344 118075.117
0 17 16933 54466 159211.141 -26891.9043 118073.422
0 17 16932 54467 159210.406 -26889.3477 118075.297
0 17 16933 54467 159211.422 -26889.5215 118073.617
0 9 78 206 162295.219 -31381.3027 112528.922
0 9 79 206 162585 -31437.334 112094.734
0 9 78 207 162362.438 -30760.0723 112575.523
0 9 79 207 162643.875 -30813.3906 112135.328
0 16 8454 27216 159179.875 -26967.9902 118109.742
0 16 8455 27216 159182.078 -26968.3652 118106.516
0 16 8454 27217 159179.984 -26963.1484 118109.82
0 16 8455 27217 159182.156 -26963.5195 118106.578
0 13 1052 3390 159062.953 -27397.1973 118190.453
0 13 1053 3390 159079.453 -27400.0352 118163.875
0 13 1052 3391 159067.328 -27359.1133 118193.703
0 13 1053 3391 159081.5 -27361.5508 118165.398
0 13 1044 3408 158929.5 -26675.7891 118401.695
0 13 1045 3408 158955.562 -26680.166 118382.312
0 13 1044 3409 158926.656 -26636.5098 118399.586
0 13 1045 3409 158952 -26640.7598 118379.664
0 17 16920 54462 159194.734 -26898.8477 118092.828
0 17 16921 54462 159195.969 -26899.0547 118091.312
0 17 16920 54463 159194.938 -26896.4551 118092.984
0 17 16921 54463 159196.172 -26896.6602 118091.469
0 14 2108 6794 159105.172 -27142.2695 118153.844
0 14 2109 6794 159114.719 -27143.8984 118141.508
0 14 2108 6795 159109.016 -27123.502 118156.695
0 14 2109 6795 159119.25 -27125.25 118144.883
0 15 4220 13620 159160.703 -26845.7402 118161.078
0 15 4221 13620 159164.156 -26846.3223 118153.938
0 15 4220 13621 159161.562 -26836.1719 118161.719
0 15 4221 13621 159165.016 -26836.7539 118154.578
0 9 50 206 153710.234 -29721.3145 123388.484
0 9 51 206 154089.812 -29794.709 123091.266
0 9 50 207 153701.812 -29119.2891 123381.734
0 9 51 207 154078.016 -29190.5605 123081.852
0 17 16942 54446 159218.141 -26941.6738 118056.742
0 17 16943 54446 159219.281 -26941.8691 118055.156
0 17 16942 54447 159218.109 -26939.2402 118056.727
0 17 16943 54447 159219.203 -26939.4238 118055.094
0 6 8 12 144592.438 -88111.0156 106185.07
0 6 9 12 146289.156 -89144.9531 102859.555
0 6 8 13 145923.109 -84361.7969 107162.297
0 6 9 13 147693.219 -85385.1406 103846.789
0 4 14 8 151218.984 9451.18652 -122865.43
0 4 15 8 142352.266 8897.0166 -133455.25
0 4 14 9 150225.297 28167.2441 -122058.055
0 4 15 9 141252.625 26484.8672 -132424.328
0 8 22 94 151225.828 -39578.6328 124643.156
0 8 23 94 151751.531 -39716.2227 123890.898
0 8 22 95 151455.406 -38455.4727 124832.383
0 8 23 95 152029.562 -38601.2578 124117.891
0 11 248 850 157805.297 -26737.5195 119509.773
0 11 249 850 157897.016 -26753.0586 119425.039
0 11 248 851 157801.188 -26582.7207 119506.664
0 11 249 851 157894.453 -26598.4316 119423.102
2 4 10 6 59236.4883 189556.766 35541.8945
2 4 11 6 79617.3594 181982.531 34121.7266
2 4 10 7 60079.9766 192255.938 12015.9961
2 4 11 7 80764.5156 184604.609 11537.7881
4 5 22 4 61328.7031 -108504.625 150962.969
4 5 23 4 69563.8438 -106664.562 148402.875
4 5 22 5 62936.5 -101666.648 154920.609
4 5 23 5 71338.6719 -99874.1484 152189.172
0 10 116 426 156382.062 -26114.584 120799.039
0 10 117 426 156547.125 -26142.1445 120620.773
0 10 116 427 156370.547 -25807.25 120790.148
0 10 117 427 156528.594 -25833.332 120606.5
0 9 80 210 163172.656 -29001.3926 111862.508
0 9 81 210 163481.734 -29056.3262 111435.797
0 9 80 211 163247.375 -28376.9863 111913.727
0 9 81 211 163532.859 -28426.6094 111470.641
0 18 33866 108896 159207.984 -26935.7051 118071.68
0 18 33867 108896 159208.531 -26935.7969 118070.875
0 18 33866 108897 159207.938 -26934.4824 118071.648
0 18 33867 108897 159208.484 -26934.5742 118070.844
0 17 16930 54466 159208.219 -26891.4082 118078.547
0 17 16931 54466 159209.188 -26891.5723 118076.828
0 17 16930 54467 159208.453 -26889.0215 118078.719
0 17 16931 54467 159209.422 -26889.1816 118076.992
0 12 528 1688 159139.969 -27934.9707 118072.844
0 12 529 1688 159189.609 -27943.6816 118031.938
0 12 528 1689 159142.469 -27857.7031 118074.695
0 12 529 1689 159189.094 -27865.8633 118031.562
4 6 60 36 129483.352 20444.7402 145384.812
4 6 61 36 131931.922 20125.209 143112.594
4 6 60 37 129094.281 24912.9316 144947.969
4 6 61 37 131556.531 24527.4883 142705.391
0 17 16936 54442 159211.391 -26950.25 118066.312
0 17 16937 54442 159212.719 -26950.4746 118064.867
0 17 16936 54443 159211.516 -26947.8418 118066.406
0 17 16937 54443 159212.766 -26948.0508 118064.898
0 14 2100 6802 159046.203 -26976.8926 118265.375
0 14 2101 6802 159057.953 -26978.8867 118254.695
0 14 2100 6803 159048.625 -26957.8887 118267.172
0 14 2101 6803 159060.641 -26959.9238 118256.688
0 8 46 102 166354.797 -33140.9922 105921.211
0 8 47 102 166941.844 -33257.9453 104990.766
0 8 46 103 166532.219 -31875.3086 106034.18
0 8 47 103 167117.562 -31987.3438 105101.281
0 13 1042 3404 158873.531 -26821.543 118437.578
0 13 1043 3404 158895.891 -26825.3184 118415.453
0 13 1042 3405 158872.125 -26782.5195 118436.539
0 13 1043 3405 158895.719 -26786.498 118415.328
4 6 54 22 110067.281 -46472.8516 156540.125
4 6 55 22 113470.07 -45870.8789 154512.438
4 6 54 23 111010.344 -41937.2383 157881.375
4 6 55 23 114479.594 -41407.5117 155887.094
0 11 256 838 158453.234 -28704.1758 118762.562
0 11 257 838 158543.297 -28720.4883 118675.234
0 11 256 839 158457.469 -28550.1973 118765.727
0 11 257 839 158549.203 -28566.7246 118679.648
0 12 542 1696 159705.625 -27410.4141 117400.789
0 12 543 1696 159741.75 -27416.6133 117349.344
0 12 542 1697 159704.922 -27332.3105 117400.266
0 12 543 1697 159741.312 -27338.5391 117349.023
0 13 1042 3398 158863.453 -27052.5527 118430.062
0 13 1043 3398 158889.906 -27057.0586 118410.992
0 13 1042 3399 158866.328 -27014.2559 118432.211
0 13 1043 3399 158889.312 -27018.1641 118410.547
0 14 2126 6816 159305.766 -26748.666 117952.773
0 14 2127 6816 159313.953 -26750.0391 117939.391
0 14 2126 6817 159306.141 -26729.2832 117953.055
0 14 2127 6817 159312.75 -26730.3926 117938.5
0 14 2120 6794 159231.828 -27163.875 118014.648
0 14 2121 6794 159241.203 -27165.4766 118002.164
0 14 2120 6795 159233.188 -27144.6699 118015.656
0 14 2121 6795 159242.875 -27146.3242 118003.406
3 4 12 2 83452.0703 -148359.234 -101996.977
3 4 13 2 97306.7656 -141537.109 -97306.7656
3 4 12 3 86409.3828 -153616.672 -86409.3828
3 4 13 3 100677.336 -146439.766 -82372.3672
0 18 33848 108900 159198.312 -26929.209 118086.375
0 18 33849 108900 159198.953 -26929.3203 118085.641
0 18 33848 108901 159198.391 -26928.0098 118086.43
0 18 33849 108901 159199.047 -26928.1211 118085.711
0 11 268 838 159364.688 -28869.2852 117578.141
0 11 269 838 159424.438 -28880.1113 117466.547
0 11 268 839 159375.594 -28715.623 117586.195
0 11 269 839 159442.531 -28727.6836 117479.875
0 16 8468 27214 159209.984 -26982.8066 118064.062
0 16 8469 27214 159212.594 -26983.25 118061.125
0 16 8468 27215 159210.391 -26978.0176 118064.359
0 16 8469 27215 159213.047 -26978.4707 118061.477
0 16 8460 27238 159199.516 -26864.4336 118095.164
0 16 8461 27238 159201.5 -26864.7676 118091.766
0 16 8460 27239 159200.734 -26859.7793 118096.07
0 16 8461 27239 159202.922 -26860.1484 118092.836
0 9 70 224 160393.422 -19735.9102 116222.578
0 9 71 224 160782.344 -19783.7656 115876.336
0 9 70 225 160374.547 -19107.123 116208.898
0 9 71 225 160746.078 -19151.3887 115850.203
0 6 0 38 137817.766 27994.2344 135664.359
0 6 1 38 139915.25 28420.2852 133356.719
0 6 0 39 137337.016 32188.3613 135191.125
0 6 1 39 139398.344 32671.4863 132864.031
0 13 1052 3414 159122.938 -26475.168 118235.023
0 13 1053 3414 159147.125 -26479.1895 118214.133
0 13 1052 3415 159116.422 -26435.2363 118230.188
0 13 1053 3415 159142.281 -26439.5312 118210.547
0 18 33850 108898 159199.359 -26931.8145 118084.719
0 18 33851 108898 159199.969 -26931.9199 118083.961
0 18 33850 108899 159199.469 -26930.6191 118084.812
0 18 33851 108899 159200.094 -26930.7266 118084.047
0 9 70 200 159505.734 -34580.3438 115579.344
0 9 71 200 159766.953 -34636.9766 115144.547
0 9 70 201 159604.172 -33978.2305 115650.68
0 9 71 201 159868.031 -34034.4062 115217.383
4 7 126 54 136563.984 -20757.7246 139841.531
4 7 127 54 137688.953 -20599.1328 138773.109
4 7 126 55 136633.656 -18582.1777 139912.859
4 7 127 55 137765.406 -18441.0391 138850.172
0 14 2102 6798 159050.203 -27055.2305 118229.523
0 14 2103 6798 159060.781 -27057.0312 118217.969
0 14 2102 6799 159055.406 -27036.7012 118233.391
0 14 2103 6799 159066.328 -27038.5586 118222.102
0 4 12 14 142920.812 116123.156 -80392.9531
0 4 13 14 137253.109 111518.141 -94361.5078
0 4 12 15 135888.188 127395.18 -76437.1016
0 4 13 15 131156.625 122959.328 -90170.1797
4 4 4 10 -77953.0312 55680.7383 178178.359
4 4 5 10 -57895.3359 57895.3359 185265.078
4 4 4 11 -74786.4766 74786.4766 170940.516
4 4 5 11 -55496.6875 77695.3594 177589.391
0 16 8472 27238 159225.781 -26868.8652 118056.336
0 16 8473 27238 159227.656 -26869.1836 118052.867
0 16 8472 27239 159226.406 -26864.1133 118056.805
0 16 8473 27239 159228.344 -26864.4355 118053.375
0 15 4226 13624 159188.359 -26811.541 118123.328
0 15 4227 13624 159192.578 -26812.25 118116.734
0 15 4226 13625 159188.781 -26801.8965 118123.633
0 15 4227 13625 159193.391 -26802.6738 118117.344
0 14 2112 6818 159196.969 -26691.5332 118144.281
0 14 2113 6818 159206.375 -26693.1094 118131.828
0 14 2112 6819 159197.125 -26672.127 118144.406
0 14 2113 6819 159205.688 -26673.5625 118131.32
4 5 24 22 86541.6016 66178.8672 162901.844
4 5 25 22 94303.1094 64523.1875 158826.297
4 5 24 23 85082.2422 75072.5625 160154.812
4 5 25 23 92725.0156 73203.9531 156168.438
2 4 6 0 -27359.6934 145918.359 136798.469
2 4 7 0 -9183.58301 146937.328 137753.75
2 4 6 1 -29079.7656 155092.078 126012.312
2 4 7 1 -9782.45508 156519.281 127171.922
3 4 10 4 53918.1562 -172538.094 -75485.4141
3 4 11 4 72809.2266 -166421.094 -72809.2266
3 4 10 5 55896.5742 -178869.047 -55896.5742
3 4 11 5 75446.2266 -172448.531 -53890.168
0 12 518 1690 158729.25 -27707.8633 118543.156
0 12 519 1690 158769.75 -27714.9355 118495.883
0 12 518 1691 158733.812 -27631.1543 118546.57
0 12 519 1691 158770.125 -27637.4766 118496.164
0 13 1068 3394 159387.453 -27297.4375 117808.977
0 13 1069 3394 159406.625 -27300.7188 117784.219
0 13 1068 3395 159388.891 -27258.7695 117810.023
0 13 1069 3395 159407.406 -27261.9355 117784.797
0 12 524 1688 158963.484 -27903.9902 118252.375
0 12 525 1688 159010.656 -27912.2715 118209.82
0 12 524 1689 158962.75 -27826.2441 118251.828
0 12 525 1689 159007.969 -27834.1562 118207.828
0 12 540 1710 159669.172 -26312.6699 117529.922
0 12 541 1710 159712.766 -26319.8535 117484.031
0 12 540 1711 159669.062 -26234.6875 117529.844
0 12 541 1711 159711.859 -26241.7188 117483.352
0 9 80 216 163673.031 -25254.2383 112205.531
0 9 81 216 163951.672 -25297.2305 111756.117
0 9 80 217 163727.906 -24623.1426 112243.156
0 9 81 217 164015.969 -24666.4629 111799.945
0 10 118 430 156679.219 -24940.1484 120416.539
0 10 119 430 156867.781 -24970.1641 120255.086
0 10 118 431 156654.719 -24630.2832 120397.719
0 10 119 431 156835.328 -24658.6797 120230.203
0 8 16 100 147720.172 -31736.7578 128678.125
0 8 17 100 148410.531 -31885.0762 128120.031
0 8 16 101 147775.453 -30594.1387 128726.273
0 8 17 101 148408.969 -30725.293 128118.688
0 9 74 202 160820.516 -33608.9766 114019.234
0 9 75 202 161098.141 -33666.9922 113586.773
0 9 74 203 160891.453 -32995.3164 114069.516
0 9 75 203 161157.656 -33049.9102 113628.742
0 11 250 842 157983.297 -28001.9238 119336.016
0 11 251 842 158061.562 -28015.7949 119240.781
0 11 250 843 157986.219 -27848.1562 119338.219
0 11 251 843 158068.672 -27862.6895 119246.141
0 18 33846 108908 159196.844 -26919.2441 118087.711
0 18 33847 108908 159197.547 -26919.3633 118087.023
0 18 33846 108909 159196.781 -26918.0195 118087.664
0 18 33847 108909 159197.484 -26918.1387 118086.969
0 13 1070 3396 159430.328 -27226.9316 117762.805
0 13 1071 3396 159450.297 -27230.3438 117738.641
0 13 1070 3397 159434.797 -27188.7715 117766.109
0 13 1071 3397 159456.25 -27192.4316 117743.023
0 17 16934 54466 159212.188 -26892.0801 118071.758
0 17 16935 54466 159213.266 -26892.2617 118070.125
0 17 16934 54467 159212.484 -26889.7012 118071.984
0 17 16935 54467 159213.594 -26889.8887 118070.383
0 13 1048 3412 159025.656 -26536.6289 118318.039
0 13 1049 3412 159051.297 -26540.9082 118298.289
0 13 1048 3413 159023.875 -26497.5078 118316.711
0 13 1049 3413 159049.062 -26501.707 118296.625
0 14 2104 6796 159065.578 -27096.6836 118202.117
0 14 2105 6796 159077.031 -27098.6348 118191.211
0 14 2104 6797 159068.641 -27077.7852 118204.383
0 14 2105 6797 159080.375 -27079.7852 118193.695
0 17 16940 54464 159217.906 -26897.9043 118061.43
0 17 16941 54464 159218.766 -26898.0508 118059.633
0 17 16940 54465 159218.125 -26895.5117 118061.586
0 17 16941 54465 159219 -26895.6582 118059.805
0 13 1072 3408 159469.781 -26766.4707 117714.078
0 13 1073 3408 159492.047 -26770.2109 117691.586
0 13 1072 3409 159470.75 -26727.7012 117714.797
0 13 1073 3409 159492.953 -26731.4219 117692.25
0 10 142 416 160374.469 -29913.5957 115738.992
0 10 143 416 160515.547 -29939.9121 115527.297
0 10 142 417 160421.906 -29609.123 115773.234
0 10 143 417 160555.719 -29633.8164 115556.211
0 16 8458 27214 159188.281 -26979.127 118096.531
0 16 8459 27214 159190.469 -26979.5 118093.312
0 16 8458 27215 159188.453 -26974.3008 118096.672
0 16 8459 27215 159190.562 -26974.6582 118093.383
0 11 278 846 160189.906 -27767.293 116622.633
0 11 279 846 160268 -27780.8301 116522.969
0 11 278 847 160214.531 -27615.1035 116640.562
0 11 279 847 160292.656 -27628.5664 116540.898
0 18 33846 108904 159197.047 -26924.1387 118087.867
0 18 33847 108904 159197.734 -26924.2539 118087.156
0 18 33846 108905 159196.984 -26922.9141 118087.82
0 18 33847 108905 159197.719 -26923.0332 118087.141
0 11 278 856 160383.156 -26234.5508 116763.328
0 11 279 856 160460.469 -26247.1953 116662.914
0 11 278 857 160398.047 -26080.3457 116774.164
0 11 279 857 160472.516 -26092.457 116671.68
0 11 248 846 157802.688 -27353.4922 119507.789
0 11 249 846 157895.672 -27369.6133 119424.023
0 11 248 847 157805.672 -27199.9023 119510.062
0 11 249 847 157889.844 -27214.4121 119419.617
0 15 4216 13612 159137.906 -26919.6016 118183.016
0 15 4217 13612 159142.344 -26920.3496 118176.594
0 15 4216 13613 159139.5 -26910.1543 118184.195
0 15 4217 13613 159143.891 -26910.8965 118177.742
0 10 134 412 159102.344 -30919.3047 117306.906
0 10 135 412 159238.984 -30945.8555 117096.633
0 10 134 413 159163.016 -30620.2285 117351.633
0 10 135 413 159305.891 -30647.7148 117145.836
0 16 8450 27220 159170.766 -26947.0176 118122.414
0 16 8451 27220 159173.047 -26947.4004 118119.242
0 16 8450 27221 159170.656 -26942.1406 118122.32
0 16 8451 27221 159172.781 -26942.5 118119.055
0 11 270 862 159701.984 -25187.373 117515.086
0 11 271 862 159792.359 -25201.6289 117425.547
0 11 270 863 159704.875 -25031.8672 117517.219
0 11 271 863 159786.875 -25044.7227 117421.516
3 5 26 28 89805.3672 -136846.281 106911.148
3 5 27 28 96405.9609 -134130.031 104789.094
3 5 26 29 87599.7344 -133485.312 112628.234
3 5 27 29 94122.5703 -130953.141 110491.703
0 8 32 118 158005.141 -11726.9443 117886.648
0 8 33 118 158679.391 -11776.9863 117150.016
0 8 32 119 157929.609 -10487.5127 117830.297
0 8 33 119 158603.922 -10532.292 117094.297
0 13 1060 3390 159217.594 -27423.834 117994.391
0 13 1061 3390 159237.453 -27427.252 117970.227
0 13 1060 3391 159220 -27385.375 117996.172
0 13 1061 3391 159238.734 -27388.5938 117971.18
0 11 252 840 158136.391 -28337.9199 119142.797
0 11 253 840 158219.875 -28352.8789 119051.18
0 11 252 841 158136.031 -28183.4238 119142.523
0 11 253 841 158228.422 -28199.8887 119057.625
0 18 33866 108920 159209.406 -26906.7949 118072.742
0 18 33867 108920 159209.891 -26906.875 118071.891
0 18 33866 108921 159209.5 -26905.5938 118072.805
0 18 33867 108921 159209.969 -26905.6719 118071.93
0 14 2130 6802 159331.156 -27025.2246 117893.766
0 14 2131 6802 159338.375 -27026.4512 117879.672
0 14 2130 6803 159328.875 -27005.3887 117892.086
0 14 2131 6803 159336.5 -27006.6797 117878.273
0 8 34 118 159362.203 -11827.6641 116409.109
0 8 35 118 160052.328 -11878.8828 115662.805
0 8 34 119 159283.781 -10577.4385 116351.82
0 8 35 119 159976.203 -10623.4189 115607.797
0 10 118 416 156826.547 -29251.8262 120529.773
0 10 119 416 156981.422 -29280.7148 120342.195
0 10 118 417 156824.875 -28945.2168 120528.5
0 10 119 417 156996.516 -28976.8965 120353.781
0 6 10 38 160057.109 32511.5996 107538.375
0 6 11 38 162377.344 32982.8984 104022.992
0 6 10 39 159207 37314.1406 106967.203
0 6 11 39 161501.5 37851.9141 103461.906
0 5 8 24 160605.203 85321.5156 75283.6875
0 5 9 24 164553.922 87419.2656 66850.0234
0 5 8 25 157398.766 93455.5156 73780.6719
0 5 9 25 161404.875 95834.1406 65570.7344
0 5 4 26 140352.375 92106.2422 100878.273
0 5 5 26 143645.484 94267.3438 94267.3438
0 5 4 27 137539.938 98856.8281 98856.8281
0 5 5 27 140641.719 101086.242 92296.125
0 10 144 418 160763.281 -29358.1367 115391.617
0 10 145 418 160896 -29382.375 115172.617
0 10 144 419 160798.953 -29050.5918 115417.227
0 10 145 419 160927.469 -29073.8105 115195.141
3 4 14 0 102101.742 -125663.688 -117809.703
3 4 15 0 113273.594 -120825.172 -113273.594
3 4 14 1 106247.555 -130766.211 -106247.555
3 4 15 1 116650.234 -124426.922 -101096.875
0 7 2 60 141215.734 -7722.73535 135699.484
0 7 3 60 142335.625 -7783.97998 134551.641
0 7 2 61 141212.969 -5516.13135 135696.828
0 7 3 61 142318.062 -5559.2998 134535.047
0 16 8480 27230 159238.141 -26909.8262 118026.625
0 16 8481 27230 159239.969 -26910.1348 118023.109
0 16 8480 27231 159237.984 -26904.9414 118026.508
0 16 8481 27231 159239.922 -26905.2695 118023.086
0 16 8450 27230 159172.531 -26898.7402 118123.727
0 16 8451 27230 159174.297 -26899.0352 118120.164
0 16 8450 27231 159173.141 -26893.9844 118124.164
0 16 8451 27231 159174.891 -26894.2812 118120.609
0 15 4246 13608 159270.328 -26980.8828 117989.719
0 15 4247 13608 159274.344 -26981.5645 117982.984
0 15 4246 13609 159269.734 -26971.0625 117989.289
0 15 4247 13609 159274.219 -26971.8203 117982.883
0 15 4216 13610 159135.562 -26938.6289 118181.273
0 15 4217 13610 159139.719 -26939.332 118174.648
0 15 4216 13611 159136.125 -26929.0098 118181.688
0 15 4217 13611 159140.875 -26929.8145 118175.508
0 14 2122 6818 159273.047 -26704.2871 118006.32
0 14 2123 6818 159282.203 -26705.8242 117993.664
0 14 2122 6819 159275.156 -26685.2012 118007.883
0 14 2123 6819 159284.469 -26686.7598 117995.328
0 14 2130 6812 159337.875 -26831.8594 117898.742
0 14 2131 6812 159346.203 -26833.2637 117885.453
0 14 2130 6813 159342.797 -26813.2363 117902.375
0 14 2131 6813 159348.906 -26814.2656 117887.453
4 5 26 24 98099.5312 79413.9062 149485
4 5 27 24 104713.914 77397.2422 145688.922
4 5 26 25 96321.6953 87148.2031 146775.922
4 5 27 25 102886.062 84992.8281 143145.812
0 12 542 1708 159760.422 -26483.7246 117441.07
0 12 543 1708 159798.062 -26489.9609 117390.727
0 12 542 1709 159763.203 -26406.1738 117443.117
0 12 543 1709 159795.047 -26411.4355 117388.5
0 8 24 116 152837.984 -13731.5381 123583.844
0 8 25 116 153517.828 -13792.6172 122934.203
0 8 24 117 152837.516 -12537.4531 123583.461
0 8 25 117 153469.359 -12589.2822 122895.375
0 17 16940 54444 159216.312 -26946.2246 118060.258
0 17 16941 54444 159217.5 -26946.4258 118058.695
0 17 16940 54445 159216.109 -26943.7598 118060.094
0 17 16941 54445 159217.203 -26943.9453 118058.484
0 8 38 94 160270.281 -41945.7383 112063.984
0 8 39 94 160833.844 -42093.2305 111201.523
0 8 38 95 160470.5 -40744.4609 112203.984
0 8 39 95 161053.609 -40892.5195 111353.469
0 10 146 430 161496.312 -25706.9316 115286.914
0 10 147 430 161642.797 -25730.252 115075.781
0 10 146 431 161520.547 -25395.3223 115304.219
0 10 147 431 161685.828 -25421.3066 115106.414
0 15 4234 13600 159207.5 -27047.9785 118059.781
0 15 4235 13600 159213.031 -27048.918 118054.164
0 15 4234 13601 159207.766 -27038.3066 118059.984
0 15 4235 13601 159212.547 -27039.1172 118053.82
0 9 52 218 154224.031 -22591.4102 122596.047
0 9 53 218 154581.797 -22643.8164 122276.609
0 9 52 219 154243.234 -21991.7109 122611.32
0 9 53 219 154581.453 -22039.9336 122276.344
0 17 16946 54454 159222.984 -26923.0586 118050.617
0 17 16947 54454 159224.203 -26923.2637 118049.102
0 17 16946 54455 159223.109 -26920.6484 118050.711
0 17 16947 54455 159224.281 -26920.8477 118049.156
0 7 0 58 138998.453 -11945.1787 137912.516
0 7 1 58 140099.406 -12039.793 136815.828
0 7 0 59 139019.766 -9774.82715 137933.672
0 7 1 59 140105.906 -9851.19727 136822.172
0 15 4222 13622 159169.797 -26827.8438 118148.398
0 15 4223 13622 159173.859 -26828.5293 118141.703
0 15 4222 13623 159170.984 -26818.3301 118149.297
0 15 4223 13623 159174.406 -26818.9043 118142.109
0 9 54 220 154900.922 -21480.4023 121923.977
0 9 55 220 155231.438 -21526.2344 121577.75
0 9 54 221 154879.078 -20872.377 121906.773
0 9 55 221 155213.875 -20917.4941 121564
0 8 16 108 147906.297 -22532.5996 128840.258
0 8 17 108 148544.359 -22629.8047 128235.562
0 8 16 109 147922.734 -21379.457 128854.562
0 8 17 109 148531.266 -21467.4102 128224.258
0 14 2100 6808 159063.5 -26863.3262 118278.242
0 14 2101 6808 159073.781 -26865.0605 118266.469
0 14 2100 6809 159064.625 -26844.0977 118279.07
0 14 2101 6809 159075.281 -26845.8965 118267.578
0 16 8476 27236 159231.828 -26879.6035 118041.375
0 16 8477 27236 159233.547 -26879.8945 118037.789
0 16 8476 27237 159232.672 -26874.8867 118042.008
0 16 8477 27237 159234.344 -26875.168 118038.391
0 12 544 1702 159797.641 -26958.0508 117312.375
0 12 545 1702 159834.906 -26964.3359 117261.695
0 12 544 1703 159808.266 -26881.8086 117320.172
0 12 545 1703 159848.734 -26888.6152 117271.836
0 17 16918 54444 159190.781 -26941.9023 118094.758
0 17 16919 54444 159191.938 -26942.0957 118093.172
0 17 16918 54445 159190.828 -26939.4805 118094.781
0 17 16919 54445 159191.969 -26939.6738 118093.211
0 16 8480 27224 159241.25 -26939.5078 118028.914
0 16 8481 27224 159243.469 -26939.8867 118025.711
0 16 8480 27225 159240.234 -26934.4785 118028.172
0 16 8481 27225 159242.453 -26934.8535 118024.961
0 15 4218 13618 159152.797 -26863.834 118174.641
0 15 4219 13618 159156.188 -26864.4062 118167.445
0 15 4218 13619 159153.219 -26854.1914 118174.969
0 15 4219 13619 159156.828 -26854.8008 118167.914
0 9 56 200 155587.359 -33730.8516 121248.742
0 9 57 200 155907.031 -33800.1602 120888.844
0 9 56 201 155679.75 -33142.7578 121320.75
0 9 57 201 155947.844 -33199.832 120920.5
0 16 8478 27234 159234.109 -26889.709 118033.359
0 16 8479 27234 159235.812 -26889.9961 118029.758
0 16 8478 27235 159234.5 -26884.9141 118033.641
0 16 8479 27235 159235.953 -26885.1602 118029.859
0 11 260 862 158811.047 -25046.8594 118410.383
0 11 261 862 158912.609 -25062.877 118330.922
0 11 260 863 158814.484 -24892.3105 118412.945
0 11 261 863 158912.031 -24907.5996 118330.5
0 4 14 10 147753.594 46172.9961 -120049.789
0 4 15 10 139046.156 43451.9258 -130355.781
0 4 14 11 144341.828 63149.5508 -117277.734
0 4 15 11 136050.719 59522.1914 -127547.547
0 17 16944 54448 159220.375 -26937.1953 118053.547
0 17 16945 54448 159221.609 -26937.4023 118052.023
0 17 16944 54449 159220.391 -26934.7676 118053.562
0 17 16945 54449 159221.609 -26934.9727 118052.031
0 13 1044 3394 158898.359 -27213.6699 118378.492
0 13 1045 3394 158918.812 -27217.1738 118354.945
0 13 1044 3395 158899.938 -27175.1484 118379.672
0 13 1045 3395 158919.203 -27178.4414 118355.234
0 18 33874 108916 159213.188 -26912.2891 118065.82
0 18 33875 108916 159213.734 -26912.3828 118065.016
0 18 33874 108917 159213.25 -26911.0879 118065.875
0 18 33875 108917 159213.781 -26911.1758 118065.055
0 10 126 436 158045.75 -23305.5742 118997.336
0 10 127 436 158225.297 -23332.0508 118823.5
0 10 126 437 158025.484 -22993.9434 118982.078
0 10 127 437 158198.547 -23019.123 118803.398
0 12 522 1712 158920.312 -26034.0664 118375.461
0 12 523 1712 158957.969 -26040.2324 118325.883
0 12 522 1713 158911.266 -25954.9883 118368.719
0 12 523 1713 158954.969 -25962.127 118323.656
0 8 44 114 166844.906 -17596.9238 108840.234
0 8 45 114 167450.125 -17660.7559 107926.836
0 8 44 115 166895.594 -16298.3975 108873.297
0 8 45 115 167576.828 -16364.9248 108008.5
0 14 2104 6814 159113.656 -26755.2578 118237.836
0 14 2105 6814 159122.219 -26756.6973 118224.773
0 14 2104 6815 159114.391 -26735.9551 118238.375
0 14 2105 6815 159124 -26737.5723 118226.102
3 5 28 24 111721.742 -143003.828 75970.7891
3 5 29 24 117827.648 -139647.578 74187.7812
3 5 28 25 109555.594 -140231.156 83262.25
3 5 29 25 115588.883 -136994.234 81340.3203
0 9 62 224 157540.469 -19384.8613 119078.438
0 9 63 224 157911.609 -19430.5293 118742.125
0 9 62 225 157520.969 -18767.1484 119063.711
0 9 63 225 157859.094 -18807.4316 118702.641
0 17 16928 54466 159206.156 -26891.0605 118081.875
0 17 16929 54466 159207.234 -26891.2422 118080.242
0 17 16928 54467 159206.391 -26888.6719 118082.047
0 17 16929 54467 159207.453 -26888.8496 118080.406
0 17 16946 54456 159223.281 -26918.248 118050.836
0 17 16947 54456 159224.375 -26918.4336 118049.211
0 17 16946 54457 159223.469 -26915.8496 118050.977
0 17 16947 54457 159224.484 -26916.0234 118049.305
4 5 20 8 48418.3984 -80697.3281 172154.312
4 5 21 8 58220.25 -79391.25 169368
4 5 20 9 49595.7656 -71638.3281 176340.484
4 5 21 9 59555.6055 -70383.9062 173252.688
0 15 4226 13600 159168.812 -27041.4062 118108.812
0 15 4227 13600 159174.188 -27042.3184 118103.086
0 15 4226 13601 159169.391 -27031.7891 118109.242
0 15 4227 13601 159174.906 -27032.7246 118103.625
0 8 30 92 155239.578 -43054.7266 118248.898
0 8 31 92 155805.156 -43211.5859 117462.477
0 8 30 93 155456.641 -41900.4219 118414.234
0 8 31 93 156027.75 -42054.3555 117630.297
0 17 16916 54458 159189.094 -26907.6113 118098.352
0 17 16917 54458 159190.078 -26907.7773 118096.664
0 17 16916 54459 159189.297 -26905.2168 118098.508
0 17 16917 54459 159190.359 -26905.3965 118096.867
0 10 122 434 157339.297 -23816.0078 119694.648
0 10 123 434 157512.578 -23842.2363 119518.812
0 10 122 435 157311.766 -23504.5918 119673.695
0 10 123 435 157489.25 -23531.1074 119501.117
0 10 120 414 157191.109 -29933.8555 120195.938
0 10 121 414 157327.234 -29959.7754 119992.75
0 10 120 415 157173.047 -29623.4336 120182.117
0 10 121 415 157330.156 -29653.0449 119994.969
0 16 8476 27218 159233.594 -26967.373 118042.695
0 16 8477 27218 159236.156 -26967.8066 118039.727
0 16 8476 27219 159233 -26962.4121 118042.25
0 16 8477 27219 159235.828 -26962.8906 118039.484
0 8 30 118 156686.797 -11629.0986 119351.273
0 8 31 118 157318.781 -11676.0029 118603.609
0 8 30 119 156615.219 -10400.2285 119296.75
0 8 31 119 157282.953 -10444.5723 118576.602
0 15 4244 13622 159263.953 -26843.7148 118004.43
0 15 4245 13622 159267.359 -26844.2871 117997.242
0 15 4244 13623 159265.156 -26834.1953 118005.336
0 15 4245 13623 159268.969 -26834.8379 117998.43
0 12 530 1688 159242.703 -27953.0059 117993.555
0 12 531 1688 159283 -27960.0781 117945.641
0 12 530 1689 159239.766 -27874.7363 117991.375
0 12 531 1689 159282.859 -27882.2773 117945.531
0 9 78 220 163316.141 -22647.3555 113236.773
0 9 79 220 163611.609 -22688.3281 112802.531
0 9 78 221 163358.219 -22015.0742 113265.953
0 9 79 221 163682.141 -22058.7266 112851.164
4 5 22 20 71606.1875 49573.5156 176261.391
4 5 23 20 80626.9609 48376.1797 172004.188
4 5 22 21 70487.1484 59642.9688 173506.828
4 5 23 21 79465.1484 58274.4375 169525.656
0 18 33858 108920 159205.562 -26906.1445 118079.602
0 18 33859 108920 159206.062 -26906.2266 118078.758
0 18 33858 108921 159205.672 -26904.9473 118079.688
0 18 33859 108921 159206.188 -26905.0352 118078.859
0 12 516 1708 158652.562 -26300.0703 118640.812
0 12 517 1708 158690.5 -26306.3574 118591.695
0 12 516 1709 158642.344 -26220.9141 118633.18
0 12 517 1709 158682 -26227.4688 118585.352
0 8 28 92 154077.844 -42732.5273 119771.445
0 8 29 92 154626.734 -42884.7617 118990.109
0 8 28 93 154271.781 -41581.0664 119922.203
0 8 29 93 154867.828 -41741.7227 119175.641
0 7 30 54 175846.969 -26102.2852 92044.9062
0 7 31 54 177021.656 -26276.6504 89893.8125
0 7 30 55 176140.828 -23393.7012 92198.7109
0 7 31 55 177298.688 -23547.4805 90034.4844
4 7 126 46 135550.641 -37954.1758 138803.844
4 7 127 46 136721.922 -37679.2695 137798.469
4 7 126 47 135707.438 -35826.7617 138964.422
4 7 127 47 136824.969 -35552.9414 137902.328
0 8 36 118 160741.031 -11929.998 114904.719
0 8 37 118 161453.938 -11982.9102 114152.984
0 8 36 119 160655.344 -10668.5186 114843.461
0 8 37 119 161368.234 -10715.8594 114092.391
0 14 2102 6812 159090.016 -26790.1211 118259.109
0 14 2103 6812 159100.109 -26791.8223 118247.203
0 14 2102 6813 159092.281 -26771.084 118260.805
0 14 2103 6813 159101.594 -26772.6504 118248.289
3 5 30 22 127840.336 -141065.203 57307.7344
3 5 31 22 133069.016 -137361.562 55803.1367
3 5 30 23 125937.008 -138964.969 65139.832
3 5 31 23 131615.938 -135861.609 63685.125
0 7 30 52 175214.406 -31483.8379 91713.7891
0 7 31 52 176374.969 -31692.377 89565.4141
0 7 30 53 175552.188 -28801.5332 91890.6016
0 7 31 53 176716.656 -28992.5762 89738.9219
0 6 20 30 188501.234 -8835.99512 67742.625
0 6 21 30 190404.562 -8925.21387 62476.4961
0 6 20 31 188475.609 -2944.9314 67733.4219
0 6 21 31 190413.141 -2975.20532 62479.3125
0 7 4 40 140936.141 -51749.9883 131026.57
0 7 5 40 141984.203 -52134.8281 129782.445
0 7 4 41 141356.312 -49695.5781 131417.188
0 7 5 41 142399.078 -50062.1758 130161.656
0 7 20 40 158254.047 -58108.9062 107563.289
0 7 21 40 159362.797 -58516.0234 105826.852
0 7 20 41 158832.406 -55839.5195 107956.406
0 7 21 41 159948.703 -56231.9727 106215.938
2 4 8 4 11532.0156 184512.25 80724.1094
2 4 9 4 34052.0508 181610.938 79454.7812
2 4 8 5 12013.9463 192223.141 60069.7266
2 4 9 5 35459.9141 189119.547 59099.8594
0 17 16916 54446 159188.406 -26936.6406 118097.852
0 17 16917 54446 159189.578 -26936.8398 118096.289
0 17 16916 54447 159188.297 -26934.1973 118097.773
0 17 16917 54447 159189.469 -26934.3926 118096.203
0 12 544 1700 159782.922 -27111.6055 117301.578
0 12 545 1700 159814.047 -27116.8867 117246.391
0 12 544 1701 159791.109 -27034.9707 117307.586
0 12 545 1701 159823.594 -27040.4648 117253.383
0 12 512 1700 158500.656 -26894.0352 118836.805
0 12 513 1700 158544.859 -26901.5312 118792.516
0 12 512 1701 158507.406 -26817.7832 118841.852
0 12 513 1701 158550.469 -26825.0664 118796.734
0 12 544 1704 159810.141 -26804.0918 117321.562
0 12 545 1704 159847.141 -26810.2988 117270.664
0 12 544 1705 159820.828 -26727.8477 117329.398
0 12 545 1705 159852.781 -26733.1914 117274.805
0 15 4216 13614 159140.312 -26900.5801 118184.805
0 15 4217 13614 159145.109 -26901.3906 118178.648
0 15 4216 13615 159142.453 -26891.2266 118186.391
0 15 4217 13615 159146.641 -26891.9355 118179.797
0 7 26 44 167159.5 -50931.4102 97945.0156
0 7 27 44 168271.453 -51270.207 95967.3125
0 7 26 45 167698.656 -48475.3945 98260.9375
0 7 27 45 168811.641 -48797.1133 96275.3906
4 5 20 16 54256.7891 6028.53174 192913.016
4 5 21 16 64989.3477 5908.12305 189059.938
4 5 20 17 53965.1719 17988.3906 191876.172
4 5 21 17 64766.6406 17663.6289 188412.047
3 4 8 6 12207.9639 -195327.422 -36623.8906
3 4 9 6 35500.6172 -189336.625 -35500.6172
3 4 8 7 12476.3369 -199621.391 -12476.3369
3 4 9 7 36344.0508 -193834.938 -12114.6836
0 13 1066 3414 159364.266 -26515.3184 117869.633
0 13 1067 3414 159382.703 -26518.3887 117844.375
0 13 1066 3415 159366.469 -26476.7793 117871.266
0 13 1067 3415 159385.547 -26479.9492 117846.477
0 5 14 18 197490.703 30857.9219 18514.7539
0 5 15 18 198264.969 30978.9023 6195.78027
0 5 14 19 195642.422 42796.7773 18341.4766
0 5 15 19 195981.578 42870.9688 6124.42432
0 16 8478 27220 159238.312 -26958.4512 118036.469
0 16 8479 27220 159241.094 -26958.9219 118033.672
0 16 8478 27221 159237.953 -26953.5293 118036.195
0 16 8479 27221 159240.734 -26954 118033.398
0 10 124 412 157713.719 -30649.4453 119363.414
0 10 125 412 157879.766 -30681.7109 119180.727
0 10 124 413 157748.391 -30348.0781 119389.648
0 10 125 413 157921.922 -30381.4629 119212.531
0 10 140 436 160581.156 -23679.4473 116515.43
0 10 141 436 160778.578 -23708.5605 116344.656
0 10 140 437 160564.734 -23363.4238 116503.523
0 10 141 437 160769.438 -23393.207 116338.031
0 13 1046 3392 158941.125 -27298.6016 118332.742
0 13 1047 3392 158965.625 -27302.8125 118312.188
0 13 1046 3393 158941.391 -27259.8457 118332.961
0 13 1047 3393 158964.328 -27263.7793 118311.211
4 6 54 30 112843.062 -7522.87061 160487.906
4 6 55 30 116149.867 -7413.82178 158161.531
4 6 54 31 112880.539 -2508.45654 160541.219
4 6 55 31 116193.414 -2472.2002 158220.812
0 15 4240 13602 159240.859 -27034.207 118026.211
0 15 4241 13602 159246.219 -27035.1152 118020.453
0 15 4240 13603 159241.562 -27024.6094 118026.727
0 15 4241 13603 159246.422 -27025.4316 118020.609
4 4 4 12 -71618.6875 92081.1719 163699.859
4 4 5 12 -52927.5234 95269.5469 169368.078
4 4 4 13 -68255.6328 107258.859 156012.891
4 4 5 13 -50349.6523 110769.234 161118.891
4 5 24 0 69695.1719 -127091.188 131190.906
4 5 25 0 76639.3203 -125043.109 129076.75
4 5 24 1 71594.7812 -122132.281 134766.656
4 5 25 1 78671.9844 -120078.297 132500.188
3 4 4 12 -71561.4453 -163569.031 92007.5781
3 4 5 12 -52857.9453 -169145.422 95144.3047
3 4 4 13 -68099.0625 -155655.016 107012.82
3 4 5 13 -50105.375 -160337.203 110231.828
0 12 512 1698 158502.391 -27049.1152 118838.094
0 12 513 1698 158541.797 -27055.8379 118790.227
0 12 512 1699 158495.812 -26970.5996 118833.164
0 12 513 1699 158538.188 -26977.8105 118787.516
0 12 522 1688 158871.188 -27887.7891 118338.867
0 12 523 1688 158914.078 -27895.3164 118293.227
0 12 522 1689 158877.344 -27811.291 118343.453
0 12 523 1689 158916.109 -27818.0781 118294.742
0 12 536 1690 159493 -27841.1855 117711.758
0 12 537 1690 159524.969 -27846.7656 117657.453
0 12 536 1691 159486.672 -27762.207 117707.094
0 12 537 1691 159524.562 -27768.8027 117657.156
0 18 33876 108904 159213.156 -26926.8613 118063.375
0 18 33877 108904 159213.75 -26926.9609 118062.602
0 18 33876 108905 159213.172 -26925.6504 118063.375
0 18 33877 108905 159213.75 -26925.748 118062.602
0 5 14 6 171935.578 -102086.742 16118.96
0 5 15 6 172047.734 -102153.344 5376.4917
0 5 14 7 177005.188 -94034.0078 16594.2363
0 5 15 7 177236.125 -94156.6953 5538.62891
0 17 16946 54452 159222.969 -26927.916 118050.617
0 17 16947 54452 159224.297 -26928.1367 118049.164
0 17 16946 54453 159222.953 -26925.4805 118050.594
0 17 16947 54453 159224.234 -26925.6992 118049.109
0 15 4246 13620 159269.172 -26864.0352 117988.852
0 15 4247 13620 159274.391 -26864.9141 117983.016
0 15 4246 13621 159271.375 -26854.6855 117990.492
0 15 4247 13621 159275.109 -26855.3125 117983.539
0 17 16936 54466 159214.375 -26892.4492 118068.523
0 17 16937 54466 159215.469 -26892.6367 118066.914
0 17 16936 54467 159214.734 -26890.082 118068.805
0 17 16937 54467 159215.844 -26890.2676 118067.188
0 11 248 852 157786.297 -26426.1211 119495.375
0 11 249 852 157889.188 -26443.3555 119419.117
0 11 248 853 157764.688 -26268.4355 119479.023
0 11 249 853 157863.719 -26284.9258 119399.844
0 8 32 92 156374.906 -43369.6055 116670.344
0 8 33 92 156930.281 -43523.6367 115858.688
0 8 32 93 156562.391 -42198.4609 116810.219
0 8 33 93 157152.141 -42357.4141 116022.484
0 13 1050 3390 159022.234 -27390.1816 118237.852
0 13 1051 3390 159043.297 -27393.8086 118214.68
0 13 1050 3391 159024.625 -27351.7715 118239.633
0 13 1051 3391 159046.516 -27355.5332 118217.07
0 15 4248 13614 159274.812 -26923.3145 117973.602
0 15 4249 13614 159279.547 -26924.1152 117967.391
0 15 4248 13615 159275.594 -26913.7246 117974.18
0 15 4249 13615 159279.062 -26914.3105 117967.031
0 7 22 64 165726.047 1294.73474 107462.984
0 7 23 64 167170.375 1306.01855 105787.492
0 7 22 65 165506.391 3879.05615 107320.547
0 7 23 65 166897.562 3911.66162 105614.859
0 7 4 62 143413.875 -3361.2627 133330.094
0 7 5 62 144535.031 -3387.53979 132114.062
0 7 4 63 143357.688 -1119.98193 133277.859
0 7 5 63 144511.125 -1128.99316 132092.203
0 9 76 222 162699.141 -21290.709 114080.055
0 9 77 222 163058.141 -21337.6855 113694.836
0 9 76 223 162693.125 -20654.4004 114075.852
0 9 77 223 163064.172 -20701.5078 113699.047
0 17 16914 54452 159186.297 -26921.7129 118101.141
0 17 16915 54452 159187.234 -26921.8711 118099.398
0 17 16914 54453 159186.469 -26919.3105 118101.273
0 17 16915 54453 159187.375 -26919.4668 118099.523
0 6 20 22 182368.031 -54140.5078 65538.5078
0 6 21 22 184095.766 -54653.4297 60406.4219
0 6 20 23 183667.812 -48786.7617 66005.6172
0 6 21 23 185420.047 -49252.1992 60840.9492
4 4 2 0 -88585.1172 -120797.891 128851.078
4 4 3 0 -75790.3125 -126317.195 134738.344
4 4 2 1 -92668 -109516.734 134789.828
4 4 3 1 -79261.9688 -114489.508 140910.172
0 18 33872 108918 159212.266 -26909.7031 118067.562
0 18 33873 108918 159212.781 -26909.793 118066.734
0 18 33872 108919 159212.328 -26908.502 118067.617
0 18 33873 108919 159212.859 -26908.5918 118066.797
0 7 8 64 147891.391 1155.40149 128249.57
0 7 9 64 149069.328 1164.60413 126941.859
0 7 8 65 147822.625 3464.59302 128189.938
0 7 9 65 149005.359 3492.31323 126887.367
4 5 28 26 107152.812 90008.3672 137155.609
4 5 29 26 112965.609 87862.1406 133885.172
4 5 28 27 105192.195 96776.8203 134646.016
4 5 29 27 110928.734 94494.8516 131471.094
0 8 18 96 148981.125 -36663.3242 127448.695
0 8 19 96 149650.344 -36828.0117 126852.055
0 8 18 97 148962.094 -35494.875 127432.422
0 8 19 97 149729.906 -35677.8281 126919.492
0 17 16922 54464 159197.656 -26894.4824 118090.133
0 17 16923 54464 159199 -26894.709 118088.703
0 17 16922 54465 159197.844 -26892.084 118090.273
0 17 16923 54465 159199.156 -26892.3086 118088.828
0 8 44 98 164544.234 -37922.3047 107339.398
0 8 45 98 165101.375 -38050.707 106413
0 8 44 99 164709.578 -36673.6172 107447.258
0 8 45 99 165274.922 -36799.4961 106524.852
0 5 10 0 139127.266 -134779.547 47825
0 5 11 0 140508.375 -136117.484 39517.9805
0 5 10 1 143362.703 -129922.445 49280.9297
0 5 11 1 144932.344 -131344.938 40762.2227
0 15 4216 13608 159133.109 -26957.6367 118179.445
0 15 4217 13608 159137.891 -26958.4473 118173.297
0 15 4216 13609 159134.422 -26948.1445 118180.422
0 15 4217 13609 159138.812 -26948.8906 118173.977
0 10 116 418 156464 -28573.0137 120862.32
0 10 117 418 156639.141 -28604.998 120691.672
0 10 116 419 156473.578 -28269.1543 120869.727
0 10 117 419 156647.625 -28300.5957 120698.219
0 6 0 10 126419.945 -84938.4062 124444.641
0 6 1 10 128185.039 -86124.3203 122176.375
0 6 0 11 127584.391 -81733.75 125590.883
0 6 1 11 129388.234 -82889.3359 123323.164
0 9 72 224 161128.797 -19826.3945 115496.617
0 9 73 224 161492.938 -19871.2012 115126.797
0 9 72 225 161097.516 -19193.2598 115474.195
0 9 73 225 161463.344 -19236.8438 115105.703
0 11 252 858 158113.281 -25554.4434 119125.391
0 11 253 858 158202.703 -25568.8926 119038.266
0 11 252 859 158120.078 -25401.125 119130.508
0 11 253 859 158212.594 -25415.9902 119045.703
0 12 518 1710 158726.094 -26157.2539 118540.805
0 12 519 1710 158779.562 -26166.0645 118503.195
0 12 518 1711 158726.406 -26079.8047 118541.039
0 12 519 1711 158775.234 -26087.8262 118499.961
0 4 14 12 140224.75 78876.4219 -113932.609
0 4 15 12 132361.656 74453.4297 -124089.047
0 4 14 13 135978.516 93485.2266 -110482.547
0 4 15 13 128427.703 88294.0469 -120400.977
0 10 140 414 160013.969 -30471.4102 116103.891
0 10 141 414 160153.766 -30498.0312 115892.523
0 10 140 415 160051.203 -30165.9004 116130.914
0 10 141 415 160186.891 -30191.4746 115916.492
0 13 1066 3392 159351.75 -27369.1289 117860.383
0 13 1067 3392 159371.062 -27372.4473 117835.766
0 13 1066 3393 159349 -27329.7539 117858.344
0 13 1067 3393 159370 -27333.3555 117834.969
4 4 2 2 -96935.9297 -96935.9297 140997.719
4 4 3 2 -83193.0234 -101680.359 147898.703
4 4 2 3 -101269.461 -82856.8281 147301.031
4 4 3 3 -87340.125 -87340.125 155271.328
0 12 514 1706 158579.859 -26442.8809 118741.312
0 12 515 1706 158625.047 -26450.418 118697.703
0 12 514 1707 158570.297 -26363.8613 118734.156
0 12 515 1707 158616.219 -26371.4961 118691.094
0 18 33846 108910 159196.734 -26916.7949 118087.625
0 18 33847 108910 159197.453 -26916.9199 118086.945
0 18 33846 108911 159196.719 -26915.5801 118087.617
0 18 33847 108911 159197.406 -26915.6973 118086.922
0 8 42 116 165358.906 -14856.4639 110454.586
0 8 43 116 166154.109 -14927.9072 109687.672
0 8 42 117 165240.969 -13554.9229 110375.812
0 8 43 117 166031.922 -13619.8057 109607
0 12 538 1712 159588.469 -26143.5215 117626.367
0 12 539 1712 159627.797 -26149.9648 117577.414
0 12 538 1713 159586.844 -26065.332 117625.164
0 12 539 1713 159622.422 -26071.1426 117573.445
0 14 2100 6800 159039.641 -27014.6074 118260.5
0 14 2101 6800 159050.812 -27016.5059 118249.391
0 14 2100 6801 159043.5 -26995.8496 118263.367
0 14 2101 6801 159054.938 -26997.7891 118252.453
0 8 18 112 149166.188 -18063.0938 127607.008
0 8 19 112 149791.047 -18138.7598 126971.312
0 8 18 113 149151.078 -16896.0195 127594.086
0 8 19 113 149759.578 -16964.9512 126944.641
0 13 1072 3398 159475.516 -27156.7812 117718.32
0 13 1073 3398 159495.766 -27160.2305 117694.328
0 13 1072 3399 159473.266 -27117.4629 117716.656
0 13 1073 3399 159495.203 -27121.1914 117693.898
0 8 26 92 152933.156 -42415.0547 121271.219
0 8 27 92 153472.75 -42564.7109 120500.094
0 8 26 93 153152.125 -41279.2812 121444.836
0 8 27 93 153714.062 -41430.7422 120689.555
0 8 46 112 167764.234 -20315.1992 106818.625
0 8 47 112 168344.141 -20385.4238 105872.688
0 8 46 113 167909.766 -19021.0273 106911.289
0 8 47 113 168460.484 -19083.4141 105945.852
0 15 4248 13612 159276.391 -26943.0273 117974.766
0 15 4249 13612 159280.234 -26943.6758 117967.906
0 15 4248 13613 159275.516 -26933.1543 117974.125
0 15 4249 13613 159279.781 -26933.877 117967.562
0 6 16 16 165622.359 -80223.3281 80223.3281
0 6 17 16 167422.656 -81095.3438 75863.3906
0 6 16 17 167348.531 -75829.7969 81059.4375
0 6 17 17 169173.25 -76656.625 76656.625
0 19 67716 217810 159204.141 -26924.4277 118078.859
0 19 67717 217810 159204.375 -26924.4668 118078.43
0 19 67716 217811 159204.156 -26923.8223 118078.867
0 19 67717 217811 159204.406 -26923.8633 118078.438
0 19 67712 217812 159203.141 -26923.041 118080.539
0 19 67713 217812 159203.438 -26923.0938 118080.148
0 19 67712 217813 159203.188 -26922.4414 118080.57
0 19 67713 217813 159203.453 -26922.4902 118080.172
0 19 67714 217812 159203.703 -26923.1367 118079.742
0 19 67715 217812 159203.938 -26923.1777 118079.305
0 19 67714 217813 159203.719 -26922.5332 118079.758
0 19 67715 217813 159203.969 -26922.5762 118079.336
0 19 67712 217814 159203.203 -26921.8379 118080.586
0 19 67713 217814 159203.469 -26921.8828 118080.18
0 19 67712 217815 159203.234 -26921.2344 118080.602
0 19 67713 217815 159203.5 -26921.2812 118080.203
0 19 67720 217808 159205.016 -26925.7891 118077.078
0 19 67721 217808 159205.25 -26925.8301 118076.641
0 19 67720 217809 159205.047 -26925.1875 118077.102
0 19 67721 217809 159205.281 -26925.2266 118076.664
0 19 67722 217808 159205.453 -26925.8633 118076.18
0 19 67723 217808 159205.672 -26925.9004 118075.742
0 19 67722 217809 159205.5 -26925.2637 118076.211
0 19 67723 217809 159205.734 -26925.3027 118075.781
0 19 67720 217810 159205.078 -26924.5879 118077.125
0 19 67721 217810 159205.312 -26924.623 118076.68
0 19 67720 217811 159205.125 -26923.9844 118077.156
0 19 67721 217811 159205.344 -26924.0215 118076.711
0 19 67724 217808 159205.938 -26925.9453 118075.32
0 19 67725 217808 159206.156 -26925.9805 118074.883
0 19 67724 217809 159205.953 -26925.3398 118075.344
0 19 67725 217809 159206.188 -26925.377 118074.906
0 19 67726 217808 159206.375 -26926.0176 118074.43
0 19 67727 217808 159206.594 -26926.0566 118073.992
0 19 67726 217809 159206.406 -26925.418 118074.461
0 19 67727 217809 159206.625 -26925.4512 118074.016
0 19 67724 217810 159205.984 -26924.7383 118075.359
0 19 67725 217810 159206.219 -26924.7773 118074.93
0 19 67724 217811 159206.016 -26924.1348 118075.391
0 19 67725 217811 159206.234 -26924.1758 118074.938
0 19 67720 217812 159205.156 -26923.3828 118077.18
0 19 67721 217812 159205.375 -26923.4199 118076.734
0 19 67720 217813 159205.188 -26922.7793 118077.203
0 19 67721 217813 159205.422 -26922.8223 118076.766
0 19 67722 217812 159205.609 -26923.4609 118076.297
0 19 67723 217812 159205.859 -26923.502 118075.867
0 19 67722 217813 159205.656 -26922.8594 118076.328
0 19 67723 217813 159205.891 -26922.8984 118075.898
0 19 67720 217814 159205.219 -26922.1797 118077.227
0 19 67721 217814 159205.469 -26922.2188 118076.797
0 19 67720 217815 159205.297 -26921.584 118077.281
0 19 67721 217815 159205.531 -26921.623 118076.852
0 19 67712 217816 159203.25 -26920.6328 118080.625
0 19 67713 217816 159203.531 -26920.6777 118080.219
0 19 67712 217817 159203.297 -26920.0332 118080.656
0 19 67713 217817 159203.547 -26920.0762 118080.242
0 19 67714 217816 159203.797 -26920.7246 118079.82
0 19 67715 217816 159204.062 -26920.7695 118079.406
0 19 67714 217817 159203.828 -26920.1211 118079.828
0 19 67715 217817 159204.109 -26920.1699 118079.438
0 19 67712 217818 159203.312 -26919.4277 118080.664
0 19 67713 217818 159203.578 -26919.4707 118080.25
0 19 67712 217819 159203.328 -26918.8223 118080.688
0 19 67713 217819 159203.609 -26918.8711 118080.281
0 19 67716 217816 159204.344 -26920.8164 118079.008
0 19 67717 217816 159204.594 -26920.8594 118078.586
0 19 67716 217817 159204.375 -26920.2129 118079.023
0 19 67717 217817 159204.625 -26920.2559 118078.609
0 19 67718 217816 159204.859 -26920.9043 118078.172
0 19 67719 217816 159205.078 -26920.9434 118077.727
0 19 67718 217817 159204.891 -26920.3027 118078.203
0 19 67719 217817 159205.141 -26920.3438 118077.766
0 19 67716 217818 159204.406 -26919.6133 118079.055
0 19 67717 217818 159204.672 -26919.6562 118078.633
0 19 67716 217819 159204.438 -26919.0098 118079.07
0 19 67717 217819 159204.703 -26919.0566 118078.656
0 19 67712 217820 159203.359 -26918.2207 118080.695
0 19 67713 217820 159203.656 -26918.2695 118080.312
0 19 67712 217821 159203.375 -26917.6152 118080.719
0 19 67713 217821 159203.688 -26917.668 118080.344
0 19 67714 217820 159203.938 -26918.3184 118079.914
0 19 67715 217820 159204.219 -26918.3633 118079.516
0 19 67714 217821 159203.969 -26917.7188 118079.938
0 19 67715 217821 159204.25 -26917.7637 118079.547
0 19 67712 217822 159203.422 -26917.0176 118080.742
0 19 67713 217822 159203.719 -26917.0684 118080.359
0 19 67712 217823 159203.438 -26916.4121 118080.766
0 19 67713 217823 159203.75 -26916.4648 118080.383
0 19 67724 217820 159206.484 -26918.75 118075.734
0 19 67725 217820 159206.719 -26918.7891 118075.305
0 19 67724 217821 159206.531 -26918.1523 118075.773
0 19 67725 217821 159206.797 -26918.1934 118075.352
0 19 67726 217820 159206.969 -26918.832 118074.875
0 19 67727 217820 159207.203 -26918.8711 118074.445
0 19 67726 217821 159207.016 -26918.2344 118074.914
0 19 67727 217821 159207.25 -26918.2734 118074.484
0 19 67724 217822 159206.625 -26917.5566 118075.836
0 19 67725 217822 159206.859 -26917.5977 118075.406
0 19 67724 217823 159206.672 -26916.957 118075.875
0 19 67725 217823 159206.906 -26916.998 118075.43
0 19 67716 217820 159204.484 -26918.4121 118079.109
0 19 67717 217820 159204.766 -26918.457 118078.711
0 19 67716 217821 159204.516 -26917.8086 118079.133
0 19 67717 217821 159204.797 -26917.8574 118078.727
0 19 67718 217820 159205.016 -26918.498 118078.289
0 19 67719 217820 159205.281 -26918.5449 118077.875
0 19 67718 217821 159205.062 -26917.9004 118078.312
0 19 67719 217821 159205.312 -26917.9453 118077.906
0 19 67716 217822 159204.562 -26917.2109 118079.172
0 19 67717 217822 159204.828 -26917.2539 118078.758
0 19 67716 217823 159204.625 -26916.6133 118079.211
0 19 67717 217823 159204.859 -26916.6543 118078.789
0 19 67720 217816 159205.328 -26920.9844 118077.305
0 19 67721 217816 159205.562 -26921.0234 118076.875
0 19 67720 217817 159205.391 -26920.3867 118077.344
0 19 67721 217817 159205.625 -26920.4258 118076.914
0 19 67722 217816 159205.812 -26921.0645 118076.453
0 19 67723 217816 159206.047 -26921.1035 118076.016
0 19 67722 217817 159205.844 -26920.4648 118076.477
0 19 67723 217817 159206.094 -26920.5039 118076.047
0 19 67720 217818 159205.422 -26919.7852 118077.375
0 19 67721 217818 159205.672 -26919.8262 118076.953
0 19 67720 217819 159205.469 -26919.1836 118077.414
0 19 67721 217819 159205.719 -26919.2285 118076.992
0 19 67724 217816 159206.281 -26921.1445 118075.578
0 19 67725 217816 159206.516 -26921.1836 118075.148
0 19 67724 217817 159206.344 -26920.5488 118075.633
0 19 67725 217817 159206.562 -26920.5859 118075.18
0 19 67726 217816 159206.734 -26921.2207 118074.703
0 19 67727 217816 159206.953 -26921.2578 118074.25
0 19 67726 217817 159206.797 -26920.625 118074.75
0 19 67727 217817 159207.016 -26920.6621 118074.312
0 19 67724 217818 159206.391 -26919.9473 118075.664
0 19 67725 217818 159206.609 -26919.9844 118075.219
0 19 67724 217819 159206.438 -26919.3496 118075.688
0 19 67725 217819 159206.672 -26919.3887 118075.266
0 19 67720 217820 159205.531 -26918.5898 118077.453
0 19 67721 217820 159205.766 -26918.627 118077.023
0 19 67720 217821 159205.578 -26917.9883 118077.492
0 19 67721 217821 159205.844 -26918.0332 118077.086
0 19 67722 217820 159206.016 -26918.668 118076.602
0 19 67723 217820 159206.25 -26918.7109 118076.172
0 19 67722 217821 159206.094 -26918.0742 118076.648
0 19 67723 217821 159206.328 -26918.1152 118076.219
0 19 67720 217822 159205.641 -26917.3926 118077.531
0 19 67721 217822 159205.891 -26917.4336 118077.109
0 19 67720 217823 159205.672 -26916.7891 118077.562
0 19 67721 217823 159205.938 -26916.832 118077.148
0 19 67728 217808 159206.828 -26926.0938 118073.555
0 19 67729 217808 159207.016 -26926.127 118073.094
0 19 67728 217809 159206.844 -26925.4883 118073.57
0 19 67729 217809 159207.062 -26925.5293 118073.133
0 19 67730 217808 159207.266 -26926.168 118072.672
0 19 67731 217808 159207.5 -26926.209 118072.234
0 19 67730 217809 159207.297 -26925.5664 118072.695
0 19 67731 217809 159207.516 -26925.6035 118072.242
0 19 67728 217810 159206.859 -26924.8867 118073.594
0 19 67729 217810 159207.094 -26924.9238 118073.141
0 19 67728 217811 159206.906 -26924.2871 118073.625
0 19 67729 217811 159207.141 -26924.3262 118073.18
0 19 67716 217812 159204.188 -26923.2188 118078.883
0 19 67717 217812 159204.438 -26923.2598 118078.461
0 19 67716 217813 159204.234 -26922.6191 118078.93
0 19 67717 217813 159204.469 -26922.6602 118078.492
0 19 67718 217812 159204.672 -26923.3008 118078.031
0 19 67719 217812 159204.922 -26923.3438 118077.609
0 19 67718 217813 159204.703 -26922.6992 118078.062
0 19 67719 217813 159204.938 -26922.7383 118077.617
0 19 67716 217814 159204.25 -26922.0156 118078.938
0 19 67717 217814 159204.5 -26922.0586 118078.516
0 19 67716 217815 159204.297 -26921.416 118078.977
0 19 67717 217815 159204.531 -26921.457 118078.539
0 19 67732 217808 159207.703 -26926.2441 118071.781
0 19 67733 217808 159207.938 -26926.2832 118071.352
0 19 67732 217809 159207.734 -26925.6406 118071.805
0 19 67733 217809 159207.969 -26925.6816 118071.359
0 19 67732 217810 159207.766 -26925.0391 118071.82
0 19 67733 217810 159208 -26925.0781 118071.391
0 19 67732 217811 159207.797 -26924.4375 118071.852
0 19 67733 217811 159208.062 -26924.4805 118071.43
0 19 67728 217812 159206.953 -26923.6875 118073.664
0 19 67729 217812 159207.188 -26923.7246 118073.219
0 19 67728 217813 159207 -26923.0879 118073.68
0 19 67729 217813 159207.219 -26923.125 118073.234
0 19 67730 217812 159207.406 -26923.7656 118072.766
0 19 67731 217812 159207.609 -26923.7969 118072.32
0 19 67730 217813 159207.469 -26923.168 118072.82
0 19 67731 217813 159207.672 -26923.2031 118072.367
0 19 67728 217814 159207.078 -26922.4941 118073.75
0 19 67729 217814 159207.297 -26922.5312 118073.297
0 19 67728 217815 159207.125 -26921.8926 118073.773
0 19 67729 217815 159207.344 -26921.9336 118073.336
0 19 67732 217812 159207.828 -26923.834 118071.867
0 19 67733 217812 159208.094 -26923.8809 118071.461
0 19 67732 217813 159207.922 -26923.2422 118071.938
0 19 67733 217813 159208.141 -26923.2812 118071.492
0 19 67734 217812 159208.312 -26923.916 118071.023
0 19 67735 217812 159208.547 -26923.957 118070.578
0 19 67734 217813 159208.359 -26923.3184 118071.047
0 19 67735 217813 159208.594 -26923.3574 118070.617
0 19 67732 217814 159207.969 -26922.6426 118071.969
0 19 67733 217814 159208.188 -26922.6797 118071.523
0 19 67732 217815 159208.031 -26922.0469 118072.023
0 19 67733 217815 159208.25 -26922.084 118071.578
0 19 67728 217816 159207.172 -26921.2949 118073.812
0 19 67729 217816 159207.391 -26921.332 118073.375
0 19 67728 217817 159207.25 -26920.6992 118073.859
0 19 67729 217817 159207.453 -26920.7363 118073.422
0 19 67730 217816 159207.641 -26921.3711 118072.945
0 19 67731 217816 159207.859 -26921.4121 118072.508
0 19 67730 217817 159207.688 -26920.7754 118072.984
0 19 67731 217817 159207.922 -26920.8164 118072.555
0 19 67728 217818 159207.297 -26920.1035 118073.906
0 19 67729 217818 159207.516 -26920.1367 118073.461
0 19 67728 217819 159207.344 -26919.5039 118073.945
0 19 67729 217819 159207.594 -26919.543 118073.516
0 19 67732 217816 159208.078 -26921.4492 118072.055
0 19 67733 217816 159208.312 -26921.4863 118071.617
0 19 67732 217817 159208.141 -26920.8496 118072.102
0 19 67733 217817 159208.359 -26920.8906 118071.664
0 19 67734 217816 159208.547 -26921.5254 118071.18
0 19 67735 217816 159208.766 -26921.5645 118070.742
0 19 67734 217817 159208.594 -26920.9297 118071.234
0 19 67735 217817 159208.844 -26920.9688 118070.797
0 19 67732 217818 159208.203 -26920.2539 118072.148
0 19 67733 217818 159208.438 -26920.293 118071.719
0 19 67732 217819 159208.281 -26919.6602 118072.211
0 19 67733 217819 159208.516 -26919.6992 118071.781
0 19 67728 217820 159207.406 -26918.9062 118073.992
0 19 67729 217820 159207.641 -26918.9434 118073.547
0 19 67728 217821 159207.5 -26918.3125 118074.055
0 19 67729 217821 159207.734 -26918.3516 118073.625
0 19 67730 217820 159207.875 -26918.9844 118073.125
0 19 67731 217820 159208.125 -26919.0273 118072.695
0 19 67730 217821 159207.953 -26918.3926 118073.188
0 19 67731 217821 159208.172 -26918.4277 118072.742
0 19 67728 217822 159207.547 -26917.7168 118074.102
0 19 67729 217822 159207.781 -26917.7539 118073.648
0 19 67728 217823 159207.594 -26917.1152 118074.133
0 19 67729 217823 159207.844 -26917.1562 118073.695
0 19 67732 217820 159208.344 -26919.0645 118072.258
0 19 67733 217820 159208.578 -26919.1035 118071.828
0 19 67732 217821 159208.422 -26918.4668 118072.312
0 19 67733 217821 159208.656 -26918.5078 118071.875
0 19 67734 217820 159208.812 -26919.1426 118071.398
0 19 67735 217820 159209.047 -26919.1816 118070.953
0 19 67734 217821 159208.875 -26918.5469 118071.43
0 19 67735 217821 159209.109 -26918.5859 118071
0 19 67732 217822 159208.484 -26917.875 118072.359
0 19 67733 217822 159208.719 -26917.9141 118071.93
0 19 67732 217823 159208.547 -26917.2754 118072.406
0 19 67733 217823 159208.781 -26917.3164 118071.977
0 19 67720 217824 159205.719 -26916.1914 118077.594
0 19 67721 217824 159205.969 -26916.2324 118077.18
0 19 67720 217825 159205.766 -26915.5898 118077.625
0 19 67721 217825 159206.031 -26915.6348 118077.219
0 19 67722 217824 159206.234 -26916.2793 118076.766
0 19 67723 217824 159206.469 -26916.3184 118076.32
0 19 67722 217825 159206.281 -26915.6777 118076.797
0 19 67723 217825 159206.531 -26915.7207 118076.375
0 19 67720 217826 159205.812 -26914.9922 118077.664
0 19 67721 217826 159206.062 -26915.0332 118077.242
0 19 67720 217827 159205.859 -26914.3926 118077.695
0 19 67721 217827 159206.125 -26914.4355 118077.281
0 19 67724 217824 159206.719 -26916.3594 118075.898
0 19 67725 217824 159206.953 -26916.3984 118075.469
0 19 67724 217825 159206.766 -26915.7617 118075.953
0 19 67725 217825 159207 -26915.8008 118075.508
0 19 67726 217824 159207.188 -26916.4375 118075.039
0 19 67727 217824 159207.406 -26916.4766 118074.602
0 19 67726 217825 159207.234 -26915.8398 118075.078
0 19 67727 217825 159207.484 -26915.8809 118074.656
0 19 67724 217826 159206.812 -26915.1602 118075.969
0 19 67725 217826 159207.062 -26915.2031 118075.547
0 19 67724 217827 159206.859 -26914.5605 118076.008
0 19 67725 217827 159207.094 -26914.6016 118075.578
0 19 67728 217824 159207.672 -26916.5215 118074.188
0 19 67729 217824 159207.906 -26916.5605 118073.758
0 19 67728 217825 159207.719 -26915.9199 118074.219
0 19 67729 217825 159207.953 -26915.9629 118073.789
0 19 67730 217824 159208.141 -26916.5977 118073.32
0 19 67731 217824 159208.375 -26916.6387 118072.883
0 19 67730 217825 159208.188 -26916.002 118073.352
0 19 67731 217825 159208.438 -26916.0449 118072.938
0 19 67728 217826 159207.766 -26915.3223 118074.258
0 19 67729 217826 159208 -26915.3613 118073.82
0 19 67728 217827 159207.844 -26914.7266 118074.305
0 19 67729 217827 159208.047 -26914.7637 118073.859
0 19 67732 217824 159208.594 -26916.6777 118072.438
0 19 67733 217824 159208.844 -26916.7188 118072.016
0 19 67732 217825 159208.672 -26916.084 118072.508
0 19 67733 217825 159208.891 -26916.1191 118072.055
0 19 67734 217824 159209.078 -26916.7578 118071.586
0 19 67735 217824 159209.312 -26916.7988 118071.156
0 19 67734 217825 159209.141 -26916.1621 118071.633
0 19 67735 217825 159209.391 -26916.2031 118071.203
0 19 67732 217826 159208.734 -26915.4883 118072.539
0 19 67733 217826 159208.969 -26915.5273 118072.109
0 19 67732 217827 159208.781 -26914.8867 118072.578
0 19 67733 217827 159209.016 -26914.9258 118072.148
0 19 67736 217816 159209.016 -26921.6074 118070.32
0 19 67737 217816 159209.266 -26921.6484 118069.906
0 19 67736 217817 159209.078 -26921.0117 118070.367
0 19 67737 217817 159209.328 -26921.0508 118069.938
0 19 67738 217816 159209.469 -26921.6855 118069.453
0 19 67739 217816 159209.719 -26921.7266 118069.031
0 19 67738 217817 159209.578 -26921.0938 118069.516
0 19 67739 217817 159209.812 -26921.1367 118069.094
0 19 67736 217818 159209.141 -26920.4141 118070.414
0 19 67737 217818 159209.375 -26920.4531 118069.984
0 19 67736 217819 159209.203 -26919.8164 118070.469
0 19 67737 217819 159209.453 -26919.8594 118070.047
0 19 67736 217820 159209.281 -26919.2246 118070.523
0 19 67737 217820 159209.516 -26919.2598 118070.078
0 19 67736 217821 159209.359 -26918.627 118070.578
0 19 67737 217821 159209.594 -26918.6699 118070.148
0 19 67738 217820 159209.766 -26919.3027 118069.656
0 19 67739 217820 159210.016 -26919.3457 118069.25
0 19 67738 217821 159209.844 -26918.7109 118069.727
0 19 67739 217821 159210.078 -26918.75 118069.297
0 19 67736 217822 159209.422 -26918.0312 118070.625
0 19 67737 217822 159209.656 -26918.0703 118070.195
0 19 67736 217823 159209.484 -26917.4355 118070.664
0 19 67737 217823 159209.734 -26917.4766 118070.242
0 19 67720 217804 159204.906 -26928.1992 118076.992
0 19 67721 217804 159205.156 -26928.2422 118076.57
0 19 67720 217805 159204.938 -26927.5957 118077.008
0 19 67721 217805 159205.156 -26927.6367 118076.57
0 19 67722 217804 159205.375 -26928.2793 118076.125
0 19 67723 217804 159205.594 -26928.3164 118075.68
0 19 67722 217805 159205.406 -26927.6758 118076.141
0 19 67723 217805 159205.625 -26927.7129 118075.703
0 19 67720 217806 159204.953 -26926.9922 118077.023
0 19 67721 217806 159205.188 -26927.0312 118076.594
0 19 67720 217807 159204.969 -26926.3887 118077.039
0 19 67721 217807 159205.203 -26926.4297 118076.609
0 19 67724 217804 159205.828 -26928.3555 118075.242
0 19 67725 217804 159206.047 -26928.3926 118074.797
0 19 67724 217805 159205.844 -26927.75 118075.266
0 19 67725 217805 159206.062 -26927.7871 118074.812
0 19 67726 217804 159206.281 -26928.4336 118074.367
0 19 67727 217804 159206.516 -26928.4707 118073.93
0 19 67726 217805 159206.297 -26927.8262 118074.383
0 19 67727 217805 159206.516 -26927.8633 118073.938
0 19 67724 217806 159205.875 -26927.1484 118075.281
0 19 67725 217806 159206.078 -26927.1855 118074.828
0 19 67724 217807 159205.875 -26926.543 118075.281
0 19 67725 217807 159206.125 -26926.5859 118074.859
0 19 67716 217824 159204.656 -26916.0137 118079.242
0 19 67717 217824 159204.938 -26916.0586 118078.836
0 19 67716 217825 159204.703 -26915.4121 118079.281
0 19 67717 217825 159204.969 -26915.4551 118078.867
0 19 67718 217824 159205.203 -26916.1035 118078.43
0 19 67719 217824 159205.469 -26916.1484 118078.023
0 19 67718 217825 159205.25 -26915.5039 118078.461
0 19 67719 217825 159205.5 -26915.5469 118078.039
0 19 67716 217826 159204.734 -26914.8125 118079.297
0 19 67717 217826 159205.016 -26914.8574 118078.898
0 19 67716 217827 159204.781 -26914.209 118079.328
0 19 67717 217827 159205.047 -26914.2539 118078.922
0 19 67710 217812 159202.625 -26922.9551 118081.383
0 19 67711 217812 159202.906 -26923 118080.977
0 19 67710 217813 159202.641 -26922.3516 118081.383
0 19 67711 217813 159202.906 -26922.3965 118080.977
0 19 67708 217814 159202.062 -26921.6465 118082.172
0 19 67709 217814 159202.359 -26921.6973 118081.789
0 19 67708 217815 159202.078 -26921.0391 118082.18
0 19 67709 217815 159202.375 -26921.0918 118081.797
0 19 67708 217816 159202.078 -26920.4355 118082.18
0 19 67709 217816 159202.375 -26920.4844 118081.797
0 19 67708 217817 159202.094 -26919.8281 118082.195
0 19 67709 217817 159202.406 -26919.8789 118081.82
0 19 67710 217816 159202.688 -26920.5371 118081.422
0 19 67711 217816 159202.984 -26920.584 118081.031
0 19 67710 217817 159202.703 -26919.9316 118081.438
0 19 67711 217817 159203 -26919.9824 118081.039
0 19 67718 217804 159204.453 -26928.123 118077.875
0 19 67719 217804 159204.688 -26928.1621 118077.438
0 19 67718 217805 159204.484 -26927.5195 118077.891
0 19 67719 217805 159204.703 -26927.5566 118077.453
0 19 67716 217806 159204.031 -26926.8379 118078.766
0 19 67717 217806 159204.266 -26926.875 118078.344
0 19 67716 217807 159204.047 -26926.2324 118078.781
0 19 67717 217807 159204.281 -26926.2734 118078.352
0 19 67736 217812 159208.781 -26923.9961 118070.148
0 19 67737 217812 159209.031 -26924.0371 118069.719
0 19 67736 217813 159208.828 -26923.3965 118070.18
0 19 67737 217813 159209.062 -26923.4375 118069.75
0 19 67736 217814 159208.891 -26922.7988 118070.227
0 19 67737 217814 159209.125 -26922.8398 118069.805
0 19 67736 217815 159208.938 -26922.2031 118070.266
0 19 67737 217815 159209.172 -26922.2422 118069.836
0 19 67724 217812 159206.062 -26923.5371 118075.422
0 19 67725 217812 159206.281 -26923.5742 118074.977
0 19 67724 217813 159206.109 -26922.9355 118075.461
0 19 67725 217813 159206.344 -26922.9785 118075.031
0 19 67726 217812 159206.516 -26923.6133 118074.539
0 19 67727 217812 159206.734 -26923.6504 118074.102
0 19 67726 217813 159206.547 -26923.0098 118074.57
0 19 67727 217813 159206.812 -26923.0566 118074.148
0 19 67724 217814 159206.156 -26922.3379 118075.484
0 19 67725 217814 159206.391 -26922.3789 118075.055
0 19 67724 217815 159206.234 -26921.7422 118075.547
0 19 67725 217815 159206.453 -26921.7812 118075.109
0 19 67728 217806 159206.75 -26927.2969 118073.5
0 19 67729 217806 159206.984 -26927.334 118073.062
0 19 67728 217807 159206.781 -26926.6934 118073.523
0 19 67729 217807 159207.016 -26926.7344 118073.094
0 19 67724 217828 159206.891 -26913.959 118076.039
0 19 67725 217828 159207.156 -26914.0059 118075.625
0 19 67724 217829 159206.938 -26913.3594 118076.062
0 19 67725 217829 159207.203 -26913.4043 118075.656
0 19 67726 217828 159207.406 -26914.0488 118075.203
0 19 67727 217828 159207.641 -26914.084 118074.766
0 19 67726 217829 159207.453 -26913.4453 118075.234
0 19 67727 217829 159207.672 -26913.4844 118074.797
0 19 67714 217824 159204.062 -26915.9102 118080.016
0 19 67715 217824 159204.375 -26915.9629 118079.633
0 19 67714 217825 159204.109 -26915.3125 118080.047
0 19 67715 217825 159204.406 -26915.3613 118079.664
0 19 67720 217828 159205.891 -26913.791 118077.727
0 19 67721 217828 159206.172 -26913.8379 118077.32
0 19 67720 217829 159205.938 -26913.1914 118077.766
0 19 67721 217829 159206.203 -26913.2344 118077.344
0 19 67722 217828 159206.422 -26913.8789 118076.906
0 19 67723 217828 159206.672 -26913.9219 118076.469
0 19 67722 217829 159206.453 -26913.2754 118076.922
0 19 67723 217829 159206.703 -26913.3203 118076.5
0 19 67710 217820 159202.766 -26918.1211 118081.477
0 19 67711 217820 159203.062 -26918.1699 118081.078
0 19 67710 217821 159202.797 -26917.5176 118081.492
0 19 67711 217821 159203.094 -26917.5684 118081.109
0 19 67728 217828 159207.875 -26914.127 118074.336
0 19 67729 217828 159208.125 -26914.168 118073.914
0 19 67728 217829 159207.906 -26913.5234 118074.359
0 19 67729 217829 159208.156 -26913.5645 118073.945
0 19 67730 217828 159208.359 -26914.207 118073.484
0 19 67731 217828 159208.594 -26914.2461 118073.055
0 19 67730 217829 159208.391 -26913.6074 118073.5
0 19 67731 217829 159208.641 -26913.6484 118073.078
0 19 67714 217806 159203.547 -26926.7559 118079.625
0 19 67715 217806 159203.781 -26926.7949 118079.195
0 19 67714 217807 159203.562 -26926.1504 118079.633
0 19 67715 217807 159203.812 -26926.1914 118079.219
0 19 67710 217810 159202.594 -26924.1641 118081.359
0 19 67711 217810 159202.859 -26924.2109 118080.945
0 19 67710 217811 159202.625 -26923.5625 118081.367
0 19 67711 217811 159202.891 -26923.6094 118080.969
0 19 67736 217824 159209.578 -26916.8438 118070.742
0 19 67737 217824 159209.812 -26916.8828 118070.305
0 19 67736 217825 159209.641 -26916.2441 118070.781
0 19 67737 217825 159209.875 -26916.2852 118070.352
0 19 67730 217806 159207.219 -26927.375 118072.641
0 19 67731 217806 159207.453 -26927.416 118072.203
0 19 67730 217807 159207.234 -26926.7715 118072.641
0 19 67731 217807 159207.453 -26926.8086 118072.203
0 19 67726 217814 159206.625 -26922.418 118074.625
0 19 67727 217814 159206.812 -26922.4492 118074.156
0 19 67726 217815 159206.672 -26921.8184 118074.664
0 19 67727 217815 159206.906 -26921.8555 118074.219
0 19 67714 217810 159203.625 -26924.3418 118079.688
0 19 67715 217810 159203.891 -26924.3828 118079.281
0 19 67714 217811 159203.672 -26923.7383 118079.719
0 19 67715 217811 159203.906 -26923.7812 118079.297
0 19 67718 217810 159204.594 -26924.502 118077.969
0 19 67719 217810 159204.844 -26924.5449 118077.555
0 19 67718 217811 159204.641 -26923.9062 118078.016
0 19 67719 217811 159204.891 -26923.9453 118077.586
0 19 67714 217814 159203.75 -26921.9277 118079.781
0 19 67715 217814 159204 -26921.9746 118079.359
0 19 67714 217815 159203.75 -26921.3242 118079.781
0 19 67715 217815 159204.031 -26921.3691 118079.375
0 19 67722 217810 159205.531 -26924.6602 118076.242
0 19 67723 217810 159205.766 -26924.7012 118075.805
0 19 67722 217811 159205.578 -26924.0625 118076.281
0 19 67723 217811 159205.812 -26924.0996 118075.828
0 19 67714 217818 159203.875 -26919.5215 118079.867
0 19 67715 217818 159204.141 -26919.5703 118079.469
0 19 67714 217819 159203.906 -26918.9219 118079.891
0 19 67715 217819 159204.172 -26918.9668 118079.484
0 19 67722 217814 159205.719 -26922.2637 118076.383
0 19 67723 217814 159205.938 -26922.3008 118075.938
0 19 67722 217815 159205.766 -26921.666 118076.422
0 19 67723 217815 159206 -26921.7051 118075.984
0 19 67718 217818 159204.922 -26919.6992 118078.219
0 19 67719 217818 159205.172 -26919.7422 118077.797
0 19 67718 217819 159204.969 -26919.0996 118078.25
0 19 67719 217819 159205.219 -26919.1426 118077.836
0 19 67726 217810 159206.438 -26924.8145 118074.492
0 19 67727 217810 159206.656 -26924.8516 118074.031
0 19 67726 217811 159206.484 -26924.2148 118074.508
0 19 67727 217811 159206.703 -26924.252 118074.07
0 19 67714 217822 159204 -26917.1152 118079.969
0 19 67715 217822 159204.297 -26917.1621 118079.57
0 19 67714 217823 159204.047 -26916.5156 118080
0 19 67715 217823 159204.328 -26916.5625 118079.602
0 19 67730 217814 159207.516 -26922.5664 118072.859
0 19 67731 217814 159207.734 -26922.6055 118072.406
0 19 67730 217815 159207.578 -26921.9707 118072.898
0 19 67731 217815 159207.797 -26922.0078 118072.453
0 19 67726 217818 159206.844 -26920.0234 118074.781
0 19 67727 217818 159207.062 -26920.0645 118074.336
0 19 67726 217819 159206.906 -26919.4277 118074.828
0 19 67727 217819 159207.125 -26919.4648 118074.391
0 19 67722 217818 159205.891 -26919.8633 118076.516
0 19 67723 217818 159206.141 -26919.9082 118076.094
0 19 67722 217819 159205.969 -26919.2695 118076.562
0 19 67723 217819 159206.203 -26919.3086 118076.133
0 19 67726 217822 159207.078 -26917.6348 118074.961
0 19 67727 217822 159207.328 -26917.6777 118074.531
0 19 67726 217823 159207.125 -26917.0371 118075
0 19 67727 217823 159207.359 -26917.0762 118074.562
0 19 67718 217822 159205.109 -26917.2988 118078.352
0 19 67719 217822 159205.359 -26917.3457 118077.945
0 19 67718 217823 159205.141 -26916.6992 118078.383
0 19 67719 217823 159205.406 -26916.7461 118077.969
0 19 67730 217818 159207.75 -26920.1777 118073.031
0 19 67731 217818 159207.984 -26920.2188 118072.602
0 19 67730 217819 159207.812 -26919.5801 118073.078
0 19 67731 217819 159208.062 -26919.623 118072.648
0 19 67730 217810 159207.312 -26924.9648 118072.703
0 19 67731 217810 159207.531 -26925.002 118072.266
0 19 67730 217811 159207.359 -26924.3633 118072.742
0 19 67731 217811 159207.578 -26924.3984 118072.289
0 19 67722 217822 159206.141 -26917.4746 118076.688
0 19 67723 217822 159206.375 -26917.5156 118076.258
0 19 67722 217823 159206.188 -26916.877 118076.727
0 19 67723 217823 159206.422 -26916.916 118076.297
0 19 67734 217810 159208.219 -26925.1172 118070.953
0 19 67735 217810 159208.453 -26925.1562 118070.523
0 19 67734 217811 159208.25 -26924.5137 118070.969
0 19 67735 217811 159208.5 -26924.5566 118070.555
0 19 67734 217814 159208.422 -26922.7207 118071.094
0 19 67735 217814 159208.641 -26922.7598 118070.656
0 19 67734 217815 159208.469 -26922.1211 118071.133
0 19 67735 217815 159208.703 -26922.1602 118070.703
0 19 67718 217814 159204.75 -26922.0996 118078.094
0 19 67719 217814 159205 -26922.1426 118077.672
0 19 67718 217815 159204.781 -26921.498 118078.125
0 19 67719 217815 159205.031 -26921.541 118077.703
0 19 67734 217826 159209.203 -26915.5664 118071.68
0 19 67735 217826 159209.453 -26915.6074 118071.25
0 19 67734 217827 159209.266 -26914.9707 118071.727
0 19 67735 217827 159209.5 -26915.0098 118071.297
0 19 67710 217818 159202.719 -26919.3281 118081.445
0 19 67711 217818 159203.016 -26919.377 118081.062
0 19 67710 217819 159202.75 -26918.7246 118081.469
0 19 67711 217819 159203.047 -26918.7754 118081.078
0 19 67730 217822 159208.016 -26917.793 118073.219
0 19 67731 217822 159208.25 -26917.832 118072.789
0 19 67730 217823 159208.078 -26917.1973 118073.266
0 19 67731 217823 159208.312 -26917.2363 118072.836
0 19 67734 217818 159208.656 -26920.334 118071.281
0 19 67735 217818 159208.906 -26920.375 118070.852
0 19 67734 217819 159208.75 -26919.7422 118071.344
0 19 67735 217819 159208.969 -26919.7754 118070.898
0 19 67722 217826 159206.328 -26915.0781 118076.836
0 19 67723 217826 159206.578 -26915.1191 118076.414
0 19 67722 217827 159206.359 -26914.4766 118076.852
0 19 67723 217827 159206.609 -26914.5176 118076.43
0 19 67730 217826 159208.25 -26915.4043 118073.406
0 19 67731 217826 159208.5 -26915.4453 118072.969
0 19 67730 217827 159208.312 -26914.8047 118073.445
0 19 67731 217827 159208.562 -26914.8496 118073.023
0 19 67734 217822 159208.953 -26917.9531 118071.5
0 19 67735 217822 159209.203 -26917.9922 118071.07
0 19 67734 217823 159209.016 -26917.3574 118071.539
0 19 67735 217823 159209.25 -26917.3965 118071.102
0 19 67718 217826 159205.297 -26914.9043 118078.492
0 19 67719 217826 159205.547 -26914.9492 118078.078
0 19 67718 217827 159205.328 -26914.3027 118078.523
0 19 67719 217827 159205.594 -26914.3477 118078.117
0 19 67726 217826 159207.297 -26915.2422 118075.117
0 19 67727 217826 159207.516 -26915.2812 118074.672
0 19 67726 217827 159207.359 -26914.6426 118075.164
0 19 67727 217827 159207.594 -26914.6855 118074.727
0 19 67710 217814 159202.656 -26921.7461 118081.398
0 19 67711 217814 159202.938 -26921.791 118081
0 19 67710 217815 159202.656 -26921.1387 118081.406
0 19 67711 217815 159202.938 -26921.1875 118081
0 19 67738 217818 159209.625 -26920.4961 118069.562
0 19 67739 217818 159209.875 -26920.5371 118069.148
0 19 67738 217819 159209.688 -26919.8984 118069.617
0 19 67739 217819 159209.938 -26919.9414 118069.18
0 19 67722 217806 159205.406 -26927.0723 118076.156
0 19 67723 217806 159205.641 -26927.1113 118075.719
0 19 67722 217807 159205.438 -26926.4668 118076.172
0 19 67723 217807 159205.656 -26926.5039 118075.719
0 19 67726 217806 159206.312 -26927.2227 118074.391
0 19 67727 217806 159206.531 -26927.2598 118073.938
0 19 67726 217807 159206.344 -26926.623 118074.422
0 19 67727 217807 159206.547 -26926.6562 118073.961
0 19 67712 217808 159203.094 -26925.4629 118080.5
0 19 67713 217808 159203.344 -26925.5039 118080.078
0 19 67712 217809 159203.109 -26924.8574 118080.523
0 19 67713 217809 159203.359 -26924.9023 118080.102
0 19 67718 217806 159204.484 -26926.916 118077.891
0 19 67719 217806 159204.719 -26926.9551 118077.461
0 19 67718 217807 159204.516 -26926.3125 118077.922
0 19 67719 217807 159204.75 -26926.3496 118077.484
0 19 67714 217808 159203.594 -26925.5488 118079.656
0 19 67715 217808 159203.828 -26925.5879 118079.227
0 19 67714 217809 159203.625 -26924.9453 118079.688
0 19 67715 217809 159203.859 -26924.9844 118079.25
0 19 67712 217810 159203.125 -26924.2539 118080.531
0 19 67713 217810 159203.375 -26924.2969 118080.109
0 19 67712 217811 159203.125 -26923.6484 118080.531
0 19 67713 217811 159203.422 -26923.6953 118080.141
0 19 67716 217808 159204.078 -26925.6289 118078.805
0 19 67717 217808 159204.312 -26925.668 118078.375
0 19 67716 217809 159204.094 -26925.0273 118078.828
0 19 67717 217809 159204.328 -26925.0664 118078.383
0 19 67718 217808 159204.547 -26925.7109 118077.945
0 19 67719 217808 159204.781 -26925.75 118077.5
0 19 67718 217809 159204.562 -26925.1055 118077.953
0 19 67719 217809 159204.797 -26925.1445 118077.523
0 6 2 10 129973 -87325.6094 119818.852
0 6 3 10 131782.062 -88541.0703 117368.398
0 6 2 11 131235.641 -84072.8359 120982.859
0 6 3 11 133131.844 -85287.5938 118570.562
4 7 126 56 136705.141 -16404.6152 139986.062
4 7 127 56 137825.031 -16278.5459 138910.25
4 7 126 57 136759.5 -14222.9883 140041.719
4 7 127 57 137866.016 -14112.2695 138951.578
0 18 33876 108914 159214.141 -26914.8809 118064.102
0 18 33877 108914 159214.688 -26914.9727 118063.281
0 18 33876 108915 159214.234 -26913.6816 118064.172
0 18 33877 108915 159214.766 -26913.7734 118063.352
0 17 16928 54440 159202.234 -26953.5566 118078.953
0 17 16929 54440 159203.109 -26953.709 118077.188
0 17 16928 54441 159202.266 -26951.1348 118078.977
0 17 16929 54441 159203.219 -26951.2969 118077.266
0 8 42 96 162973.078 -40106.6562 108860.922
0 8 43 96 163578.266 -40255.5898 107987.211
0 8 42 97 163185.938 -38884.1523 109003.109
0 8 43 97 163755.312 -39019.8203 108104.102
0 18 33868 108920 159210.375 -26906.957 118071.023
0 18 33869 108920 159210.875 -26907.0391 118070.18
0 18 33868 108921 159210.469 -26905.7578 118071.094
0 18 33869 108921 159210.953 -26905.8398 118070.234
5 4 0 0 113166.039 -113166.039 -120710.438
5 4 1 0 102229.766 -117957.414 -125821.25
5 4 0 1 117795.297 -102089.258 -125648.328
5 4 1 1 106958.906 -106958.906 -131641.719
0 18 33850 108916 159199.859 -26910.0391 118085.102
0 18 33851 108916 159200.594 -26910.1621 118084.422
0 18 33850 108917 159200.016 -26908.8496 118085.195
0 18 33851 108917 159200.719 -26908.9668 118084.508
0 18 33846 108902 159197.031 -26926.5645 118087.852
0 18 33847 108902 159197.734 -26926.6855 118087.172
0 18 33846 108903 159197.047 -26925.3535 118087.867
0 18 33847 108903 159197.766 -26925.4746 118087.18
4 6 54 20 108255.961 -55330.8203 153964.031
4 6 55 20 111595.531 -54610.5781 151959.859
4 6 54 21 109174.258 -50947.9844 155270.062
4 6 55 21 112522.617 -50276.0625 153222.281
0 9 50 216 153608.625 -23701.3301 123306.922
0 9 51 216 153949.047 -23753.8574 122978.828
0 9 50 217 153574.469 -23096.1602 123279.5
0 9 51 217 153919.344 -23148.0254 122955.102
0 8 20 114 150373.109 -15859.6641 126289.914
0 8 21 114 150987.297 -15924.4414 125626.148
0 8 20 115 150376.844 -14685.2393 126293.055
0 8 21 115 151001.5 -14746.2402 125637.961
3 5 26 26 94193.2422 -143532.562 94193.2422
3 5 27 26 100936.68 -140433.625 92159.5703
3 5 26 27 92001.3203 -140192.484 100763.359
3 5 27 27 98695.5156 -137315.516 98695.5156
0 7 24 42 163849.609 -55043.2305 101125.93
0 7 25 42 164942.484 -55410.3672 99223.2109
0 7 24 43 164403.344 -52660.4453 101467.695
0 7 25 43 165527.016 -53020.375 99574.8438
0 9 52 202 154464.156 -32280.5957 122786.938
0 9 53 202 154791.984 -32349.1055 122442.875
0 9 52 203 154485.266 -31681.5488 122803.711
0 9 53 203 154815.703 -31749.3145 122461.641
4 6 62 38 133472.781 28445.0195 140037.016
4 6 63 38 135700.375 28001.666 137854.344
4 6 62 39 132985.969 32701.4707 139526.281
4 6 63 39 135227.266 32196.9668 137373.734
0 19 67712 217824 159203.484 -26915.8125 118080.797
0 19 67713 217824 159203.781 -26915.8613 118080.406
0 19 67712 217825 159203.531 -26915.2129 118080.828
0 19 67713 217825 159203.844 -26915.2637 118080.453
0 6 10 12 148015.812 -90197.1406 99448.125
0 6 11 12 149794.547 -91281.0547 95962.1328
0 6 10 13 149519.625 -86441.0312 100458.508
0 6 11 13 151368.531 -87509.9375 96970.4688
0 17 16914 54450 159186.109 -26926.5352 118101
0 17 16915 54450 159187.078 -26926.7012 118099.289
0 17 16914 54451 159186.188 -26924.123 118101.062
0 17 16915 54451 159187.141 -26924.2812 118099.344
0 11 248 844 157822.625 -27665.1992 119522.898
0 11 249 844 157904.203 -27679.4961 119430.477
0 11 248 845 157806.734 -27508.3027 119510.867
0 11 249 845 157900.25 -27524.6016 119427.477
0 17 16914 54454 159186.656 -26916.916 118101.414
0 17 16915 54454 159187.562 -26917.0684 118099.656
0 17 16914 54455 159186.859 -26914.5215 118101.562
0 17 16915 54455 159187.734 -26914.668 118099.773
0 12 530 1714 159270.891 -25935.959 118014.445
0 12 531 1714 159306.172 -25941.7031 117962.805
0 12 530 1715 159262.562 -25856.8379 118008.266
0 12 531 1715 159311.438 -25864.7715 117966.688
0 9 80 208 163003.016 -30244.6992 111746.203
0 9 81 208 163297.922 -30299.4199 111310.508
0 9 80 209 163081.281 -29622.1875 111799.859
0 9 81 209 163397.047 -29679.541 111378.055
0 17 16930 54440 159204.094 -26953.873 118075.484
0 17 16931 54440 159205.141 -26954.0488 118073.82
0 17 16930 54441 159204.219 -26951.4668 118075.57
0 17 16931 54441 159205.266 -26951.6426 118073.922
0 14 2106 6816 159135.719 -26720.1152 118215.375
0 14 2107 6816 159145.344 -26721.7305 118203.102
0 14 2106 6817 159136.641 -26700.8438 118216.062
0 14 2107 6817 159146.906 -26702.5664 118204.273
0 15 4248 13616 159275.234 -26903.9414 117973.914
0 15 4249 13616 159279.203 -26904.6133 117967.133
0 15 4248 13617 159275.453 -26894.2598 117974.078
0 15 4249 13617 159279.953 -26895.0195 117967.688
0 13 1042 3406 158873.172 -26743.9082 118437.312
0 13 1043 3406 158898.562 -26748.1836 118417.445
0 13 1042 3407 158873.938 -26705.25 118437.891
0 13 1043 3407 158899.469 -26709.543 118418.117
0 12 512 1702 158510.125 -26740.8457 118843.898
0 12 513 1702 158552.203 -26747.9414 118798.023
0 12 512 1703 158510.656 -26663.5371 118844.297
0 12 513 1703 158549.125 -26670.0078 118795.719
0 10 116 428 156348.797 -25498.2891 120773.336
0 10 117 428 156530.938 -25527.9961 120608.312
0 10 116 429 156333.984 -25190.5352 120761.898
0 10 117 429 156529.594 -25222.0508 120607.266
0 7 12 38 148335.766 -59102.5312 119363.93
0 7 13 38 149423.344 -59535.8672 117904.359
0 7 12 39 148817.875 -56969.3438 119751.875
0 7 13 39 149899.891 -57383.5547 118280.383
0 10 146 420 161096.109 -28789.6367 115001.227
0 10 147 420 161237.422 -28814.8926 114787.188
0 10 146 421 161131.812 -28481.3047 115026.711
0 10 147 421 161279.047 -28507.3301 114816.82
0 15 4234 13626 159226.188 -26798.4746 118073.641
0 15 4235 13626 159231.297 -26799.332 118067.711
0 15 4234 13627 159227.094 -26788.9102 118074.312
0 15 4235 13627 159231.984 -26789.7324 118068.227
0 18 33852 108896 159200.25 -26934.3945 118082.961
0 18 33853 108896 159200.844 -26934.498 118082.18
0 18 33852 108897 159200.422 -26933.209 118083.07
0 18 33853 108897 159200.984 -26933.3047 118082.273
0 13 1042 3396 158862.344 -27129.9355 118429.242
0 13 1043 3396 158882.391 -27133.3594 118405.391
0 13 1042 3397 158862.562 -27091.1875 118429.406
0 13 1043 3397 158888.25 -27095.5684 118409.758
0 7 28 46 170418.062 -46598.6875 94528.7656
0 7 29 46 171527.984 -46902.1836 92464.2969
0 7 28 47 170902.547 -44060.8125 94797.5078
0 7 29 47 172003.375 -44344.6211 92720.5703
0 16 8470 27214 159215.234 -26983.6973 118058.234
0 16 8471 27214 159217.906 -26984.1484 118055.352
0 16 8470 27215 159215.703 -26978.918 118058.578
0 16 8471 27215 159218.328 -26979.3613 118055.672
0 14 2110 6818 159178.328 -26688.4082 118169.312
0 14 2111 6818 159187.969 -26690.0215 118157.031
0 14 2110 6819 159178.953 -26669.082 118169.781
0 14 2111 6819 159188.141 -26670.6191 118157.156
0 17 16920 54442 159193.172 -26947.1641 118091.664
0 17 16921 54442 159194.375 -26947.3691 118090.125
0 17 16920 54443 159193.094 -26944.7207 118091.609
0 17 16921 54443 159194.219 -26944.9141 118090.016
0 9 56 222 155523.781 -20351.7461 121199.203
0 9 57 222 155877.594 -20398.043 120866.023
0 9 56 223 155499.266 -19741.1191 121180.102
0 9 57 223 155852.891 -19786.0117 120846.859
0 17 16946 54458 159223.562 -26913.4395 118051.039
0 17 16947 54458 159224.562 -26913.6074 118049.352
0 17 16946 54459 159223.594 -26911.0117 118051.07
0 17 16947 54459 159224.594 -26911.1816 118049.367
5 4 0 2 122189.109 -89605.3516 -130335.047
5 4 1 2 111506.961 -94352.0469 -137239.344
5 4 0 3 126399.32 -75839.5859 -134825.938
5 4 1 3 115697.82 -80098.4922 -142397.328
0 11 250 856 157909.281 -25829.8867 119280.102
0 11 251 856 158007.703 -25845.9844 119200.148
0 11 250 857 157921.094 -25677.5996 119289.023
0 11 251 857 158009.844 -25692.0293 119201.758
0 10 136 412 159376.641 -30972.6074 116886.578
0 10 137 412 159512.141 -30998.9414 116674.406
0 10 136 413 159438.656 -30673.2559 116932.055
0 10 137 413 159560.922 -30696.7812 116710.094
0 13 1062 3390 159259.172 -27430.9941 117947.445
0 13 1063 3390 159280.797 -27434.7168 117924.562
0 13 1062 3391 159256.453 -27391.6445 117945.422
0 13 1063 3391 159277.625 -27395.2832 117922.219
0 16 8474 27216 159227.375 -26976.0371 118047.797
0 16 8475 27216 159230.25 -26976.5215 118045.062
0 16 8474 27217 159227.953 -26971.2754 118048.219
0 16 8475 27217 159230.938 -26971.7793 118045.578
0 15 4236 13600 159218.375 -27049.8242 118048.414
0 15 4237 13600 159223.328 -27050.668 118042.367
0 15 4236 13601 159217.734 -27040 118047.945
0 15 4237 13601 159223.641 -27041.0039 118042.609
0 5 0 28 123088.227 96162.6797 119241.727
0 5 1 28 126001.008 98438.2891 114188.414
0 5 0 29 120825.5 101946.516 117049.703
0 5 1 29 123558.555 104252.531 111974.938
0 15 4232 13626 159216.953 -26796.9219 118086.234
0 15 4233 13626 159221.953 -26797.7637 118080.227
0 15 4232 13627 159217.5 -26787.293 118086.641
0 15 4233 13627 159222.484 -26788.1348 118080.609
0 14 2106 6794 159085.328 -27138.8867 118177.953
0 14 2107 6794 159096.172 -27140.7363 118166.586
0 14 2106 6795 159087.906 -27119.9023 118179.859
0 14 2107 6795 159098.203 -27121.6602 118168.094
0 8 28 118 155345.703 -11529.5645 120757.016
0 8 29 118 156003.594 -11578.3916 120049.633
0 8 28 119 155301.547 -10312.9932 120722.688
0 8 29 119 155959.078 -10356.6572 120015.391
0 7 10 38 146218.562 -58258.957 122229.57
0 7 11 38 147266.953 -58676.6758 120804.914
0 7 10 39 146663.844 -56144.7539 122601.812
0 7 11 39 147739.594 -56556.5625 121192.633
0 7 30 56 176369.5 -20668.3008 92318.4141
0 7 31 56 177532.406 -20804.5781 90153.1719
0 7 30 57 176572.891 -17933.1855 92424.8672
0 7 31 57 177740.906 -18051.8105 90259.0547
0 19 67738 217814 159209.375 -26922.8789 118069.367
0 19 67739 217814 159209.609 -26922.9219 118068.945
0 19 67738 217815 159209.422 -26922.2832 118069.414
0 19 67739 217815 159209.672 -26922.3223 118068.984
2 4 14 12 116671.148 143595.266 -80772.3359
2 4 15 12 127517.25 136018.391 -76510.3438
2 4 14 13 112408.234 138348.594 -95114.6562
2 4 15 13 123192.086 131404.891 -90340.8672
0 11 254 838 158276.922 -28672.2363 118939.531
0 11 255 838 158362.953 -28687.8203 118849.539
0 11 254 839 158292.781 -28520.5254 118951.461
0 11 255 839 158365.312 -28533.5938 118851.312
4 6 58 14 115006.633 -75947.7812 138875.938
4 6 59 14 117916.039 -75037.4766 137211.391
4 6 58 15 116027.141 -72243.3125 140108.25
4 6 59 15 118905.062 -71343.0312 138362.25
0 6 18 18 172670.312 -72845.2891 72845.2891
0 6 19 18 174444.328 -73593.7031 68142.3203
0 6 18 19 174280.469 -68078.3125 73524.5703
0 6 19 19 176110.734 -68793.2578 68793.2578
0 16 8480 27232 159237.984 -26900.084 118026.508
0 16 8481 27232 159240.125 -26900.4414 118023.227
0 16 8480 27233 159237.984 -26895.2227 118026.516
0 16 8481 27233 159240.188 -26895.5938 118023.281
0 18 33868 108896 159209.094 -26935.8906 118070.078
0 18 33869 108896 159209.656 -26935.9863 118069.273
0 18 33868 108897 159209.016 -26934.666 118070.023
0 18 33869 108897 159209.594 -26934.7617 118069.234
0 5 12 2 150718.406 -127168.656 32969.6523
0 5 13 2 151651.375 -127955.844 23695.5273
0 5 12 3 155501.875 -121485.836 34016.0352
0 5 13 3 156301.625 -122110.641 24422.127
0 16 8456 27214 159183.875 -26978.3809 118102.984
0 16 8457 27214 159186.141 -26978.7656 118099.805
0 16 8456 27215 159184.016 -26973.5508 118103.102
0 16 8457 27215 159186.266 -26973.9277 118099.898
0 12 528 1714 159176.797 -25920.6348 118100.164
0 12 529 1714 159224.109 -25928.3398 118057.523
0 12 528 1715 159175.484 -25842.6992 118099.195
0 12 529 1715 159216.531 -25849.3633 118051.906
0 8 16 98 147673.375 -34034.0977 128637.359
0 8 17 98 148360.25 -34192.4023 128076.633
0 8 16 99 147730.281 -32893.0703 128686.922
0 8 17 99 148355.859 -33032.3594 128072.836
0 19 67734 217808 159208.172 -26926.3223 118070.914
0 19 67735 217808 159208.406 -26926.3613 118070.469
0 19 67734 217809 159208.203 -26925.7207 118070.93
0 19 67735 217809 159208.422 -26925.7559 118070.492
5 4 0 4 129291.711 -60336.1367 -137911.172
5 4 1 4 119423.422 -64304.9219 -146982.672
5 4 0 5 131456.359 -43818.7891 -140220.125
5 4 1 5 121511.711 -46735.2734 -149552.875
0 18 33848 108914 159198.234 -26912.1934 118086.312
0 18 33849 108914 159198.953 -26912.3125 118085.633
0 18 33848 108915 159198.312 -26910.9922 118086.383
0 18 33849 108915 159199.047 -26911.1152 118085.703
0 15 4218 13604 159137.25 -26997.1934 118163.109
0 15 4219 13604 159141.234 -26997.8691 118156.352
0 15 4218 13605 159139.406 -26987.8418 118164.695
0 15 4219 13605 159143.953 -26988.6172 118158.367
0 11 272 862 159865.156 -25213.1074 117322.922
0 11 273 862 159944.469 -25225.6152 117224.922
0 11 272 863 159867.062 -25057.2871 117324.305
0 11 273 863 159951.188 -25070.4746 117229.844
4 4 2 4 -105320.523 -67022.1484 153193.484
4 4 3 4 -91526.2969 -71187.1172 162713.406
4 4 2 5 -108776.688 -49443.9492 158220.641
4 4 3 5 -94538.5078 -52521.3945 168068.453
0 9 50 204 153770.531 -30934.3066 123436.891
0 9 51 204 154128.641 -31006.3477 123122.289
0 9 50 205 153764.766 -30332.502 123432.258
0 9 51 205 154113.844 -30401.3652 123110.477
0 15 4242 13624 159258.906 -26823.4219 118020.141
0 15 4243 13624 159262.266 -26823.9883 118012.914
0 15 4242 13625 159259.109 -26813.7363 118020.289
0 15 4243 13625 159264.234 -26814.5977 118014.367
0 7 30 50 174450.891 -36798.2383 91314.1406
0 7 31 50 175588.547 -37038.207 89166.0547
0 7 30 51 174858.625 -34152.0742 91527.5547
0 7 31 51 175986.875 -34372.4375 89368.3359
0 12 532 1714 159346.078 -25948.2012 117914.547
0 12 533 1714 159393.188 -25955.875 117871.57
0 12 532 1715 159351.406 -25871.2617 117918.484
0 12 533 1715 159391.875 -25877.834 117870.609
0 14 2122 6794 159250.172 -27167.0078 117989.375
0 14 2123 6794 159257.516 -27168.2578 117975.375
0 14 2122 6795 159250.906 -27147.6895 117989.914
0 14 2123 6795 159257.891 -27148.8828 117975.641
0 17 16926 54440 159200.469 -26953.2598 118082.516
0 17 16927 54440 159201.359 -26953.4102 118080.742
0 17 16926 54441 159200.375 -26950.8145 118082.438
0 17 16927 54441 159201.328 -26950.9766 118080.719
0 12 512 1696 158498.344 -27203.207 118835.062
0 12 513 1696 158538.219 -27210.0508 118787.539
0 12 512 1697 158500.266 -27126.1445 118836.508
0 12 513 1697 158542.078 -27133.2988 118790.438
0 11 270 838 159495.594 -28893 117363.211
0 11 271 838 159564 -28905.3945 117257.727
0 11 270 839 159505.922 -28739.1016 117370.805
0 11 271 839 159573.734 -28751.3223 117264.875
0 7 26 62 172290.094 -4038.04932 100951.219
0 7 27 62 173756.938 -4072.42822 99095.7578
0 7 26 63 171923.078 -1343.14905 100736.172
0 7 27 63 173451.672 -1355.09119 98921.6641
0 7 28 60 174755.719 -9556.95312 96934.8125
0 7 29 60 175868.969 -9617.83398 94804.3672
0 7 28 61 174907.469 -6832.32324 97018.9844
0 7 29 61 176010.172 -6875.39746 94880.4844
0 19 67708 217812 159202.047 -26922.8574 118082.156
0 19 67709 217812 159202.344 -26922.9082 118081.773
0 19 67708 217813 159202.062 -26922.2539 118082.172
0 19 67709 217813 159202.359 -26922.3027 118081.781
0 9 80 218 163758.641 -23988.082 112264.219
0 9 81 218 164069.328 -24033.5918 111836.32
0 9 80 219 163818.719 -23356.9648 112305.406
0 9 81 219 164162.547 -23405.9863 111899.859
0 7 0 42 137449.734 -46174.5195 136375.906
0 7 1 42 138525.781 -46536.0039 135279.078
0 7 0 43 137534.188 -44053.918 136459.703
0 7 1 43 138614.172 -44399.8555 135365.406
4 4 4 14 -64814.3984 120369.602 148147.203
4 4 5 14 -47676.9492 123960.062 152566.234
4 4 4 15 -61349.9453 131464.156 140228.438
4 4 5 15 -45127.75 135383.25 144408.797
0 7 14 38 150491.438 -59961.4375 116395.734
0 7 15 38 151568.781 -60390.6836 114860.711
0 7 14 39 151008.844 -57808.0742 116795.906
0 7 15 39 152116.25 -58232.0039 115275.602
0 16 8448 27224 159167.031 -26926.9551 118129.352
0 16 8449 27224 159169.156 -26927.3145 118126.078
0 16 8448 27225 159167.219 -26922.1289 118129.492
0 16 8449 27225 159169.344 -26922.4883 118126.219
0 17 16926 54466 159203.578 -26890.623 118084.82
0 17 16927 54466 159204.953 -26890.8555 118083.398
0 17 16926 54467 159203.812 -26888.2344 118084.992
0 17 16927 54467 159205.172 -26888.4648 118083.562
0 16 8458 27238 159195.359 -26863.7305 118101.797
0 16 8459 27238 159197.5 -26864.0918 118098.523
0 16 8458 27239 159196.094 -26858.9961 118102.344
0 16 8459 27239 159198.406 -26859.3867 118099.203
0 6 4 10 133666.906 -89807.4453 114869.992
0 6 5 10 135583.547 -91095.1953 112280.125
0 6 4 11 135075.656 -86532.8359 116080.633
0 6 5 11 137111.781 -87837.2266 113545.688
0 6 12 38 164768.031 33468.5039 100405.516
0 6 13 38 167135.906 33949.4805 96625.4453
0 6 12 39 163830.609 38397.8008 99834.2812
0 6 13 39 166155.047 38942.5898 96058.3828
0 11 280 852 160474.516 -26876.3477 116516.406
0 11 281 852 160546.75 -26888.4453 116412.086
0 11 280 853 160501.422 -26724.1133 116535.945
0 11 281 853 160577.891 -26736.8457 116434.648
0 11 280 850 160409.594 -27178.7754 116469.281
0 11 281 850 160482.359 -27191.1035 116365.383
0 11 280 851 160442.938 -27027.7402 116493.484
0 11 281 851 160511.406 -27039.2754 116386.445
4 6 60 12 118624.172 -81163.9141 133192.062
4 6 61 12 121341.719 -80208.9375 131624.922
4 6 60 13 119656.891 -77672.0156 134351.594
4 6 61 13 122402.117 -76760.6484 132775.172
0 8 20 94 150120.828 -39289.4336 126078.039
0 8 21 94 150703.828 -39442.0156 125390.297
0 8 20 95 150268.953 -38154.2266 126202.445
0 8 21 95 150833.469 -38297.5625 125498.156
0 16 8474 27238 159229.578 -26869.5039 118049.438
0 16 8475 27238 159231.562 -26869.8418 118046.047
0 16 8474 27239 159230.234 -26864.7578 118049.93
0 16 8475 27239 159232.125 -26865.0781 118046.469
0 8 38 118 162163.656 -12035.584 113387.859
0 8 39 118 162901.344 -12090.334 112631.008
0 8 38 119 162086.016 -10763.5244 113333.578
0 8 39 119 162796.734 -10810.7207 112558.68
0 11 276 842 160000.906 -28359.5352 116797.539
0 11 277 842 160078.016 -28373.2031 116697.492
0 11 276 843 160007.359 -28204.4219 116802.25
0 11 277 843 160082.984 -28217.752 116701.125
0 16 8448 27226 159167.5 -26917.3203 118129.695
0 16 8449 27226 159169.656 -26917.6855 118126.445
0 16 8448 27227 159167.781 -26912.5078 118129.906
0 16 8449 27227 159169.969 -26912.8789 118126.672
0 14 2124 6818 159291.734 -26707.4219 117981.266
0 14 2125 6818 159299.375 -26708.7012 117967.484
0 14 2124 6819 159292.125 -26688.043 117981.57
0 14 2125 6819 159301.094 -26689.5449 117968.766
0 12 532 1688 159321.047 -27966.7559 117896.008
0 12 533 1688 159362.25 -27973.9883 117848.695
0 12 532 1689 159331.766 -27890.8398 117903.953
0 12 533 1689 159370 -27897.5312 117854.43
0 8 34 92 157547.562 -43694.8281 115083.562
0 8 35 92 158097.641 -43847.3906 114250.25
0 8 34 93 157756.875 -42520.4102 115236.469
0 8 35 93 158324.422 -42673.3789 114414.133
0 14 2128 6798 159308.516 -27099.1719 117915.906
0 14 2129 6798 159320.656 -27101.2363 117905.445
0 14 2128 6799 159310.766 -27080.1074 117917.586
0 14 2129 6799 159322.781 -27082.1504 117907.039
0 15 4236 13626 159235.578 -26800.0547 118061.164
0 15 4237 13626 159239.516 -26800.7188 118054.367
0 15 4236 13627 159236.234 -26790.4473 118061.656
0 15 4237 13627 159240.562 -26791.1758 118055.148
0 13 1070 3412 159439.438 -26605.6777 117769.539
0 13 1071 3412 159458.922 -26608.9297 117745.008
0 13 1070 3413 159440.984 -26567.0078 117770.68
0 13 1071 3413 159460.828 -26570.3145 117746.398
0 19 67710 217822 159202.812 -26916.9121 118081.516
0 19 67711 217822 159203.109 -26916.9629 118081.133
0 19 67710 217823 159202.828 -26916.3105 118081.523
0 19 67711 217823 159203.141 -26916.3633 118081.148
0 16 8452 27234 159179.484 -26880.4844 118119.172
0 16 8453 27234 159181.891 -26880.8906 118116.094
0 16 8452 27235 159179.562 -26875.6387 118119.227
0 16 8453 27235 159182.188 -26876.082 118116.312
0 19 67718 217828 159205.359 -26913.6992 118078.539
0 19 67719 217828 159205.625 -26913.7461 118078.133
0 19 67718 217829 159205.391 -26913.0996 118078.57
0 19 67719 217829 159205.672 -26913.1445 118078.164
0 15 4224 13600 159159.344 -27039.7988 118121.227
0 15 4225 13600 159163.75 -27040.5449 118114.781
0 15 4224 13601 159160.578 -27030.293 118122.125
0 15 4225 13601 159164.609 -27030.9766 118115.414
0 14 2132 6808 159346.25 -26911.0762 117866.047
0 14 2133 6808 159355.078 -26912.5684 117853.125
0 14 2132 6809 159346.188 -26891.6152 117865.984
0 14 2133 6809 159355.047 -26893.1074 117853.094
0 5 6 26 146998.719 96467.9141 87280.4922
0 5 7 26 150479.109 98751.9219 79942.0312
0 5 6 27 143829.234 103377.266 85398.6094
0 5 7 27 147212.453 105808.953 78206.6094
5 4 0 6 132977.188 -26595.4375 -141842.328
5 4 1 6 122790.938 -28336.3711 -151127.297
5 4 0 7 133590.625 -8906.04102 -142496.656
5 4 1 7 123133.297 -9471.79102 -151548.656
0 9 62 198 157068.203 -35278.9883 118721.477
0 9 63 198 157360.547 -35344.6562 118327.758
0 9 62 199 157159.781 -34685.6523 118790.688
0 9 63 199 157453.156 -34750.4062 118397.391
0 9 64 198 157627.203 -35404.5469 117912.531
0 9 65 198 157891.484 -35463.9062 117493.461
0 9 64 199 157749.531 -34815.8125 118004.047
0 9 65 199 158013.438 -34874.0586 117584.211
0 14 2132 6806 159344.609 -26949.7012 117864.828
0 14 2133 6806 159351.109 -26950.8008 117850.188
0 14 2132 6807 159344.359 -26930.207 117864.633
0 14 2133 6807 159353.516 -26931.7539 117851.953
0 19 67708 217818 159202.109 -26919.2227 118082.203
0 19 67709 217818 159202.406 -26919.2754 118081.828
0 19 67708 217819 159202.109 -26918.6191 118082.203
0 19 67709 217819 159202.438 -26918.6699 118081.844
0 12 544 1698 159775.422 -27266.3633 117296.07
0 12 545 1698 159806.297 -27271.6309 117240.703
0 12 544 1699 159775.328 -27188.332 117296
0 12 545 1699 159807.562 -27193.8184 117241.633
0 6 18 34 183910.062 14367.9746 77587.0547
0 6 19 34 185785.562 14514.4961 72572.4844
0 6 18 35 183280.906 20046.3496 77321.6328
0 6 19 35 185466.047 20285.3496 72447.6719
0 9 60 224 156871.875 -19302.5938 119798.633
0 9 61 224 157184.25 -19341.0293 119423.188
0 9 60 225 156823.047 -18683.9941 119761.352
0 9 61 225 157166.469 -18724.9121 119409.688
0 12 544 1706 159826.078 -26650.6855 117333.25
0 12 545 1706 159856.547 -26655.7656 117277.562
0 12 544 1707 159833 -26573.7988 117338.336
0 12 545 1707 159860.359 -26578.3457 117280.367
0 19 67736 217810 159208.703 -26925.1992 118070.094
0 19 67737 217810 159208.938 -26925.2383 118069.656
0 19 67736 217811 159208.734 -26924.5957 118070.117
0 19 67737 217811 159208.984 -26924.6387 118069.688
0 17 16938 54442 159214.062 -26950.7012 118063.438
0 17 16939 54442 159215.422 -26950.9316 118062.023
0 17 16938 54443 159214.047 -26948.2695 118063.422
0 17 16939 54443 159215.297 -26948.4805 118061.93
0 9 72 200 160066.25 -34701.8672 114734.992
0 9 73 200 160378.203 -34769.4922 114332.117
0 9 72 201 160163.016 -34097.2031 114804.352
0 9 73 201 160469.812 -34162.5195 114397.422
0 13 1050 3414 159073.188 -26466.8887 118275.727
0 13 1051 3414 159098.844 -26471.1582 118255.977
0 13 1050 3415 159070.516 -26427.6113 118273.742
0 13 1051 3415 159091.844 -26431.1504 118250.766
0 19 67710 217808 159202.562 -26925.373 118081.328
0 19 67711 217808 159202.828 -26925.4199 118080.914
0 19 67710 217809 159202.578 -26924.7695 118081.336
0 19 67711 217809 159202.844 -26924.8145 118080.93
2 4 6 2 -30834.6914 164451.688 113060.539
2 4 7 2 -10388.3965 166214.344 114272.367
2 4 6 3 -32573.4648 173725.156 97720.3984
2 4 7 3 -10979.8984 175678.375 98819.0781
0 9 48 210 152946.219 -27183.8008 123970.086
0 9 49 210 153313.609 -27249.0996 123668.992
0 9 48 211 153004.734 -26596.5273 124017.508
0 9 49 211 153314.578 -26650.3867 123669.773
0 6 14 14 158533.984 -86698.2734 86698.2734
0 6 15 14 160349.109 -87690.9141 82680.0078
0 6 14 15 160235.891 -82621.6328 87629.0078
0 6 15 15 162098.359 -83581.9688 83581.9688
3 4 2 14 -93655.125 -136225.641 110683.328
3 4 3 14 -80023.0938 -142263.281 115588.914
3 4 2 15 -88958.9062 -129394.766 121307.594
3 4 3 15 -75910.6953 -134952.344 126517.828
0 15 4220 13602 159144.203 -27017.7969 118148.828
0 15 4221 13602 159148.922 -27018.5977 118142.625
0 15 4220 13603 159145.391 -27008.2852 118149.719
0 15 4221 13603 159149.453 -27008.9746 118143.016
0 10 144 434 161268.141 -24410.7051 115753.992
0 10 145 434 161422.875 -24434.125 115549.773
0 10 144 435 161287.688 -24098.6484 115768.023
0 10 145 435 161441 -24121.5566 115562.75
0 17 16932 54440 159206.234 -26954.2363 118072.211
0 17 16933 54440 159207.391 -26954.4336 118070.641
0 17 16932 54441 159206.375 -26951.8301 118072.32
0 17 16933 54441 159207.531 -26952.0273 118070.742
0 19 67714 217826 159204.172 -26914.7129 118080.094
0 19 67715 217826 159204.453 -26914.7617 118079.688
0 19 67714 217827 159204.188 -26914.1113 118080.102
0 19 67715 217827 159204.484 -26914.1621 118079.719
0 15 4224 13624 159179.203 -26809.998 118135.953
0 15 4225 13624 159183.766 -26810.7676 118129.625
0 15 4224 13625 159180.781 -26800.5488 118137.133
0 15 4225 13625 159184.75 -26801.2168 118130.359
3 4 6 8 -36986.7188 -197262.484 12328.9053
3 4 7 8 -12540.9404 -200655.047 12540.9404
3 4 6 9 -36537.8398 -194868.484 36537.8398
3 4 7 9 -12334.1992 -197347.188 37002.6016
0 4 14 14 131261.625 106650.078 -106650.078
0 4 15 14 124849.562 101440.266 -117046.461
0 4 14 15 126017.594 118141.484 -102389.289
0 4 15 15 120668.203 113126.438 -113126.438
2 4 12 10 95648.0078 170040.891 -53137.7812
2 4 13 10 110941.727 161369.781 -50428.0586
2 4 12 11 92428.8828 164318.016 -71889.1328
2 4 13 11 108072.969 157197.047 -68773.7031
0 11 254 860 158293.312 -25274.3711 118951.867
0 11 255 860 158379.734 -25288.1699 118862.133
0 11 254 861 158281.422 -25117.9023 118942.922
0 11 255 861 158371.625 -25132.2148 118856.055
0 11 258 862 158622.266 -25017.084 118579.438
0 11 259 862 158718.031 -25032.1895 118496.039
0 11 258 863 158630.078 -24863.4062 118585.273
0 11 259 863 158723.375 -24878.0312 118500.023
0 13 1058 3416 159235.422 -26416.1289 118085.344
0 13 1059 3416 159254.5 -26419.2949 118060.625
0 13 1058 3417 159232.797 -26376.8184 118083.398
0 13 1059 3417 159251.828 -26379.9707 118058.641
0 14 2100 6810 159066.906 -26825.0645 118280.773
0 14 2101 6810 159076.859 -26826.7441 118268.758
0 14 2100 6811 159067.125 -26805.6816 118280.922
0 14 2101 6811 159078.016 -26807.5195 118269.617
4 5 22 2 58081.0508 -120629.867 142968.734
4 5 23 2 65972.7891 -118751.023 140741.953
4 5 22 3 59703.4336 -114814.297 146962.297
4 5 23 3 67768.6953 -112947.82 144573.203
0 18 33856 108920 159204.453 -26905.9551 118081.211
0 18 33857 108920 159205.016 -26906.0508 118080.422
0 18 33856 108921 159204.562 -26904.7598 118081.289
0 18 33857 108921 159205.125 -26904.8555 118080.492
0 19 67716 217804 159203.969 -26928.041 118078.727
0 19 67717 217804 159204.219 -26928.084 118078.305
0 19 67716 217805 159204.016 -26927.4414 118078.766
0 19 67717 217805 159204.234 -26927.4805 118078.32
0 7 8 38 144205.688 -57456.9531 125053.367
0 7 9 38 145187.672 -57848.2109 123636.383
0 7 8 39 144612.891 -55359.6172 125406.484
0 7 9 39 145633.188 -55750.2031 124015.766
0 8 46 100 166054.562 -35675.7812 105730.047
0 8 47 100 166608.484 -35794.7891 104781.125
0 8 46 101 166209.469 -34410.5547 105828.688
0 8 47 101 166787.969 -34530.3242 104893.992
0 18 33852 108918 159201.578 -26907.8984 118083.93
0 18 33853 108918 159202.266 -26908.0156 118083.234
0 18 33852 108919 159201.688 -26906.7031 118084.023
0 18 33853 108919 159202.391 -26906.8223 118083.32
0 13 1060 3416 159272.312 -26422.252 118034.938
0 13 1061 3416 159289.719 -26425.1387 118008.953
0 13 1060 3417 159270.891 -26383.1309 118033.883
0 13 1061 3417 159289.438 -26386.2012 118008.742
4 6 56 16 110947.352 -70191.1797 144910.828
4 6 57 16 114022.883 -69308.0234 143087.531
4 6 56 17 111914.656 -66235.2109 146174.25
4 6 57 17 115013.641 -65399.9141 144330.844
0 16 8480 27222 159242.625 -26949.4609 118029.945
0 16 8481 27222 159244.812 -26949.834 118026.703
0 16 8480 27223 159241.938 -26944.4863 118029.43
0 16 8481 27223 159244.156 -26944.8633 118026.219
4 6 56 34 119001.914 12143.0527 155431.062
4 6 57 34 121974.133 11958.248 153065.578
4 6 56 35 118741.273 16963.0391 155090.641
4 6 57 35 121709.836 16705.2715 152733.906
0 8 16 110 147914.578 -20222.6953 128847.469
0 8 17 110 148544.531 -20308.8223 128235.719
0 8 16 111 147933.688 -19069.5762 128864.109
0 8 17 111 148545.625 -19148.459 128236.648
0 18 33874 108900 159212.219 -26931.5625 118065.117
0 18 33875 108900 159212.797 -26931.6602 118064.312
0 18 33874 108901 159212.125 -26930.334 118065.039
0 18 33875 108901 159212.703 -26930.4297 118064.258
0 19 67738 217822 159209.906 -26918.1113 118069.766
0 19 67739 217822 159210.156 -26918.1562 118069.344
0 19 67738 217823 159209.969 -26917.5156 118069.812
0 19 67739 217823 159210.219 -26917.5566 118069.391
0 19 67712 217806 159203.062 -26926.6719 118080.477
0 19 67713 217806 159203.312 -26926.7148 118080.062
0 19 67712 217807 159203.062 -26926.0645 118080.492
0 19 67713 217807 159203.312 -26926.1094 118080.07
4 5 30 28 114244.039 98486.2344 126062.383
4 5 31 28 119235.922 96158 123082.234
4 5 30 29 112093.148 104362.586 123688.992
4 5 31 29 117063.5 101958.539 120839.75
0 15 4230 13626 159207.172 -26795.2734 118098.398
0 15 4231 13626 159211.688 -26796.0332 118092.039
0 15 4230 13627 159208.25 -26785.7402 118099.211
0 15 4231 13627 159212.562 -26786.4648 118092.695
4 5 20 6 46087.1719 -97295.1328 163865.5
4 5 21 6 55505.0469 -95872.3516 161469.234
4 5 20 7 47255.1094 -89259.6484 168018.172
4 5 21 7 56871.0703 -87891.6562 165443.109
0 13 1072 3410 159472.359 -26689.041 117715.992
0 13 1073 3410 159494.234 -26692.6973 117693.195
0 13 1072 3411 159475.562 -26650.6406 117718.352
0 13 1073 3411 159496.797 -26654.1875 117695.086
0 13 1074 3404 159520.328 -26930.7383 117673.508
0 13 1075 3404 159542.922 -26934.5527 117651.227
0 13 1074 3405 159521.797 -26892.041 117674.586
0 13 1075 3405 159544.125 -26895.8047 117652.102
0 15 4216 13616 159143.719 -26881.7285 118187.328
0 15 4217 13616 159147.938 -26882.4434 118180.758
0 15 4216 13617 159143.344 -26871.9531 118187.047
0 15 4217 13617 159148.234 -26872.7773 118180.977
0 12 514 1692 158572.094 -27525.5762 118735.5
0 12 515 1692 158618.062 -27533.5566 118692.477
0 12 514 1693 158575.859 -27448.8008 118738.328
0 12 515 1693 158623.875 -27457.1113 118696.82
0 6 16 36 176593.094 24833.4023 85537.2812
0 6 17 36 179222.516 25203.1641 81210.2031
0 6 16 37 175442.469 30154.1738 84979.9453
0 6 17 37 177918.297 30579.707 80619.2344
0 17 16946 54450 159222.953 -26932.7695 118050.594
0 17 16947 54450 159224.281 -26932.9961 118049.148
0 17 16946 54451 159222.984 -26930.3477 118050.617
0 17 16947 54451 159224.297 -26930.5684 118049.148
4 4 2 6 -111916.367 -30522.6465 162787.438
4 4 3 6 -96924.6875 -32308.2285 172310.562
4 4 2 7 -113550.469 -10322.7695 165164.312
4 4 3 7 -98464.2734 -10940.4756 175047.609
0 18 33860 108894 159204.641 -26937.5684 118076.492
0 18 33861 108894 159205.234 -26937.668 118075.711
0 18 33860 108895 159204.703 -26936.3613 118076.531
0 18 33861 108895 159205.266 -26936.459 118075.734
0 8 24 92 151847.953 -42114.0781 122783.305
0 8 25 92 152395.891 -42266.0469 122035.773
0 8 24 93 152043.203 -40980.3945 122941.18
0 8 25 93 152636.578 -41140.3281 122228.516
0 12 520 1688 158792.172 -27873.916 118435.07
0 12 521 1688 158834.875 -27881.416 118389.375
0 12 520 1689 158799.875 -27797.7305 118440.82
0 12 521 1689 158844.266 -27805.502 118396.367
5 4 0 8 133443.953 8896.26367 -142340.219
5 4 1 8 122879.234 9452.24902 -151235.984
5 4 0 9 132286.391 26457.2793 -141105.484
5 4 1 9 121678.609 28079.6797 -149758.281
0 17 16938 54466 159216.516 -26892.8125 118065.266
0 17 16939 54466 159217.531 -26892.9805 118063.578
0 17 16938 54467 159216.875 -26890.4434 118065.531
0 17 16939 54467 159217.859 -26890.6055 118063.812
0 14 2126 6796 159281.719 -27133.498 117934.961
0 14 2127 6796 159290.812 -27135.0488 117922.258
0 14 2126 6797 159283.312 -27114.3281 117936.148
0 14 2127 6797 159293.984 -27116.1465 117924.609
0 9 48 208 152975.094 -28384.0527 123993.492
0 9 49 208 153335.766 -28450.9727 123686.852
0 9 48 209 152994.906 -27790.0898 124009.539
0 9 49 209 153343.109 -27853.3379 123692.789
0 8 48 106 168137.609 -28241.8652 104429.219
0 8 49 106 168721.375 -28339.9199 103473.656
0 8 48 107 168270.641 -26949.5938 104511.844
0 8 49 107 168886.578 -27048.2422 103574.961
4 7 126 44 135414.969 -42249.4727 138664.938
4 7 127 44 136529.391 -41926.3477 137604.422
4 7 126 45 135477.969 -40101.4805 138729.438
4 7 127 45 136574.688 -39789.4766 137650.078
0 9 48 212 152987.828 -25995.9805 124003.812
0 9 49 212 153305.25 -26049.9141 123662.234
0 9 48 213 152951.344 -25392.3145 123974.234
0 9 49 213 153309.328 -25451.7441 123665.547
0 17 16944 54462 159221.281 -26903.334 118054.211
0 17 16945 54462 159222.297 -26903.5039 118052.539
0 17 16944 54463 159221.266 -26900.9023 118054.203
0 17 16945 54463 159222.234 -26901.0664 118052.5
0 15 4248 13610 159278.031 -26962.7441 117975.984
0 15 4249 13610 159281.875 -26963.3945 117969.109
0 15 4248 13611 159277.234 -26952.8906 117975.398
0 15 4249 13611 159281.094 -26953.543 117968.523
0 11 274 840 159822.609 -28640.0879 116979.539
0 11 275 840 159907.969 -28655.3848 116885.867
0 11 274 841 159835.844 -28486.3672 116989.219
0 11 275 841 159913.875 -28500.2773 116890.172
3 5 24 30 71586.1875 -134750.469 122117.617
3 5 25 30 78666.8906 -132491.609 120070.523
3 5 24 31 69686.9609 -131175.453 127076.227
3 5 25 31 76631.1797 -129063.031 125029.82
0 11 276 860 160195.922 -25578.1562 116939.891
0 11 277 860 160283.844 -25592.1953 116847.555
0 11 276 861 160187.188 -25420.332 116933.523
0 11 277 861 160267.406 -25433.0625 116835.57
0 9 60 198 156535.922 -35159.4375 119542.078
0 9 61 198 156798.688 -35218.457 119130.258
0 9 60 199 156621.609 -34566.8789 119607.523
0 9 61 199 156885.812 -34625.1875 119196.445
0 16 8454 27236 159185.109 -26871.7148 118113.617
0 16 8455 27236 159187.328 -26872.0938 118110.414
0 16 8454 27237 159185.688 -26866.957 118114.047
0 16 8455 27237 159187.875 -26867.3262 118110.812
0 16 8452 27216 159175.141 -26967.1875 118115.945
0 16 8453 27216 159177.578 -26967.5996 118112.891
0 16 8452 27217 159175.312 -26962.3574 118116.07
0 16 8453 27217 159177.672 -26962.7598 118112.961
4 7 124 50 133747.781 -29844.5449 141485.25
4 7 125 50 134932.406 -29619.3086 140417.453
4 7 124 51 133885.656 -27662.3242 141631.094
4 7 125 51 135068.141 -27452.877 140558.719
0 14 2114 6792 159156.906 -27189.9512 118075.703
0 14 2115 6792 159168.438 -27191.9219 118064.82
0 14 2114 6793 159159.219 -27170.9199 118077.406
0 14 2115 6793 159170.938 -27172.9199 118066.672
0 10 134 438 159458.188 -22890.9707 117569.273
0 10 135 438 159647.953 -22918.2109 117397.375
0 10 134 439 159418.438 -22573.9004 117539.961
0 10 135 439 159609.656 -22600.9766 117369.211
0 9 54 200 155035.969 -33611.3125 122030.258
0 9 55 200 155327.266 -33674.4648 121652.805
0 9 54 201 155091.125 -33017.4492 122073.68
0 9 55 201 155386.047 -33080.2344 121698.836
0 8 14 104 146579.938 -26911.1602 129975.18
0 8 15 104 147199.688 -27024.9453 129374.734
0 8 14 105 146607.797 -25770.9023 129999.891
0 8 15 105 147228.391 -25879.9922 129399.961
0 9 66 198 158196.797 -35532.4844 117102.719
0 9 67 198 158486.844 -35597.6289 116698.32
0 9 66 199 158314.562 -34940.5195 117189.891
0 9 67 199 158581.828 -34999.5078 116768.266
0 10 122 412 157366 -30581.8691 119714.961
0 10 123 412 157536.594 -30615.0195 119537.039
0 10 122 413 157413.359 -30283.627 119750.992
0 10 123 413 157571.75 -30314.0957 119563.719
4 6 62 10 121766.984 -85835.7344 127755.516
4 6 63 10 124318.086 -84852.0234 126291.383
4 6 62 11 122868.586 -82583.7969 128911.297
4 6 63 11 125431.977 -81630.3281 127422.953
0 12 540 1692 159623.812 -27708.1387 117496.523
0 12 541 1692 159658.062 -27714.084 117443.789
0 12 540 1693 159623.344 -27630.1152 117496.18
0 12 541 1693 159661.812 -27636.7715 117446.539
0 11 278 844 160156.203 -28074.2559 116598.094
0 11 279 844 160224.766 -28086.2773 116491.539
0 11 278 845 160174.766 -27921.0898 116611.609
0 11 279 845 160235.906 -27931.7461 116499.641
0 10 146 432 161544.047 -25083.5 115320.992
0 10 147 432 161703.812 -25108.3066 115119.227
0 10 146 433 161539.953 -24767.3555 115318.07
0 10 147 433 161692.047 -24790.6758 115110.852
0 11 278 858 160397.266 -25923.5801 116773.602
0 11 279 858 160483.109 -25937.4551 116679.375
0 11 278 859 160385.391 -25765.0352 116764.945
0 11 279 859 160471.266 -25778.8301 116670.75
0 16 8448 27222 159166.609 -26936.5957 118129.039
0 16 8449 27222 159168.641 -26936.9414 118125.695
0 16 8448 27223 159166.844 -26931.7793 118129.219
0 16 8449 27223 159168.906 -26932.1309 118125.891
4 6 58 36 124231.477 21095.9102 150015.359
4 6 59 36 126917.148 20768.2598 147685.406
4 6 58 37 123834.695 25701.541 149536.234
4 6 59 37 126540.18 25308.0371 147246.766
0 16 8450 27218 159170.719 -26956.7246 118122.375
0 16 8451 27218 159173.141 -26957.1328 118119.312
0 16 8450 27219 159170.828 -26951.8848 118122.453
0 16 8451 27219 159173.266 -26952.2969 118119.406
4 7 124 52 133991.922 -25469.541 141743.531
4 7 125 52 135183.531 -25278.2207 140678.797
4 7 124 53 134118.141 -23276.7012 141877.047
4 7 125 53 135305.891 -23101.0078 140806.141
0 18 33858 108894 159203.5 -26937.375 118078.078
0 18 33859 108894 159204.109 -26937.4785 118077.312
0 18 33858 108895 159203.578 -26936.1719 118078.133
0 18 33859 108895 159204.141 -26936.2695 118077.344
0 7 2 40 138628.625 -50902.6992 133213.438
0 7 3 40 139769.562 -51321.6367 132125.906
0 7 2 41 139244.094 -48953 133804.875
0 7 3 41 140343.938 -49339.6641 132668.875
0 18 33872 108898 159211.25 -26933.8281 118066.82
0 18 33873 108898 159211.828 -26933.9238 118066.031
0 18 33872 108899 159211.156 -26932.5996 118066.75
0 18 33873 108899 159211.719 -26932.6914 118065.953
0 11 280 854 160513.828 -26569.4297 116544.953
0 11 281 854 160592.047 -26582.375 116444.914
0 11 280 855 160524.641 -26414.4551 116552.797
0 11 281 855 160611.938 -26428.8203 116459.344
0 12 526 1714 159083.703 -25905.4746 118186.445
0 12 527 1714 159129.281 -25912.9004 118142.609
0 12 526 1715 159078.719 -25826.9883 118182.742
0 12 527 1715 159128.812 -25835.1191 118142.258
0 10 132 438 159077.219 -22836.2793 117909.766
0 10 133 438 159260.812 -22862.6367 117734.797
0 10 132 439 159055.047 -22522.4453 117893.336
0 10 133 439 159218.703 -22545.6172 117703.68
0 14 2130 6800 159334.047 -27064.6152 117895.914
0 14 2131 6800 159343 -27066.1348 117883.078
0 14 2130 6801 159332.234 -27044.8574 117894.57
0 14 2131 6801 159340.656 -27046.2871 117881.359
0 16 8450 27232 159174.125 -26889.293 118124.898
0 16 8451 27232 159175.969 -26889.6074 118121.414
0 16 8450 27233 159174.969 -26884.5781 118125.531
0 16 8451 27233 159176.938 -26884.9102 118122.133
0 12 516 1690 158655.047 -27694.9121 118642.68
0 12 517 1690 158687.828 -27700.6348 118589.703
0 12 516 1691 158654.234 -27617.3027 118642.07
0 12 517 1691 158691.688 -27623.8203 118592.594
0 17 16914 54448 159186.094 -26931.3926 118100.992
0 17 16915 54448 159187.125 -26931.5664 118099.328
0 17 16914 54449 159186.094 -26928.9629 118100.992
0 17 16915 54449 159187.062 -26929.1289 118099.273
0 13 1074 3402 159518.062 -27008.2441 117671.828
0 13 1075 3402 159541.516 -27012.2168 117650.188
0 13 1074 3403 159518.938 -26969.4473 117672.477
0 13 1075 3403 159542.109 -26973.3652 117650.617
0 10 124 436 157655.359 -23248.0078 119319.242
0 10 125 436 157854.141 -23277.3203 119161.383
0 10 124 437 157643.625 -22938.3789 119310.359
0 10 125 437 157842.141 -22967.2656 119152.32
0 19 67732 217806 159207.688 -26927.4551 118071.758
0 19 67733 217806 159207.891 -26927.4902 118071.312
0 19 67732 217807 159207.703 -26926.8516 118071.773
0 19 67733 217807 159207.922 -26926.8887 118071.328
0 5 2 28 128885.492 100691.789 108747.133
0 5 3 28 131751.641 102930.977 102930.977
0 5 2 29 126267.281 106538.023 106538.023
0 5 3 29 128969.477 108818 100757.406
0 10 148 426 161624.031 -26989.9492 114746.75
0 10 149 426 161779 -27015.8281 114540.789
0 10 148 427 161670.609 -26681.9648 114779.812
0 10 149 427 161837.5 -26709.5078 114582.211
3 4 12 0 76070.9375 -135237.219 -126784.891
3 4 13 0 89743.1172 -130535.438 -122376.977
3 4 12 1 80073.5547 -142352.984 -115661.805
3 4 13 1 94299.1641 -137162.422 -111444.461
0 12 534 1714 159431 -25962.0312 117821.695
0 12 535 1714 159476.109 -25969.377 117777.164
0 12 534 1715 159429.141 -25883.8828 117820.305
0 12 535 1715 159472.578 -25890.9316 117774.547
0 7 16 38 152669.406 -60829.2148 113309.32
0 7 17 38 153788.156 -61274.9688 111736.711
0 7 16 39 153232.391 -58659.2734 113727.164
0 7 17 39 154361.797 -59091.625 112153.492
0 11 262 836 158899.344 -29095.3379 118165.867
0 11 263 836 158980.234 -29110.1504 118070.766
0 11 262 837 158924.094 -28944.6699 118184.273
0 11 263 837 158987.641 -28956.2441 118076.266
0 16 8466 27240 159214.312 -26857.2129 118076.992
0 16 8467 27240 159216.141 -26857.5215 118073.484
0 16 8466 27241 159214.734 -26852.4258 118077.305
0 16 8467 27241 159216.719 -26852.7578 118073.906
0 8 22 116 151579.5 -13618.4717 124934.672
0 8 23 116 152233.141 -13677.1963 124284.078
0 8 22 117 151556.312 -12432.3535 124915.555
0 8 23 117 152180.281 -12483.5391 124240.945
0 8 48 108 168409.641 -25656.1543 104598.172
0 8 49 108 169002.672 -25746.5 103646.172
0 8 48 109 168557.172 -24361.7793 104689.805
0 8 49 109 169129.312 -24444.4707 103723.836
0 13 1056 3416 159200.109 -26410.2715 118136.898
0 13 1057 3416 159218.766 -26413.3672 118111.867
0 13 1056 3417 159195.078 -26370.5703 118133.156
0 13 1057 3417 159214.469 -26373.7832 118108.68
0 17 16914 54456 159187 -26912.1172 118101.664
0 17 16915 54456 159187.891 -26912.2676 118099.898
0 17 16914 54457 159187.141 -26909.7109 118101.766
0 17 16915 54457 159188.047 -26909.8613 118100.008
0 12 542 1694 159694.625 -27564.4766 117392.703
0 12 543 1694 159731.484 -27570.8398 117341.805
0 12 542 1695 159703.609 -27488.0469 117399.312
0 12 543 1695 159738.344 -27494.0254 117346.844
2 4 10 8 60079.8125 192255.406 -12015.9629
2 4 11 8 80749.1719 184569.547 -11535.5967
2 4 10 9 59241.6875 189573.391 -35545.0117
2 4 11 9 79715.4453 182206.734 -34163.7617
0 14 2130 6814 159343.984 -26793.9863 117903.266
0 14 2131 6814 159351.922 -26795.3223 117889.695
0 14 2130 6815 159343.078 -26774.3828 117902.602
0 14 2131 6815 159350.812 -26775.6816 117888.867
0 14 2112 6792 159136.719 -27186.502 118099.562
0 14 2113 6792 159146.5 -27188.1758 118087.406
0 14 2112 6793 159138.047 -27167.3027 118100.547
0 14 2113 6793 159147.484 -27168.9141 118088.133
0 14 2128 6816 159323.031 -26751.5645 117926.664
0 14 2129 6816 159332.469 -26753.1504 117914.203
0 14 2128 6817 159321.453 -26731.8555 117925.5
0 14 2129 6817 159329 -26733.1172 117911.633
0 15 4244 13604 159259.875 -27017.9941 118001.414
0 15 4245 13604 159264.172 -27018.7227 117994.883
0 15 4244 13605 159260.094 -27008.3105 118001.586
0 15 4245 13605 159264.984 -27009.1406 117995.492
0 18 33862 108894 159205.797 -26937.7637 118074.93
0 18 33863 108894 159206.359 -26937.8594 118074.117
0 18 33862 108895 159205.797 -26936.5488 118074.922
0 18 33863 108895 159206.344 -26936.6406 118074.117
0 14 2132 6810 159347.312 -26872.3516 117866.828
0 14 2133 6810 159356.516 -26873.9043 117854.188
0 14 2132 6811 159350.062 -26853.3633 117868.852
0 14 2133 6811 159359.172 -26854.9004 117856.148
0 8 14 102 146526.359 -29190.7988 129927.672
0 8 15 102 147160.047 -29317.043 129339.891
0 8 14 103 146570.797 -28054.5684 129967.078
0 8 15 103 147171.078 -28169.4648 129349.578
0 19 67732 217828 159208.844 -26914.2871 118072.617
0 19 67733 217828 159209.078 -26914.3301 118072.188
0 19 67732 217829 159208.875 -26913.6875 118072.648
0 19 67733 217829 159209.125 -26913.7285 118072.227
0 17 16924 54440 159198.406 -26952.9102 118085.836
0 17 16925 54440 159199.5 -26953.0957 118084.219
0 17 16924 54441 159198.219 -26950.4512 118085.695
0 17 16925 54441 159199.328 -26950.6367 118084.094
0 5 16 12 196544.953 -42994.207 -6142.02979
0 5 17 12 195394 -42742.4336 -18318.1875
0 5 16 13 198725.547 -31050.8672 -6210.17334
0 5 17 13 197535.094 -30864.8594 -18518.916
0 11 280 848 160374.875 -27486.123 116444.062
0 11 281 848 160439.766 -27497.2441 116334.492
0 11 280 849 160393.719 -27332.7207 116457.75
0 11 281 849 160465.844 -27345.0098 116353.406
0 13 1048 3390 158983.844 -27383.5703 118286.938
0 13 1049 3390 159003.031 -27386.875 118262.383
0 13 1048 3391 158985.797 -27345.0898 118288.383
0 13 1049 3391 159004.219 -27348.2598 118263.266
0 17 16942 54464 159219.609 -26898.1934 118057.844
0 17 16943 54464 159220.469 -26898.3359 118056.031
0 17 16942 54465 159219.828 -26895.7988 118057.992
0 17 16943 54465 159220.656 -26895.9395 118056.18
0 15 4248 13618 159275.891 -26884.6113 117974.391
0 15 4249 13618 159279.891 -26885.2871 117967.641
0 15 4248 13619 159277.375 -26875.1406 117975.5
0 15 4249 13619 159281.188 -26875.7832 117968.602
0 16 8448 27228 159168.094 -26907.7051 118130.148
0 16 8449 27228 159170.234 -26908.0664 118126.883
0 16 8448 27229 159168.516 -26902.918 118130.453
0 16 8449 27229 159170.547 -26903.2617 118127.102
0 6 6 10 137569.828 -92429.7266 109625.945
0 6 7 10 139707.25 -93865.8125 106963.367
0 6 6 11 139217.734 -89186.3594 110939.133
0 6 7 11 141396.234 -90581.9688 108256.492
0 13 1074 3406 159520.469 -26852.8711 117673.609
0 13 1075 3406 159545.094 -26857.0156 117652.812
0 13 1074 3407 159518.828 -26813.6523 117672.391
0 13 1075 3407 159542.906 -26817.6973 117651.211
0 19 67728 217804 159206.75 -26928.5098 118073.5
0 19 67729 217804 159206.969 -26928.5488 118073.062
0 19 67728 217805 159206.75 -26927.9062 118073.508
0 19 67729 217805 159206.969 -26927.9414 118073.047
0 13 1062 3416 159306.422 -26427.9102 117982.438
0 13 1063 3416 159321.531 -26430.4141 117954.719
0 13 1062 3417 159307.406 -26389.1777 117983.164
0 13 1063 3417 159323.969 -26391.9219 117956.531
0 11 260 836 158754.828 -29068.877 118368.461
0 11 261 836 158824.25 -29081.5879 118265.125
0 11 260 837 158780.344 -28918.4902 118387.5
0 11 261 837 158840.125 -28929.377 118276.938
0 14 2132 6804 159342.625 -26988.2676 117863.359
0 14 2133 6804 159349.875 -26989.4961 117849.266
0 14 2132 6805 159344.094 -26969.0645 117864.445
0 14 2133 6805 159351.375 -26970.2969 117850.383
0 8 40 94 161425.141 -42247.9883 110349.219
0 8 41 94 161991.312 -42396.1641 109470.695
0 8 40 95 161630.719 -41039.0469 110489.758
0 8 41 95 162205.734 -41185.0508 109615.602
0 14 2116 6792 159180.375 -27193.9609 118054.234
0 14 2117 6792 159192.656 -27196.0605 118043.922
0 14 2116 6793 159182 -27174.8066 118055.453
0 14 2117 6793 159195.594 -27177.127 118046.094
3 5 28 22 116257.898 -148810.109 60454.1055
3 5 29 22 122341.695 -144997.578 58905.2656
3 5 28 23 113885.867 -145773.906 68331.5234
3 5 29 23 120002.07 -142224.672 66667.8125
0 15 4238 13626 159243.953 -26801.4668 118047.945
0 15 4239 13626 159248.281 -26802.1934 118041.43
0 15 4238 13627 159245.312 -26791.9746 118048.938
0 15 4239 13627 159249.438 -26792.666 118042.281
0 15 4216 13606 159131.234 -26976.7441 118178.055
0 15 4217 13606 159135.875 -26977.5332 118171.797
0 15 4216 13607 159132.188 -26967.1973 118178.773
0 15 4217 13607 159137.109 -26968.0293 118172.703
0 16 8468 27240 159217.844 -26857.8086 118069.891
0 16 8469 27240 159219.797 -26858.1387 118066.477
0 16 8468 27241 159218.516 -26853.0625 118070.375
0 16 8469 27241 159220.484 -26853.3945 118066.977
0 7 6 64 145575.062 1137.30518 130790.094
0 7 7 64 146722.438 1146.26904 129528.406
0 7 6 65 145523.969 3410.71826 130744.195
0 7 7 65 146671.078 3437.60327 129483.055
0 10 148 424 161553.031 -27609.1602 114696.344
0 10 149 424 161713.859 -27636.6445 114494.672
0 10 148 425 161573.328 -27297.0566 114710.75
0 10 149 425 161724 -27322.5098 114501.852
0 18 33878 108908 159214.531 -26922.2344 118061.961
0 18 33879 108908 159215.109 -26922.332 118061.172
0 18 33878 108909 159214.656 -26921.041 118062.047
0 18 33879 108909 159215.203 -26921.1367 118061.25
0 9 78 204 162119.234 -32613.832 112406.898
0 9 79 204 162447.656 -32679.8965 112000.047
0 9 78 205 162229.422 -32002.2891 112483.289
0 9 79 205 162500.219 -32055.7051 112036.281
0 18 33878 108910 159214.766 -26919.8457 118062.141
0 18 33879 108910 159215.344 -26919.9434 118061.344
0 18 33878 108911 159214.891 -26918.6504 118062.227
0 18 33879 108911 159215.453 -26918.7461 118061.43
0 12 520 1712 158816.578 -26017.0723 118453.297
0 12 521 1712 158867.266 -26025.375 118413.516
0 12 520 1713 158807.5 -25938.041 118446.516
0 12 521 1713 158859.719 -25946.5703 118407.883
5 4 0 10 130182.773 43394.2539 -138861.625
5 4 1 10 119574.805 45990.3086 -147169
5 4 0 11 127390.984 59449.1328 -135883.719
5 4 1 11 116879.5 62935.1172 -143851.688
0 13 1044 3410 158926.531 -26597.6914 118399.492
0 13 1045 3410 158948.422 -26601.3516 118376.992
0 13 1044 3411 158928.531 -26559.2246 118400.984
0 13 1045 3411 158949.875 -26562.791 118378.07
0 15 4246 13606 159269.109 -27000.1191 117988.828
0 15 4247 13606 159273.078 -27000.793 117982.039
0 15 4246 13607 159269.797 -26990.5137 117989.336
0 15 4247 13607 159273.766 -26991.1875 117982.555
0 18 33848 108898 159198.094 -26931.6035 118086.219
0 18 33849 108898 159198.734 -26931.7109 118085.469
0 18 33848 108899 159198.219 -26930.4082 118086.305
0 18 33849 108899 159198.859 -26930.5195 118085.578
0 16 8464 27240 159209.828 -26856.4531 118083.375
0 16 8465 27240 159212.156 -26856.8496 118080.258
0 16 8464 27241 159210.125 -26851.6465 118083.594
0 16 8465 27241 159212.469 -26852.043 118080.477
0 7 0 60 139019.125 -7602.60791 137933.031
0 7 1 60 140097.969 -7661.60742 136814.422
0 7 0 61 139016.453 -5430.33008 137930.375
0 7 1 61 140108.484 -5472.98779 136824.703
0 11 264 836 159065.312 -29125.7305 117978.625
0 11 265 836 159132.891 -29138.1035 117873.336
0 11 264 837 159072.031 -28971.6133 117983.594
0 11 265 837 159140.422 -28984.0703 117878.914
0 5 12 22 181683.844 73809.0547 39743.3398
0 5 13 22 183935.156 74723.6562 28739.8672
0 5 12 23 177655.312 83275.9297 38862.1016
0 5 13 23 179849.875 84304.625 28101.5449
0 8 14 106 146635.531 -24630.1875 130024.477
0 8 15 106 147256.641 -24734.5137 129424.789
0 8 14 107 146646.625 -23486.375 130034.312
0 8 15 107 147280.781 -23587.9375 129446
4 5 20 18 53480.7891 29711.5488 190153.922
4 5 21 18 64083.5898 29128.9043 186424.984
4 5 20 19 52899.5586 41144.1016 188087.328
4 5 21 19 63095.4219 40151.6289 183550.312
3 4 10 2 49803.832 -159372.266 -109568.43
3 4 11 2 67741.2578 -154837.156 -106450.547
3 4 10 3 51847.9023 -165913.281 -93326.2188
3 4 11 3 70116.2734 -160265.766 -90149.5
0 17 16918 54462 159192.375 -26898.4512 118095.945
0 17 16919 54462 159193.562 -26898.6484 118094.383
0 17 16918 54463 159192.578 -26896.0547 118096.086
0 17 16919 54463 159193.781 -26896.2578 118094.547
0 9 74 224 161860.891 -19916.4766 114756.844
0 9 75 224 162243.5 -19963.5566 114394.344
0 9 74 225 161822.406 -19279.623 114729.555
0 9 75 225 162210.844 -19325.9004 114371.32
0 10 136 438 159831 -22944.4902 117219.812
0 10 137 438 159991.906 -22967.5879 117025.32
0 10 136 439 159788.688 -22626.3262 117188.766
0 10 137 439 159964.891 -22651.2793 117005.578
0 11 248 854 157740.781 -26110.4121 119460.914
0 11 249 854 157831.688 -26125.4609 119375.633
0 11 248 855 157731.469 -25954.8379 119453.859
0 11 249 855 157824.422 -25970.1328 119370.133
4 7 124 48 133485.328 -34198.7227 141207.625
4 7 125 48 134659.828 -33938.6523 140133.797
4 7 124 49 133628.703 -32026.7129 141359.297
4 7 125 49 134815.797 -31785.8359 140296.109
4 6 54 32 112863.523 2508.07837 160517.016
4 6 55 32 116151.297 2471.3042 158163.469
4 6 54 33 112747.055 7516.4707 160351.375
4 6 55 33 116060.328 7408.10645 158039.609
0 12 512 1704 158504.391 -26585.0879 118839.594
0 12 513 1704 158548.875 -26592.5469 118795.531
0 12 512 1705 158491.516 -26505.5391 118829.945
0 12 513 1705 158539.859 -26513.625 118788.781
0 13 1068 3414 159401.453 -26521.5059 117819.312
0 13 1069 3414 159420.172 -26524.6211 117794.219
0 13 1068 3415 159404.422 -26483.082 117821.5
0 13 1069 3415 159423.016 -26486.1738 117796.328
0 10 114 422 156035.016 -27275.6523 121140.469
0 10 115 422 156226.328 -27309.0957 120983.867
0 10 114 423 156037.625 -26971.3477 121142.492
0 10 115 423 156218.453 -27002.6055 120977.766
0 18 33870 108920 159211.375 -26907.127 118069.336
0 18 33871 108920 159211.906 -26907.2129 118068.516
0 18 33870 108921 159211.484 -26905.9277 118069.414
0 18 33871 108921 159211.984 -26906.0117 118068.578
0 10 130 438 158729.625 -22786.3809 118272.164
0 10 131 438 158916.375 -22813.1895 118100.93
0 10 130 439 158709.109 -22473.457 118256.883
0 10 131 439 158886.531 -22498.5801 118078.758
0 8 48 104 167855.859 -30817.2852 104254.219
0 8 49 104 168455.047 -30927.293 103310.32
0 8 48 105 168000.969 -29531.4199 104344.344
0 8 49 105 168584.375 -29633.9707 103389.633
0 11 250 840 157982.328 -28310.3105 119335.281
0 11 251 840 158048.672 -28322.1973 119231.047
0 11 250 841 157982.812 -28156.1152 119335.641
0 11 251 841 158060.203 -28169.9082 119239.75
0 8 26 118 154049.484 -11433.3604 122156.422
0 8 27 118 154734.562 -11484.2061 121490.805
0 8 26 119 154010.797 -10227.2793 122125.742
0 8 27 119 154673.438 -10271.2822 121442.812
0 14 2102 6796 159044.984 -27093.1738 118225.641
0 14 2103 6796 159055.625 -27094.9883 118214.141
0 14 2102 6797 159045.828 -27073.9004 118226.266
0 14 2103 6797 159057.062 -27075.8145 118215.211
0 5 16 14 200052.656 -18754.9375 -6251.64551
0 5 17 14 198874.156 -18644.4512 -18644.4512
0 5 16 15 200628.828 -6269.65088 -6269.65088
0 5 17 15 199464.891 -6233.27783 -18699.834
0 18 33876 108902 159213.203 -26929.3008 118063.414
0 18 33877 108902 159213.797 -26929.3984 118062.633
0 18 33876 108903 159213.188 -26928.084 118063.398
0 18 33877 108903 159213.781 -26928.1816 118062.625
0 10 148 428 161699.484 -26370.9121 114800.32
0 10 149 428 161855.406 -26396.3418 114594.891
0 10 148 429 161712.109 -26057.127 114809.281
0 10 149 429 161853.656 -26079.9355 114593.648
0 7 16 66 157365.172 6147.07666 116794.469
0 7 17 66 158649.078 6197.22949 115268.477
0 7 16 67 157213.75 8597.62695 116682.086
0 7 17 67 158468.203 8666.22949 115137.047
0 10 142 436 160948.641 -23733.6387 116153.367
0 10 143 436 161108.969 -23757.2793 115954.398
0 10 142 437 160940.812 -23418.1445 116147.719
0 10 143 437 161105.578 -23442.1211 115951.961
0 7 14 66 154887.344 6050.28662 119795.68
0 7 15 66 156114.672 6098.229 118305.648
0 7 14 67 154723.312 8461.43066 119668.805
0 7 15 67 155961.391 8529.13867 118189.492
0 7 22 40 160461.141 -58919.3281 104049.016
0 7 23 40 161553.078 -59320.2695 102232.797
0 7 22 41 161051.016 -56619.4922 104431.516
0 7 23 41 162169.75 -57012.8008 102623.047
4 4 2 8 -114626.312 10420.5742 166729.188
4 4 3 8 -98891.7656 10987.9746 175807.594
4 4 2 9 -112865.242 30781.4297 164167.625
4 4 3 9 -98088.5469 32696.1816 174379.641
0 10 114 424 156052.656 -26669.1582 121154.164
0 10 115 424 156222.328 -26698.1523 120980.766
0 10 114 425 156043.219 -26362.7715 121146.844
0 10 115 425 156216.547 -26392.0527 120976.281
0 7 6 38 142243.203 -56675.0273 127796.625
0 7 7 38 143272.969 -57085.3242 126483.172
0 7 6 39 142649.406 -54607.9805 128161.578
0 7 7 39 143626.516 -54982.0273 126795.281
0 12 542 1710 159755.25 -26326.8535 117437.266
0 12 543 1710 159799.984 -26334.2285 117392.133
0 12 542 1711 159759.938 -26249.6191 117440.719
0 12 543 1711 159806.219 -26257.2246 117396.711
0 13 1046 3412 158975.547 -26528.2676 118358.383
0 13 1047 3412 159001.156 -26532.541 118338.625
0 13 1046 3413 158976.5 -26489.6152 118359.094
0 13 1047 3413 159000.203 -26493.5645 118337.922
0 9 76 202 161362.031 -33722.1406 113142.516
0 9 77 202 161685.625 -33789.7695 112737.82
0 9 76 203 161446.266 -33109.0977 113201.578
0 9 77 203 161736.375 -33168.5898 112773.211
3 5 26 24 98394.4609 -149934.422 79652.6562
3 5 27 24 105273.5 -146467.469 77810.8438
3 5 26 25 96322.7188 -146777.469 87149.125
3 5 27 25 103134.727 -143491.781 85198.25
0 10 118 432 156645.094 -24322.8242 120390.328
0 10 119 432 156815.641 -24349.3027 120215.109
0 10 118 433 156663.812 -24019.7441 120404.711
0 10 119 433 156818.156 -24043.4102 120217.047
0 5 14 4 161551.797 -116115.352 15145.4814
0 5 15 4 161610.422 -116157.492 5050.32568
0 5 14 5 166715.453 -109407.016 15629.5742
0 5 15 5 166748.766 -109428.883 5210.89893
4 6 52 26 105536.273 -28314.6094 164739.547
4 6 53 26 108977.352 -27877.9297 162198.859
4 6 52 27 105540.445 -23167.4141 164746.062
4 6 53 27 109063.906 -22827.3281 162327.672
0 5 16 10 190127.094 -65356.1875 -5941.47168
0 5 17 10 189289.141 -65068.1406 -17745.8574
0 5 16 11 193609.734 -54452.7422 -6050.3042
0 5 17 11 192595.5 -54167.4844 -18055.8281
4 7 124 54 134218.844 -21075.6855 141983.562
4 7 125 54 135405.375 -20916.2773 140909.656
4 7 124 55 134307.672 -18869.6738 142077.531
4 7 125 55 135485.438 -18725.6309 140992.984
0 18 33846 108912 159196.719 -26914.3652 118087.625
0 18 33847 108912 159197.422 -26914.4824 118086.922
0 18 33846 108913 159196.734 -26913.1543 118087.633
0 18 33847 108913 159197.453 -26913.2734 118086.961
2 4 4 0 -61425.8203 140401.875 131626.75
2 4 5 0 -45337.3359 145079.469 136012.016
2 4 4 1 -65000.2227 148571.938 120714.703
2 4 5 1 -47971.2383 153507.969 124725.219
0 18 33856 108894 159202.344 -26937.1777 118079.641
0 18 33857 108894 159202.922 -26937.2773 118078.867
0 18 33856 108895 159202.453 -26935.9824 118079.719
0 18 33857 108895 159203.016 -26936.0801 118078.938
0 17 16934 54440 159208.562 -26954.6289 118069.07
0 17 16935 54440 159209.828 -26954.8438 118067.594
0 17 16934 54441 159208.688 -26952.2227 118069.172
0 17 16935 54441 159209.953 -26952.4355 118067.672
3 4 4 10 -77370.5312 -176846.938 55264.668
3 4 5 10 -57524.5078 -184078.422 57524.5078
3 4 4 11 -74762.4531 -170885.609 74762.4531
3 4 5 11 -55368.0391 -177177.719 77515.25
0 5 10 24 168634.156 89586.8984 57967.9922
0 5 11 24 171145.172 90920.875 48134.582
0 5 10 25 164651.484 97761.8203 56598.9453
0 5 11 25 167212.812 99282.6094 47028.6055
4 7 126 58 136799.719 -12038.375 140082.906
4 7 127 58 137900.469 -11944.1348 138986.297
4 7 126 59 136823.922 -9851.32227 140107.703
4 7 127 59 137931.062 -9774.6416 139017.125
0 17 16916 54460 159189.484 -26902.8203 118098.656
0 17 16917 54460 159190.641 -26903.0137 118097.07
0 17 16916 54461 159189.672 -26900.4238 118098.789
0 17 16917 54461 159190.891 -26900.6289 118097.273
0 19 67708 217810 159202.031 -26924.0703 118082.156
0 19 67709 217810 159202.328 -26924.1191 118081.758
0 19 67708 217811 159202.031 -26923.4609 118082.148
0 19 67709 217811 159202.328 -26923.5117 118081.75
3 5 24 28 75483.9688 -142087.469 111005.836
3 5 25 28 82825.2656 -139495.188 108980.609
3 5 24 29 73523.7656 -138397.672 116773.039
3 5 25 29 80731.1094 -135968.188 114723.148
0 6 20 32 188300.703 2942.19849 67670.5625
0 6 21 32 190242.125 2972.5332 62423.1953
0 6 20 33 188034.844 8814.13281 67575.0156
0 6 21 33 189926.062 8902.78418 62319.4844
0 13 1040 3402 158833.406 -26892.3262 118485.234
0 13 1041 3402 158853.812 -26895.7812 118461.672
0 13 1040 3403 158833.219 -26853.5176 118485.078
0 13 1041 3403 158853.625 -26856.9668 118461.523
0 13 1040 3400 158821.328 -26967.8301 118476.219
0 13 1041 3400 158845.141 -26971.873 118455.195
0 13 1040 3401 158827 -26930.0176 118480.438
0 13 1041 3401 158848.594 -26933.6777 118457.773
0 7 24 64 168583.516 1317.05872 104047.648
0 7 25 64 170056.062 1328.56299 102299.344
0 7 24 65 168306.938 3944.69385 103876.938
0 7 25 65 169749.016 3978.49243 102114.641
0 8 36 92 158677.25 -44008.1445 113429.438
0 8 37 92 159241.453 -44164.625 112588.688
0 8 36 93 158907.469 -42830.5273 113594
0 8 37 93 159480.484 -42984.9727 112757.68
0 10 118 414 156829 -29864.8965 120531.656
0 10 119 414 157009.406 -29899.252 120363.664
0 10 118 415 156834.469 -29559.6211 120535.867
0 10 119 415 156998.219 -29590.4844 120355.078
0 14 2110 6792 159118.688 -27183.4238 118125.031
0 14 2111 6792 159127.188 -27184.875 118111.914
0 14 2110 6793 159120.875 -27164.3711 118126.656
0 14 2111 6793 159129.312 -27165.8145 118113.508
0 17 16944 54446 159220.484 -26942.0723 118053.625
0 17 16945 54446 159221.766 -26942.2871 118052.148
0 17 16944 54447 159220.375 -26939.623 118053.547
0 17 16945 54447 159221.641 -26939.8359 118052.047
3 5 30 20 129874.102 -143309.344 40305.7578
3 5 31 20 135314.906 -139679.906 39284.9727
3 5 30 21 128897.453 -142231.672 48892.1367
3 5 31 21 134500.516 -138839.234 47725.9883
0 19 67738 217812 159209.266 -26924.0762 118069.289
0 19 67739 217812 159209.516 -26924.1211 118068.867
0 19 67738 217813 159209.312 -26923.4785 118069.328
0 19 67739 217813 159209.562 -26923.5195 118068.906
0 15 4218 13620 159153.812 -26844.5781 118175.391
0 15 4219 13620 159157.328 -26845.1699 118168.289
0 15 4218 13621 159153.453 -26834.8027 118175.125
0 15 4219 13621 159157.578 -26835.498 118168.477
0 15 4238 13600 159228.438 -27051.5332 118036.43
0 15 4239 13600 159233.75 -27052.4375 118030.656
0 15 4238 13601 159229.328 -27041.9668 118037.094
0 15 4239 13601 159234.625 -27042.8691 118031.297
0 17 16946 54460 159223.531 -26908.5723 118051.016
0 17 16947 54460 159224.547 -26908.7461 118049.344
0 17 16946 54461 159223.422 -26906.123 118050.945
0 17 16947 54461 159224.422 -26906.2949 118049.258
0 15 4228 13626 159198.891 -26793.8789 118111.695
0 15 4229 13626 159202.891 -26794.5547 118104.961
0 15 4228 13627 159199.875 -26784.3281 118112.43
0 15 4229 13627 159203.703 -26784.9746 118105.555
0 13 1070 3394 159424.984 -27303.8633 117758.852
0 13 1071 3394 159443.547 -27307.041 117733.633
0 13 1070 3395 159425.828 -27265.0879 117759.484
0 13 1071 3395 159445.234 -27268.4043 117734.891
0 17 16942 54444 159218.688 -26946.623 118057.148
0 17 16943 54444 159219.922 -26946.832 118055.625
0 17 16942 54445 159218.359 -26944.1406 118056.906
0 17 16943 54445 159219.531 -26944.3379 118055.344
0 9 58 198 155968.594 -35032.0078 120327.336
0 9 59 198 156224.875 -35089.5742 119914.805
0 9 58 199 156060.047 -34442.9414 120397.891
0 9 59 199 156342.594 -34505.2969 120005.148
0 6 4 40 145119.828 38547.457 124712.352
0 6 5 40 147274.5 39119.7891 121961.695
0 6 4 41 144403.609 42869.8203 124096.852
0 6 5 41 146517.859 43497.4883 121335.102
0 7 2 62 141185.547 -3309.03638 135670.484
0 7 3 62 142284.453 -3334.79199 134503.266
0 7 2 63 141149.672 -1102.73181 135636.016
0 7 3 63 142264.359 -1111.44031 134484.266
0 12 512 1694 158492.406 -27356.9648 118830.609
0 12 513 1694 158537.875 -27364.8125 118787.289
0 12 512 1695 158495.141 -27280.0488 118832.664
0 12 513 1695 158535.875 -27287.0586 118785.781
4 6 52 24 104649.227 -38286.3008 163354.875
4 6 53 24 108414.891 -37819.1484 161361.703
4 6 52 25 105556.719 -33469.2031 164771.469
4 6 53 25 109022.094 -32960.168 162265.438
0 10 116 416 156521.719 -29194.9668 120906.906
0 10 117 416 156690.906 -29226.5273 120731.57
0 10 116 417 156491.25 -28883.6406 120883.383
0 10 117 417 156666.781 -28916.0371 120712.977
0 11 258 836 158598.281 -29040.2129 118561.516
0 11 259 836 158673.875 -29054.0527 118463.062
0 11 258 837 158613.547 -28888.1113 118572.922
0 11 259 837 158702.594 -28904.332 118484.508
0 15 4220 13622 159162.641 -26826.6406 118162.523
0 15 4221 13622 159166.062 -26827.2168 118155.352
0 15 4220 13623 159163.453 -26817.0605 118163.117
0 15 4221 13623 159167.469 -26817.7363 118156.391
0 16 8478 27236 159235.031 -26880.1465 118034.039
0 16 8479 27236 159236.5 -26880.3945 118030.266
0 16 8478 27237 159235.797 -26875.4141 118034.609
0 16 8479 27237 159237.312 -26875.6719 118030.867
0 18 33846 108900 159196.938 -26928.9785 118087.797
0 18 33847 108900 159197.641 -26929.0977 118087.086
0 18 33846 108901 159197.016 -26927.7754 118087.836
0 18 33847 108901 159197.719 -26927.8945 118087.148
0 14 2098 6804 159031.25 -26935.5293 118293.086
0 14 2099 6804 159041.75 -26937.3086 118281.477
0 14 2098 6805 159035.094 -26916.7676 118295.938
0 14 2099 6805 159046.406 -26918.6816 118284.938
0 9 48 206 153009.172 -29585.7598 124021.109
0 9 49 206 153350.781 -29651.8105 123698.969
0 9 48 207 153013.922 -28988.9648 124024.961
0 9 49 207 153340.359 -29050.8086 123690.555
5 4 0 12 123920.023 74352.0078 -132181.359
5 4 1 12 113445.57 78539.2344 -139625.312
5 4 0 13 120161.297 88118.2812 -128172.047
5 4 1 13 109648.562 92779.5547 -134952.078
4 6 54 18 106401.875 -63841.125 151327.109
4 6 55 18 109701.445 -63019.9766 149380.688
4 6 54 19 107338.414 -59632.457 152659.078
4 6 55 19 110657.359 -58860.3008 150682.359
0 7 30 58 176762.5 -15190.5283 92524.125
0 7 31 58 177935.578 -15291.3389 90357.9141
0 7 30 59 176884.016 -12437.1572 92587.7266
0 7 31 59 178056.297 -12519.584 90419.2109
0 14 2100 6798 159030.031 -27051.8008 118253.344
0 14 2101 6798 159039.812 -27053.4629 118241.203
0 14 2100 6799 159035.297 -27033.2832 118257.266
0 14 2101 6799 159045.875 -27035.0801 118245.719
0 10 138 412 159659.609 -31027.5996 116470.438
0 10 139 412 159813.375 -31057.4805 116270.469
0 10 138 413 159696.469 -30722.8555 116497.328
0 10 139 413 159837.766 -30750.0391 116288.219
0 6 20 20 179460.438 -64493.5938 64493.5938
0 6 21 20 181154.406 -65102.3633 59441.2891
0 6 20 21 180958.547 -59377.0195 65031.9766
0 6 21 21 182676.5 -59940.7266 59940.7266
0 9 68 198 158786.5 -35664.9375 116298.703
0 9 69 198 159055.766 -35725.4141 115874.609
0 9 68 199 158833.219 -35054.9844 116332.922
0 9 69 199 159141.641 -35123.0586 115937.172
0 18 33864 108894 159206.906 -26937.9531 118073.312
0 18 33865 108894 159207.469 -26938.0449 118072.516
0 18 33864 108895 159206.906 -26936.7363 118073.305
0 18 33865 108895 159207.453 -26936.8281 118072.5
0 11 248 842 157826.156 -27974.0703 119525.57
0 11 249 842 157905.375 -27988.1113 119431.367
0 11 248 843 157818.594 -27818.6094 119519.836
0 11 249 843 157903.109 -27833.5078 119429.641
0 16 8470 27240 159222.219 -26858.5449 118063.414
0 16 8471 27240 159224.766 -26858.9746 118060.445
0 16 8470 27241 159222.906 -26853.8008 118063.914
0 16 8471 27241 159225.422 -26854.2266 118060.93
0 13 1064 3390 159303.938 -27438.7051 117902.805
0 13 1065 3390 159324.234 -27442.1973 117878.922
0 13 1064 3391 159303.312 -27399.7031 117902.336
0 13 1065 3391 159326.75 -27403.7344 117880.789
0 8 14 100 146437.078 -31461.0918 129848.5
0 8 15 100 147086.594 -31600.6348 129275.328
0 8 14 101 146499.562 -30329.9883 129903.906
0 8 15 101 147120.844 -30458.6113 129305.43
0 9 48 214 152937.25 -24792.5625 123962.812
0 9 49 214 153281.312 -24848.3379 123642.93
0 9 48 215 152937.562 -24195.2012 123963.062
0 9 49 215 153248.766 -24244.4355 123616.688
3 4 8 4 11264.6221 -180233.953 -78852.3594
3 4 9 4 33256.3594 -177367.25 -77598.1719
3 4 8 5 11721.0137 -187536.219 -58605.0664
3 4 9 5 34495.4102 -183975.531 -57492.3555
0 10 144 416 160653.047 -29965.5586 115312.492
0 10 145 416 160793.203 -29991.7012 115099.055
0 10 144 417 160702.75 -29660.957 115348.172
0 10 145 417 160838.344 -29685.9844 115131.352
0 17 16916 54444 159188.438 -26941.5059 118097.875
0 17 16917 54444 159189.625 -26941.7051 118096.328
0 17 16916 54445 159188.453 -26939.0781 118097.875
0 17 16917 54445 159189.625 -26939.2793 118096.328
0 8 40 118 163638.578 -12145.0498 111862.305
0 8 41 118 164376.562 -12199.8232 111082.602
0 8 40 119 163514.016 -10858.3525 111777.164
0 8 41 119 164231.391 -10905.9902 110984.484
0 14 2108 6818 159157.453 -26684.9062 118192.672
0 14 2109 6818 159167.297 -26686.5566 118180.547
0 14 2108 6819 159157.797 -26665.5391 118192.938
0 14 2109 6819 159168.109 -26667.2656 118181.164
0 9 82 212 163893.297 -27849.0547 111076.117
0 9 83 212 164171.516 -27896.332 110623.383
0 9 82 213 163966.016 -27220.9199 111125.406
0 9 83 213 164242.094 -27266.7539 110670.938
4 5 24 24 83516.1328 83516.1328 157206.844
4 5 25 24 91058.5156 81473.4062 153361.719
4 5 24 25 81936.3828 91575.9531 154233.188
4 5 25 25 89371.5781 89371.5781 150520.547
0 12 538 1690 159554.703 -27851.9551 117601.469
0 12 539 1690 159592.781 -27858.6035 117551.617
0 12 538 1691 159562.141 -27775.3418 117606.969
0 12 539 1691 159593.812 -27780.8574 117552.383
0 9 82 214 164062.375 -26596.0488 111190.711
0 9 83 214 164331 -26639.5957 110730.844
0 9 82 215 164132.391 -25966.2578 111238.164
0 9 83 215 164415.375 -26011.0254 110787.703
0 7 18 66 159923.859 6247.02588 113695.859
0 7 19 66 161224.984 6297.85059 112101.742
0 7 18 67 159722.906 8734.84668 113553.016
0 7 19 67 161015.938 8805.55957 111956.398
0 16 8462 27212 159196.203 -26990.1895 118082.977
0 16 8463 27212 159198.344 -26990.5508 118079.719
0 16 8462 27213 159197.125 -26985.4863 118083.664
0 16 8463 27213 159199.156 -26985.832 118080.32
0 7 12 66 152455.828 5955.30566 122679.297
0 7 13 66 153668.266 6002.6665 121253.867
0 7 12 67 152329.875 8330.54004 122577.953
0 7 13 67 153530.5 8396.2002 121145.164
2 4 8 6 12387.8779 198206.047 37163.6367
2 4 9 6 36602.832 195215.094 36602.832
2 4 8 7 12563.0791 201009.266 12563.0791
2 4 9 7 37118.3477 197964.516 12372.7822
0 9 52 220 154218.297 -21385.7422 122591.492
0 9 53 220 154563.703 -21433.6387 122262.305
0 9 52 221 154195.859 -20780.3008 122573.656
0 9 53 221 154521.547 -20824.1934 122228.953
0 16 8472 27214 159220.625 -26984.6113 118052.516
0 16 8473 27214 159223.344 -26985.0723 118049.672
0 16 8472 27215 159221.047 -26979.8262 118052.828
0 16 8473 27215 159223.797 -26980.2891 118050.008
0 10 120 434 156972.156 -23760.4336 120028.516
0 10 121 434 157156.641 -23788.3574 119862.625
0 10 120 435 156964.172 -23452.6543 120022.414
0 10 121 435 157132.188 -23477.7598 119843.984
4 4 2 10 -110551.562 50250.7109 160802.281
4 4 3 10 -95480.9531 53044.9727 169743.906
4 4 2 11 -107248.523 68249.0547 155997.859
4 4 3 11 -92086.8672 71623.1172 163709.984
0 6 6 40 149444.828 39696.2852 119088.844
0 6 7 40 151659 40284.4219 116113.922
0 6 6 41 148671.156 44136.7539 118472.336
0 6 7 41 150829.391 44777.4766 115478.758
0 13 1054 3416 159161.188 -26403.8164 118185.734
0 13 1055 3416 159181.297 -26407.1504 118161.797
0 13 1054 3417 159155.672 -26364.0449 118181.633
0 13 1055 3417 159175.188 -26367.2754 118157.266
0 16 8464 27212 159200.453 -26990.9102 118076.414
0 16 8465 27212 159202.562 -26991.2656 118073.125
0 16 8464 27213 159201.047 -26986.1523 118076.867
0 16 8465 27213 159202.953 -26986.4766 118073.414
0 15 4242 13602 159250.672 -27035.8711 118014.031
0 15 4243 13602 159254.891 -27036.5879 118007.445
0 15 4242 13603 159251.094 -27026.2266 118014.352
0 15 4243 13603 159255.891 -27027.041 118008.195
0 17 16924 54466 159200.75 -26890.1445 118087.562
0 17 16925 54466 159202.172 -26890.3867 118086.203
0 17 16924 54467 159200.984 -26887.7559 118087.75
0 17 16925 54467 159202.406 -26887.9961 118086.367
0 19 67708 217820 159202.141 -26918.0176 118082.234
0 19 67709 217820 159202.453 -26918.0684 118081.852
0 19 67708 217821 159202.156 -26917.4102 118082.234
0 19 67709 217821 159202.484 -26917.4629 118081.867
0 12 534 1688 159405.406 -27981.5645 117802.781
0 12 535 1688 159439.219 -27987.5 117749.914
0 12 534 1689 159410.641 -27904.6465 117806.648
0 12 535 1689 159448.875 -27911.3398 117757.047
0 10 114 420 156091.578 -27895.2715 121184.375
0 10 115 420 156274 -27927.875 121020.789
0 10 114 421 156069.094 -27586.4316 121166.93
0 10 115 421 156251.516 -27618.6758 121003.367
4 4 0 0 -110766.109 -110766.109 118150.523
4 4 1 0 -100271.906 -115698.352 123411.578
4 4 0 1 -115303.625 -99929.8125 122990.539
4 4 1 1 -104688.852 -104688.852 128847.812
0 6 2 40 140894.172 37425.0156 129886.812
0 6 3 40 143000.359 37984.4688 127359.695
0 6 2 41 140243.328 41634.7383 129286.82
0 6 3 41 142317.562 42250.5273 126751.578
0 18 33878 108912 159215 -26917.4551 118062.312
0 18 33879 108912 159215.594 -26917.5547 118061.539
0 18 33878 108913 159215.141 -26916.2637 118062.414
0 18 33879 108913 159215.703 -26916.3594 118061.625
0 7 30 48 173584.297 -42039.9453 90860.5312
0 7 31 48 174703.391 -42310.9766 88716.5625
0 7 30 49 174040.484 -39431.0469 91099.3125
0 7 31 49 175157.812 -39684.1914 88947.3281
0 18 33878 108906 159214.375 -26924.6387 118061.852
0 18 33879 108906 159214.953 -26924.7363 118061.062
0 18 33878 108907 159214.438 -26923.4336 118061.891
0 18 33879 108907 159215.016 -26923.5332 118061.117
0 6 12 12 151564.781 -92359.7891 92359.7891
0 6 13 12 153348.734 -93446.8828 88654.7344
0 6 12 13 153209.875 -88574.4609 93362.2734
0 6 13 13 155020.438 -89621.1953 89621.1953
0 14 2118 6792 159203.391 -27197.8945 118032.453
0 14 2119 6792 159215.531 -27199.9688 118022.008
0 14 2118 6793 159206.797 -27179.043 118034.977
0 14 2119 6793 159217.969 -27180.9492 118023.82
0 13 1074 3400 159517.375 -27086.0195 117671.328
0 13 1075 3400 159537.406 -27089.4199 117647.141
0 13 1074 3401 159516.812 -27046.9805 117670.906
0 13 1075 3401 159539.109 -27050.7598 117648.406
0 13 1044 3392 158899.078 -27291.3809 118379.031
0 13 1045 3392 158919.109 -27294.8203 118355.156
0 13 1044 3393 158898.359 -27252.4648 118378.508
0 13 1045 3393 158918.125 -27255.8555 118354.43
4 6 60 38 128656.219 29342.6465 144456.094
4 6 61 38 131120.125 28890.877 142232
4 6 60 39 128168.758 33728.6211 143908.781
4 6 61 39 130622.477 33209.1016 141692.172
0 8 48 110 168674.953 -23061.0293 104762.961
0 8 49 110 169248.078 -23139.3867 103796.672
0 8 48 111 168798.203 -21759.1426 104839.508
0 8 49 111 169368.438 -21832.6504 103870.492
0 14 2098 6806 159038.188 -26897.877 118298.234
0 14 2099 6806 159049.312 -26899.7559 118287.102
0 14 2098 6807 159040.078 -26878.7832 118299.641
0 14 2099 6807 159051.438 -26880.7031 118288.688
0 14 2118 6820 159244.109 -26660.5566 118062.625
0 14 2119 6820 159252.281 -26661.9277 118049.258
0 14 2118 6821 159243.297 -26640.9844 118062.031
0 14 2119 6821 159251.281 -26642.3203 118048.516
0 14 2116 6820 159229.047 -26658.0391 118090.344
0 14 2117 6820 159236.062 -26659.2109 118076.109
0 14 2116 6821 159226.594 -26638.1895 118088.516
0 14 2117 6821 159235.547 -26639.6875 118075.719
2 4 14 14 107914.398 132817.719 -107914.398
2 4 15 14 118457.234 126354.391 -102662.938
2 4 14 15 103269.805 127101.297 -119157.461
2 4 15 15 113384.82 120943.805 -113384.82
4 6 52 28 105634.469 -18035.1543 164892.828
4 6 53 28 109184.117 -17774.1582 162506.578
4 6 52 29 105730.758 -12893.9951 165043.125
4 6 53 29 109313.031 -12710.8174 162698.453
0 16 8482 27228 159242.328 -26920.252 118020.008
0 16 8483 27228 159244.656 -26920.6484 118016.867
0 16 8482 27229 159242.094 -26915.3535 118019.836
0 16 8483 27229 159244.078 -26915.6914 118016.445
0 16 8462 27240 159205.891 -26855.793 118090.172
0 16 8463 27240 159207.766 -26856.1074 118086.703
0 16 8462 27241 159205.953 -26850.9453 118090.219
0 16 8463 27241 159207.969 -26851.2832 118086.852
0 11 266 836 159208.688 -29151.9824 117774.008
0 11 267 836 159270.609 -29163.3184 117664.266
0 11 266 837 159215.141 -28997.6797 117778.781
0 11 267 837 159285.297 -29010.459 117675.133
0 12 540 1712 159666.047 -26156.2285 117527.625
0 12 541 1712 159710.094 -26163.4434 117482.047
0 12 540 1713 159658.875 -26077.0977 117522.352
0 12 541 1713 159705.266 -26084.6719 117478.508
0 11 246 848 157627.75 -27015.3027 119683.172
0 11 247 848 157721.891 -27031.4395 119600.641
0 11 246 849 157625.781 -26861.0352 119681.68
0 11 247 849 157721.656 -26877.373 119600.461
0 18 33874 108918 159213.312 -26909.8848 118065.922
0 18 33875 108918 159213.859 -26909.9727 118065.109
0 18 33874 108919 159213.391 -26908.6797 118065.969
0 18 33875 108919 159213.938 -26908.7715 118065.164
0 18 33876 108916 159214.281 -26912.4746 118064.195
0 18 33877 108916 159214.844 -26912.5703 118063.414
0 18 33876 108917 159214.328 -26911.2695 118064.242
0 18 33877 108917 159214.891 -26911.3633 118063.445
0 15 4246 13622 159271.578 -26845 117990.648
0 15 4247 13622 159276.516 -26845.8301 117984.578
0 15 4246 13623 159272.875 -26835.4941 117991.609
0 15 4247 13623 159277.5 -26836.2773 117985.312
0 15 4222 13600 159150.672 -27038.3242 118134.219
0 15 4223 13600 159154.891 -27039.043 118127.641
0 15 4222 13601 159152.328 -27028.8887 118135.43
0 15 4223 13601 159156.312 -27029.5684 118128.695
0 16 8454 27214 159179.125 -26977.5781 118109.18
0 16 8455 27214 159181.516 -26977.9844 118106.094
0 16 8454 27215 159179.594 -26972.7988 118109.523
0 16 8455 27215 159181.828 -26973.1777 118106.328
0 18 33850 108896 159199.062 -26934.1934 118084.5
0 18 33851 108896 159199.656 -26934.2949 118083.727
0 18 33850 108897 159199.219 -26933.0059 118084.609
0 18 33851 108897 159199.828 -26933.1094 118083.852
0 13 1042 3408 158875.812 -26666.7793 118439.289
0 13 1043 3408 158899.688 -26670.7871 118418.289
0 13 1042 3409 158878.359 -26628.418 118441.18
0 13 1043 3409 158901.938 -26632.3691 118419.961
0 8 22 92 150730.359 -41804.1211 124234.789
0 8 23 92 151283.219 -41957.457 123508.578
0 8 22 93 150996.922 -40698.3867 124454.484
0 8 23 93 151531.781 -40842.5508 123711.492
0 12 524 1714 159002.172 -25892.1992 118281.164
0 12 525 1714 159044.656 -25899.1172 118235.102
0 12 524 1715 158992.109 -25812.9297 118273.664
0 12 525 1715 159039.609 -25820.6387 118231.352
0 11 266 864 159365.188 -24822.9941 117889.773
0 11 267 864 159452.25 -24836.5566 117798.469
0 11 266 865 159356.109 -24665.959 117883.055
0 11 267 865 159447.75 -24680.1445 117795.133
0 19 67736 217826 159209.703 -26915.6484 118070.836
0 19 67737 217826 159209.938 -26915.6914 118070.406
0 19 67736 217827 159209.75 -26915.0508 118070.867
0 19 67737 217827 159210 -26915.0918 118070.445
0 11 274 862 160019.156 -25237.3945 117123.398
0 11 275 862 160099.266 -25250.0293 117025.68
0 11 274 863 160034.047 -25083.4629 117134.305
0 11 275 863 160115.234 -25096.1855 117037.359
0 16 8482 27226 159243.594 -26930.1895 118020.953
0 16 8483 27226 159246.188 -26930.627 118018
0 16 8482 27227 159242.766 -26925.1895 118020.336
0 16 8483 27227 159245.375 -26925.627 118017.398
0 9 80 206 162862.312 -31490.9531 111649.75
0 9 81 206 163181.516 -31552.6758 111231.156
0 9 80 207 162927.609 -30867.1465 111694.523
0 9 81 207 163241.25 -30926.5645 111271.859
0 9 58 224 156202.312 -19220.207 120507.648
0 9 59 224 156536.297 -19261.3027 120153.844
0 9 58 225 156147.25 -18603.4824 120465.172
0 9 59 225 156488.578 -18644.1484 120117.211
5 4 2 0 89859.0781 -122535.109 -130704.109
5 4 3 0 76170.7578 -126951.266 -135414.688
5 4 2 1 94470.6094 -111647.086 -137411.797
5 4 3 1 80326.1328 -116026.641 -142802.031
0 13 1042 3394 158862.312 -27207.498 118429.211
0 13 1043 3394 158879.734 -27210.4805 118403.414
0 13 1042 3395 158860.688 -27168.4375 118428
0 13 1043 3395 158879.516 -27171.6543 118403.25
4 5 26 26 94530.8359 94530.8359 144046.984
4 5 27 26 101018.562 92234.3359 140547.562
4 5 26 27 92757.5156 101591.57 141344.781
4 5 27 27 99151.1094 99151.1094 137949.375
0 13 1064 3416 159337.172 -26433.0098 117927.398
0 13 1065 3416 159352.953 -26435.6289 117900.18
0 13 1064 3417 159339.062 -26394.4219 117928.797
0 13 1065 3417 159355.359 -26397.123 117901.969
0 17 16920 54464 159195.172 -26894.0645 118093.141
0 17 16921 54464 159196.359 -26894.2656 118091.602
0 17 16920 54465 159195.422 -26891.6738 118093.336
0 17 16921 54465 159196.594 -26891.875 118091.766
0 13 1072 3396 159469 -27233.5352 117713.5
0 13 1073 3396 159487.047 -27236.6172 117687.883
0 13 1072 3397 159474.859 -27195.6035 117717.836
0 13 1073 3397 159494.359 -27198.9277 117693.281
0 7 18 38 154873.234 -61707.3086 110105.195
0 7 19 38 155963.109 -62141.5508 108443.102
0 7 18 39 155462.359 -59512.9336 110524.023
0 7 19 39 156573.969 -59938.4727 108867.836
0 11 264 864 159187.281 -24795.2832 118069.086
0 11 265 864 159275.797 -24809.0723 117979.188
0 11 264 865 159176.016 -24638.084 118060.719
0 11 265 865 159272.266 -24652.9824 117976.578
0 10 116 430 156310.594 -24881.4727 120743.836
0 10 117 430 156497.469 -24911.2207 120582.531
0 10 116 431 156290.938 -24573.0859 120728.648
0 10 117 431 156458.609 -24599.4512 120552.586
0 12 536 1714 159514.281 -25975.5938 117727.461
0 12 537 1714 159550.859 -25981.5469 117676.539
0 12 536 1715 159514.531 -25897.7461 117727.641
0 12 537 1715 159554.766 -25904.2773 117679.438
0 19 67714 217804 159203.484 -26927.959 118079.578
0 19 67715 217804 159203.734 -26928.002 118079.156
0 19 67714 217805 159203.516 -26927.3574 118079.609
0 19 67715 217805 159203.75 -26927.3965 118079.172
0 14 2104 6794 159064.703 -27135.3672 118201.469
0 14 2105 6794 159074.391 -27137.0215 118189.242
0 14 2104 6795 159065.594 -27116.1016 118202.117
0 14 2105 6795 159076.156 -27117.9023 118190.555
0 5 14 20 192400.688 54112.6914 18037.5645
0 5 15 20 192993.156 54279.3281 6031.03613
0 5 14 21 189160.875 65024.0547 17733.834
0 5 15 21 189817.594 65249.7969 5931.7998
0 12 544 1696 159776.828 -27422.6348 117297.102
0 12 545 1696 159803.016 -27427.1289 117238.297
0 12 544 1697 159778.328 -27344.873 117298.203
0 12 545 1697 159807.156 -27349.8086 117241.328
0 9 50 218 153555.953 -22493.5469 123264.641
0 9 51 218 153872.844 -22539.9688 122917.961
0 9 50 219 153554.25 -21893.4766 123263.273
0 9 51 219 153903.672 -21943.2969 122942.57
0 12 544 1708 159839.969 -26496.9102 117343.453
0 12 545 1708 159873.234 -26502.4238 117289.812
0 12 544 1709 159828.594 -26416.9824 117335.102
0 12 545 1709 159878.297 -26425.1953 117293.516
0 5 4 28 134631.219 105180.641 96766.1875
0 5 5 28 137567.234 107474.406 90278.5
0 5 4 29 131675.141 111100.891 94641.5078
0 5 5 29 134462.672 113452.883 88241.125
0 14 2102 6814 159093.172 -26751.8105 118261.445
0 14 2103 6814 159103.062 -26753.4766 118249.398
0 14 2102 6815 159093.281 -26732.4082 118261.539
0 14 2103 6815 159103.828 -26734.1836 118249.953
4 5 22 22 69300.875 69300.875 170586.781
4 5 23 22 78195.9922 67769.8594 166818.109
4 5 22 23 68065.7422 78537.3906 167546.438
4 5 23 23 76836.4688 76836.4688 163917.797
0 10 148 422 161480.359 -28227.5234 114644.742
0 10 149 422 161634.625 -28254.4922 114438.57
0 10 148 423 161533.5 -27921.3164 114682.477
0 10 149 423 161705.656 -27951.0742 114488.867
0 11 252 838 158126.047 -28644.9043 119135.008
0 11 253 838 158204.484 -28659.1133 119039.602
0 11 252 839 158133.75 -28491.873 119140.812
0 11 253 839 158216.984 -28506.8691 119049.008
0 16 8448 27220 159166.406 -26946.2812 118128.891
0 16 8449 27220 159168.484 -26946.6309 118125.578
0 16 8448 27221 159166.469 -26941.4297 118128.93
0 16 8449 27221 159168.5 -26941.7754 118125.594
0 19 67716 217828 159204.812 -26913.6094 118079.359
0 19 67717 217828 159205.078 -26913.6543 118078.953
0 19 67716 217829 159204.828 -26913.0039 118079.367
0 19 67717 217829 159205.125 -26913.0547 118078.969
0 18 33844 108906 159195.5 -26921.4453 118089.141
0 18 33845 108906 159196.219 -26921.5664 118088.461
0 18 33844 108907 159195.438 -26920.2207 118089.094
0 18 33845 108907 159196.141 -26920.3418 118088.406
0 10 114 426 156035.75 -26056.75 121141.031
0 10 115 426 156218.594 -26087.2852 120977.883
0 10 114 427 156013.969 -25748.3984 121124.133
0 10 115 427 156196.797 -25778.5742 120960.992
0 13 1074 3408 159517.859 -26774.543 117671.688
0 13 1075 3408 159542.766 -26778.7246 117651.117
0 13 1074 3409 159515.578 -26735.2168 117670
0 13 1075 3409 159539.188 -26739.1738 117648.461
0 19 67724 217830 159206.984 -26912.7617 118076.109
0 19 67725 217830 159207.219 -26912.8008 118075.68
0 19 67724 217831 159207 -26912.1562 118076.117
0 19 67725 217831 159207.25 -26912.1973 118075.695
0 8 16 96 147627.578 -36330.2266 128597.461
0 8 17 96 148256.797 -36485.0703 127987.32
0 8 16 97 147646.75 -35181.4531 128614.172
0 8 17 97 148335.578 -35345.5859 128055.32
0 10 130 410 158469.031 -31415.248 118078
0 10 131 410 158632.547 -31447.6621 117890.016
0 10 130 411 158502.672 -31112.3438 118103.07
0 10 131 411 158659.797 -31143.1816 117910.258
0 16 8480 27234 159237.781 -26890.3281 118026.352
0 16 8481 27234 159239.953 -26890.6953 118023.109
0 16 8480 27235 159237.766 -26885.4668 118026.352
0 16 8481 27235 159239.891 -26885.8262 118023.062
3 4 2 12 -102816.953 -149551.922 84122.9609
3 4 3 12 -88097.2891 -156617.406 88097.2891
3 4 2 13 -98411.9531 -143144.656 98411.9531
3 4 3 13 -84134.4062 -149572.281 102830.938
0 14 2098 6802 159023.391 -26973.0234 118287.234
0 14 2099 6802 159034.141 -26974.8477 118275.82
0 14 2098 6803 159025.703 -26954.0039 118288.953
0 14 2099 6803 159037.125 -26955.9395 118278.047
0 14 2126 6818 159306.516 -26709.9004 117953.328
0 14 2127 6818 159312.891 -26710.9688 117938.609
0 14 2126 6819 159308.188 -26690.7344 117954.57
0 14 2127 6819 159313.641 -26691.6465 117939.156
0 18 33870 108896 159210.25 -26936.0879 118068.5
0 18 33871 108896 159210.828 -26936.1855 118067.719
0 18 33870 108897 159210.156 -26934.8594 118068.438
0 18 33871 108897 159210.766 -26934.959 118067.672
0 11 280 856 160546.047 -26261.1953 116568.336
0 11 281 856 160616.062 -26272.6484 116462.328
0 11 280 857 160555.078 -26105.8809 116574.898
0 11 281 857 160634.078 -26118.7227 116475.391
0 13 1040 3398 158817.734 -27044.7695 118473.539
0 13 1041 3398 158839.234 -27048.4297 118450.797
0 13 1040 3399 158820.672 -27006.4922 118475.719
0 13 1041 3399 158841.625 -27010.0566 118452.578
4 4 0 2 -119807.82 -87859.0703 127795
4 4 1 2 -109167.039 -92372.1094 134359.438
4 4 0 3 -124057.719 -74434.6328 132328.234
4 4 1 3 -113547.719 -78609.9531 139751.031
0 14 2124 6794 159263.547 -27169.2871 117960.398
0 14 2125 6794 159269.797 -27170.3535 117945.586
0 14 2124 6795 159264.938 -27150.084 117961.43
0 14 2125 6795 159272.016 -27151.2891 117947.234
0 16 8460 27212 159191.719 -26989.4258 118089.375
0 16 8461 27212 159193.984 -26989.8125 118086.195
0 16 8460 27213 159192.484 -26984.6973 118089.945
0 16 8461 27213 159194.891 -26985.1074 118086.875
0 19 67726 217830 159207.469 -26912.8418 118075.242
0 19 67727 217830 159207.719 -26912.8828 118074.82
0 19 67726 217831 159207.5 -26912.2422 118075.273
0 19 67727 217831 159207.734 -26912.2812 118074.844
0 17 16918 54442 159190.766 -26946.7559 118094.734
0 17 16919 54442 159191.969 -26946.9609 118093.203
0 17 16918 54443 159190.766 -26944.3301 118094.742
0 17 16919 54443 159191.938 -26944.5254 118093.18
0 10 138 438 160154.031 -22990.8613 116831.109
0 10 139 438 160343.078 -23018 116655.852
0 10 138 439 160126.047 -22674.0996 116810.703
0 10 139 439 160317.016 -22701.1406 116636.898
0 10 128 410 158167.688 -31355.5078 118471.297
0 10 129 410 158306.562 -31383.0391 118266.133
0 10 128 411 158218.203 -31056.502 118509.141
0 10 129 411 158354.875 -31083.3281 118302.227
0 9 78 222 163381.641 -21380.0195 113282.203
0 9 79 222 163716.672 -21423.8613 112874.969
0 9 78 223 163391.797 -20743.0996 113289.242
0 9 79 223 163733.469 -20786.4746 112886.555
0 6 8 10 141797.469 -95270.1719 104132.516
0 6 9 10 143462.672 -96388.9844 100872.195
0 6 8 11 143260.984 -91776.5703 105207.289
0 6 9 11 144888.375 -92819.1172 101874.641
0 11 272 838 159631.375 -28917.5996 117151.352
0 11 273 838 159704.703 -28930.8828 117049.195
0 11 272 839 159645.109 -28764.1836 117161.438
0 11 273 839 159716.812 -28777.1016 117058.078
0 10 146 418 161015.703 -29404.2344 114943.828
0 10 147 418 161174.031 -29433.1504 114742.062
0 10 146 419 161055.094 -29096.8691 114971.953
0 10 147 419 161212.766 -29125.3535 114769.633
0 8 14 108 146658.75 -22342.5449 130045.062
0 8 15 108 147268.266 -22435.4004 129435
0 8 14 109 146688.438 -21201.0645 130071.391
0 8 15 109 147297.875 -21289.1465 129461.023
4 4 2 12 -103319.492 84534.1328 150282.891
4 4 3 12 -88493.2031 88493.2031 157321.25
4 4 2 13 -99107.1484 99107.1484 144155.859
4 4 3 13 -84570.3281 103363.727 150347.234
0 17 16922 54440 159196 -26952.502 118088.906
0 17 16923 54440 159197.25 -26952.7148 118087.406
0 17 16922 54441 159195.828 -26950.0449 118088.781
0 17 16923 54441 159197.047 -26950.25 118087.258
0 16 8456 27238 159190.781 -26862.959 118108.117
0 16 8457 27238 159193.078 -26863.3457 118104.969
0 16 8456 27239 159191.531 -26858.2246 118108.664
0 16 8457 27239 159193.797 -26858.6074 118105.484
0 6 14 38 169506.688 34431.0469 92698.9688
0 6 15 38 171875.516 34912.2148 88623.3125
0 6 14 39 168448.984 39480.2305 92120.5391
0 6 15 39 170768.672 40023.9062 88052.6016
0 10 128 438 158350.281 -22731.9238 118608.07
0 10 129 438 158541.562 -22759.3828 118441.688
0 10 128 439 158337.922 -22420.8965 118598.812
0 10 129 439 158518.344 -22446.4453 118424.359
0 13 1068 3392 159391.016 -27375.873 117811.594
0 13 1069 3392 159408.797 -27378.9258 117785.812
0 13 1068 3393 159389.812 -27336.752 117810.703
0 13 1069 3393 159409.594 -27340.1484 117786.422
0 16 8466 27212 159204.75 -26991.6387 118069.883
0 16 8467 27212 159207 -26992.0176 118066.703
0 16 8466 27213 159204.984 -26986.8184 118070.062
0 16 8467 27213 159207.188 -26987.1914 118066.836
0 13 1056 3388 159138.234 -27487.8652 118090.977
0 13 1057 3388 159157.484 -27491.1895 118066.406
0 13 1056 3389 159137.609 -27448.9043 118090.516
0 13 1057 3389 159157.953 -27452.4141 118066.75
0 16 8478 27218 159238.641 -26968.2266 118036.703
0 16 8479 27218 159241.109 -26968.6465 118033.68
0 16 8478 27219 159238.547 -26963.3516 118036.648
0 16 8479 27219 159241.156 -26963.791 118033.719
0 6 0 40 136796.141 36336.4727 134658.688
0 6 1 40 138824.516 36875.2617 132317.109
0 6 0 41 136192.359 40432.1055 134064.344
0 6 1 41 138205.375 41029.7227 131727
4 7 124 46 133264.422 -38547.5625 140973.938
4 7 125 46 134429.25 -38252.2227 139893.844
4 7 124 47 133366.609 -36372.7148 141082.031
4 7 125 47 134540.781 -36096.3086 140009.922
0 14 2132 6812 159354.078 -26834.5859 117871.836
0 14 2133 6812 159362.734 -26836.0469 117858.781
0 14 2132 6813 159357 -26815.627 117873.992
0 14 2133 6813 159365 -26816.9746 117860.453
0 10 142 414 160289 -30523.7852 115677.312
0 10 143 414 160428.25 -30550.3027 115464.477
0 10 142 415 160327.047 -30217.8906 115704.781
0 10 143 415 160472.297 -30245.2676 115496.18
0 11 246 850 157612.969 -26704.9316 119671.953
0 11 247 850 157712.672 -26721.8242 119593.648
0 11 246 851 157610.594 -26550.6133 119670.156
0 11 247 851 157701.453 -26565.9199 119585.141
0 8 46 114 168020.812 -17720.9434 106982
0 8 47 114 168581.906 -17780.1211 106022.219
0 8 46 115 168131.984 -16419.1387 107052.789
0 8 47 115 168730.125 -16477.5508 106115.422
0 13 1040 3404 158831.156 -26814.3906 118483.547
0 13 1041 3404 158851.766 -26817.8691 118460.133
0 13 1040 3405 158830.75 -26775.5469 118483.242
0 13 1041 3405 158850.969 -26778.9551 118459.547
0 14 2120 6820 159259.375 -26663.1133 118035.062
0 14 2121 6820 159267.766 -26664.5195 118021.844
0 14 2120 6821 159260.359 -26643.8379 118035.805
0 14 2121 6821 159269.156 -26645.3105 118022.883
0 11 268 864 159543.328 -24850.7422 117709.945
0 11 269 864 159629 -24864.0879 117617.266
0 11 268 865 159531.109 -24693.0488 117700.938
0 11 269 865 159626.344 -24707.7871 117615.305
0 18 33854 108920 159203.203 -26905.7461 118082.711
0 18 33855 108920 159203.844 -26905.8516 118081.969
0 18 33854 108921 159203.328 -26904.5527 118082.812
0 18 33855 108921 159203.969 -26904.6582 118082.062
0 14 2114 6820 159212.422 -26655.2539 118116.883
0 14 2115 6820 159220.828 -26656.6621 118103.68
0 14 2114 6821 159210.781 -26635.543 118115.672
0 14 2115 6821 159219.359 -26636.9785 118102.594
0 13 1054 3388 159097.953 -27480.9082 118138.773
0 13 1055 3388 159117.219 -27484.2344 118114.234
0 13 1054 3389 159097.5 -27441.9863 118138.445
0 13 1055 3389 159117.516 -27445.4434 118114.461
0 6 8 40 153867.562 40871.0742 112996.5
0 6 9 40 156096.875 41463.2305 109755.617
0 6 8 41 152987.484 45418.1602 112350.188
0 6 9 41 155177.969 46068.4609 109109.508
0 16 8476 27238 159233.469 -26870.1602 118042.594
0 16 8477 27238 159235.109 -26870.4395 118038.953
0 16 8476 27239 159233.953 -26865.3828 118042.945
0 16 8477 27239 159235.609 -26865.6641 118039.32
0 8 18 94 148825 -38950.293 127315.141
0 8 19 94 149518.891 -39131.8984 126740.625
0 8 18 95 148921.812 -37812.1797 127397.953
0 8 19 95 149595.406 -37983.207 126805.484
5 4 0 14 116678.695 101121.539 -124457.281
5 4 1 14 106024.148 106024.148 -130491.258
5 4 0 15 113205.906 113205.906 -120752.969
5 4 1 15 102567.891 118347.562 -126237.406
0 11 246 846 157631.594 -27323.8359 119686.094
0 11 247 846 157718.062 -27338.8223 119597.719
0 11 246 847 157638.641 -27171.1113 119691.445
0 11 247 847 157711.859 -27183.7344 119593.031
4 6 52 22 102955.438 -47711.0547 160710.922
4 6 53 22 106561.867 -47085.4727 158603.703
4 6 52 23 103759.828 -43022.3672 161966.562
4 6 53 23 107450.984 -42480.6211 159927.047
0 12 518 1688 158715.094 -27860.3906 118532.586
0 12 519 1688 158748.641 -27866.2754 118480.125
0 12 518 1689 158722.172 -27784.1309 118537.875
0 12 519 1689 158760.625 -27790.8633 118489.078
0 19 67738 217824 159210.062 -26916.9238 118069.883
0 19 67739 217824 159210.281 -26916.9629 118069.445
0 19 67738 217825 159210.125 -26916.3281 118069.93
0 19 67739 217825 159210.375 -26916.3691 118069.508
0 15 4240 13626 159253.172 -26803.0156 118035.336
0 15 4241 13626 159257.641 -26803.7676 118028.93
0 15 4240 13627 159253.859 -26793.4121 118035.852
0 15 4241 13627 159258.438 -26794.1836 118029.508
0 8 44 116 166868.531 -14992.0947 108855.641
0 8 45 116 167536.141 -15052.0752 107982.289
0 8 44 117 166781.812 -13681.3203 108799.07
0 8 45 117 167561.062 -13745.2432 107998.344
0 11 256 862 158453.016 -24990.3945 118762.398
0 11 257 862 158541.609 -25004.3652 118673.961
0 11 256 863 158446.016 -24834.5547 118757.148
0 11 257 863 158543.938 -24849.9023 118675.711
4 5 20 4 43706.0977 -111693.359 155399.453
4 5 21 4 52710.8789 -110213.648 153340.734
4 5 20 5 44910.0508 -104790.117 159680.172
4 5 21 5 54118.8242 -103317.75 157436.578
0 15 4244 13624 159266.609 -26824.7188 118006.398
0 15 4245 13624 159270.719 -26825.4121 117999.727
0 15 4244 13625 159268.141 -26815.2559 118007.547
0 15 4245 13625 159272.062 -26815.916 118000.727
0 5 12 0 141007.812 -136601.328 30845.459
0 5 13 0 141285 -136869.844 22075.7812
0 5 12 1 146229.953 -132520.891 31987.8008
0 5 13 1 146507.859 -132772.75 22891.8535
0 9 80 220 163938.781 -22733.6973 112387.711
0 9 81 220 164206.531 -22770.8281 111929.852
0 9 80 221 164001.547 -22101.7715 112430.742
0 9 81 221 164262.953 -22137 111968.305
0 15 4248 13608 159277.844 -26982.1562 117975.844
0 15 4249 13608 159281.609 -26982.7949 117968.906
0 15 4248 13609 159278.312 -26972.5137 117976.195
0 15 4249 13609 159282.125 -26973.1582 117969.289
0 17 16940 54466 159218.422 -26893.1309 118061.82
0 17 16941 54466 159219.281 -26893.2773 118060.023
0 17 16940 54467 159218.75 -26890.7598 118062.055
0 17 16941 54467 159219.609 -26890.9023 118060.258
0 11 280 846 160338.578 -27793.0625 116417.711
0 11 281 846 160409.734 -27805.3984 116312.727
0 11 280 847 160359.078 -27640.0195 116432.602
0 11 281 847 160424.906 -27651.3633 116323.727
0 16 8448 27230 159168.891 -26898.125 118130.734
0 16 8449 27230 159170.844 -26898.4551 118127.32
0 16 8448 27231 159169.531 -26893.375 118131.211
0 16 8449 27231 159171.422 -26893.6934 118127.75
0 14 2132 6802 159346.688 -27027.8613 117866.359
0 14 2133 6802 159355.141 -27029.291 117853.172
0 14 2132 6803 159344.156 -27007.9785 117864.492
0 14 2133 6803 159351.344 -27009.1973 117850.352
5 4 2 2 98931.125 -98931.125 -143899.812
5 4 3 2 84473.5469 -103245.445 -150175.188
5 4 2 3 103140.703 -84387.8516 -150022.844
5 4 3 3 88429.1875 -88429.1875 -157207.438
0 9 54 222 154857.641 -20264.5762 121889.906
0 9 55 222 155199.188 -20309.2695 121552.492
0 9 54 223 154824.984 -19655.5156 121864.195
0 9 55 223 155155.953 -19697.5332 121518.633
0 5 16 16 200481.047 6265.03271 -6265.03271
0 5 17 16 199332.922 6229.15381 -18687.4629
0 5 16 17 199522.922 18705.2734 -6235.09131
0 5 17 17 198381.812 18598.2949 -18598.2949
0 7 4 38 139977.484 -55772.2734 130135.312
0 7 5 38 141201.641 -56260.0273 129067.125
0 7 4 39 140505.562 -53787.2852 130626.258
0 7 5 39 141600.75 -54206.5352 129431.938
3 4 0 14 -115702.203 -123415.688 100275.242
3 4 1 14 -105204.75 -129482.758 105204.75
3 4 0 15 -110898.109 -118291.312 110898.109
3 4 1 15 -100457.039 -123639.438 115911.969
0 18 33844 108904 159195.547 -26923.8848 118089.188
0 18 33845 108904 159196.297 -26924.0117 118088.516
0 18 33844 108905 159195.516 -26922.6621 118089.148
0 18 33845 108905 159196.25 -26922.7871 118088.5
0 9 82 210 163782.781 -29109.8301 111001.211
0 9 83 210 164054.281 -29158.084 110544.391
0 9 82 211 163829.859 -28478.2363 111033.125
0 9 83 211 164098.344 -28524.9102 110574.086
0 5 16 8 181897.594 -85264.5 -5684.2998
0 5 17 8 181158.312 -84917.9609 -16983.5938
0 5 16 9 186206.625 -75646.4453 -5818.95703
0 5 17 9 185463.344 -75344.4844 -17387.1895
0 9 82 216 164177.609 -25332.0938 111268.812
0 9 83 216 164452.578 -25374.5195 110812.773
0 9 82 217 164273.734 -24705.2305 111333.953
0 9 83 217 164558.484 -24748.0547 110884.141
0 10 148 430 161772.781 -25750.9414 114852.359
0 10 149 430 161914.328 -25773.4746 114636.609
0 10 148 431 161850.609 -25447.2148 114907.617
0 10 149 431 161999.484 -25470.6191 114696.891
2 4 12 12 88825.9922 157912.875 -88825.9922
2 4 13 12 104374.156 151816.953 -85397.0391
2 4 12 13 84852.0312 150848.047 -103708.031
2 4 13 13 99809.1016 145176.875 -99809.1016
0 19 67740 217818 159210.125 -26920.5801 118068.727
0 19 67741 217818 159210.359 -26920.6191 118068.289
0 19 67740 217819 159210.188 -26919.9824 118068.758
0 19 67741 217819 159210.453 -26920.0293 118068.352
0 18 33854 108894 159201.141 -26936.9785 118081.195
0 18 33855 108894 159201.75 -26937.0781 118080.414
0 18 33854 108895 159201.281 -26935.7832 118081.289
0 18 33855 108895 159201.859 -26935.8828 118080.508
0 9 50 202 153791.688 -32140.0605 123453.883
0 9 51 202 154134.719 -32211.748 123127.148
0 9 50 203 153784.047 -31537.7441 123447.742
0 9 51 203 154138.5 -31610.4336 123130.172
0 16 8482 27230 159241.812 -26910.4453 118019.617
0 16 8483 27230 159243.688 -26910.7637 118016.148
0 16 8482 27231 159241.875 -26905.5957 118019.672
0 16 8483 27231 159243.812 -26905.9258 118016.25
0 5 8 26 154150.781 101161.453 72258.1797
0 5 9 26 158237.609 103843.438 64284.0352
0 5 8 27 150885.453 108448.922 70727.5547
0 5 9 27 154241.406 110861.008 62660.5703
0 17 16946 54448 159222.922 -26937.623 118050.57
0 17 16947 54448 159224.25 -26937.8477 118049.133
0 17 16946 54449 159222.922 -26935.1953 118050.562
0 17 16947 54449 159224.234 -26935.418 118049.117
0 15 4216 13618 159144.297 -26862.4004 118187.75
0 15 4217 13618 159148.844 -26863.168 118181.43
0 15 4216 13619 159144.734 -26852.7598 118188.086
0 15 4217 13619 159149.219 -26853.5176 118181.695
0 14 2104 6816 159115.188 -26716.666 118238.977
0 14 2105 6816 159125.938 -26718.4727 118227.539
0 14 2104 6817 159116.938 -26697.5371 118240.281
0 14 2105 6817 159126.938 -26699.2148 118228.289
0 15 4214 13612 159127.953 -26917.916 118195.047
0 15 4215 13612 159133.531 -26918.8594 118189.477
0 15 4214 13613 159129.281 -26908.4258 118196.031
0 15 4215 13613 159134.828 -26909.3652 118190.445
0 17 16914 54446 159186.094 -26936.252 118100.992
0 17 16915 54446 159187.25 -26936.4453 118099.414
0 17 16914 54447 159186.078 -26933.8184 118100.977
0 17 16915 54447 159187.188 -26934.0059 118099.367
0 8 18 114 149126.625 -15728.1982 127573.164
0 8 19 114 149754.438 -15794.4131 126940.289
0 8 18 115 149119.906 -14562.4922 127567.422
0 8 19 115 149733.797 -14622.4414 126922.781
0 10 132 410 158777.531 -31476.4062 117687.648
0 10 133 410 158888.734 -31498.4512 117459.742
0 10 132 411 158802.344 -31171.1621 117706.031
0 10 133 411 158924.797 -31195.2012 117486.406
4 7 124 56 134384.031 -16659.1777 142158.312
4 7 125 56 135569.062 -16532.8125 141080
4 7 124 57 134456.906 -14445.7832 142235.406
4 7 125 57 135616.453 -14333.4453 141129.312
0 18 33844 108908 159195.375 -26918.9961 118089.062
0 18 33845 108908 159196.109 -26919.1211 118088.375
0 18 33844 108909 159195.359 -26917.7793 118089.039
0 18 33845 108909 159196.078 -26917.8984 118088.352
0 7 10 66 150052.938 5861.44287 125434.883
0 7 11 66 151270.094 5908.98828 124088.75
0 7 10 67 149965.609 8201.24414 125361.867
0 7 11 67 151139.844 8265.45996 123981.898
0 19 67722 217830 159206.484 -26912.6758 118076.953
0 19 67723 217830 159206.734 -26912.7168 118076.531
0 19 67722 217831 159206.516 -26912.0742 118076.969
0 19 67723 217831 159206.766 -26912.1172 118076.547
0 15 4214 13610 159126.25 -26937.0508 118193.773
0 15 4215 13610 159131.328 -26937.9102 118187.844
0 15 4214 13611 159126.281 -26927.3457 118193.812
0 15 4215 13611 159131.828 -26928.2832 118188.219
0 12 514 1708 158548.328 -26282.7891 118717.703
0 12 515 1708 158603.234 -26291.8965 118681.375
0 12 514 1709 158535.125 -26203.1953 118707.828
0 12 515 1709 158590.188 -26212.2949 118671.609
4 5 22 0 54876.6133 -130859.617 135080.906
4 5 23 0 62440.1172 -129042.922 133205.594
4 5 22 1 56458.7109 -125946.352 138975.297
4 5 23 1 64199.0625 -124118.18 136958
0 7 0 40 136453.781 -50104.125 135387.734
0 7 1 40 137500.75 -50488.5547 134278.078
0 7 0 41 137041.906 -48178.7969 135971.266
0 7 1 41 138172.047 -48576.1133 134933.641
0 18 33862 108922 159207.734 -26904.082 118076.359
0 18 33863 108922 159208.188 -26904.1582 118075.477
0 18 33862 108923 159207.844 -26902.8867 118076.445
0 18 33863 108923 159208.297 -26902.9609 118075.562
0 8 48 102 167517.578 -33372.6406 104044.125
0 8 49 102 168134.75 -33495.5977 103113.891
0 8 48 103 167687.328 -32096.4023 104149.562
0 8 49 103 168276.359 -32209.1484 103200.742
0 14 2108 6792 159101.25 -27180.4453 118150.938
0 14 2109 6792 159110.609 -27182.041 118138.461
0 14 2108 6793 159102.5 -27161.2383 118151.859
0 14 2109 6793 159112.094 -27162.873 118139.562
4 4 0 4 -127744.68 -59614.1875 136261
4 4 1 4 -117382.211 -63205.8086 144470.406
4 4 0 5 -130725.844 -43575.2812 139440.891
4 4 1 5 -120555.844 -46367.6328 148376.422
0 13 1048 3414 159027.047 -26459.2109 118319.07
0 13 1049 3414 159050.062 -26463.041 118297.367
0 13 1048 3415 159030.156 -26420.9043 118321.391
0 13 1049 3415 159051.359 -26424.4258 118298.328
0 13 1058 3388 159175.984 -27494.3867 118041.266
0 13 1059 3388 159196.766 -27497.9766 118017.812
0 13 1058 3389 159176.719 -27455.6523 118041.812
0 13 1059 3389 159196.906 -27459.1348 118017.93
0 12 516 1710 158632.234 -26141.7871 118625.609
0 12 517 1710 158679.156 -26149.5215 118583.234
0 12 516 1711 158623.359 -26062.8711 118618.977
0 12 517 1711 158676.484 -26071.5977 118581.227
0 9 66 226 158872.25 -18307.543 117602.703
0 9 67 226 159235.438 -18349.3965 117249.531
0 9 66 227 158834.094 -17682.7012 117574.461
0 9 67 227 159186.969 -17721.9883 117213.852
2 4 6 4 -34177.2422 182278.625 79746.8984
2 4 7 4 -11539.7051 184635.281 80777.9375
2 4 6 5 -35560.6953 189657.031 59267.8242
2 4 7 5 -12021.5742 192345.188 60107.8672
0 11 262 864 159008.094 -24767.373 118246.742
0 11 263 864 159092.984 -24780.5957 118154.5
0 11 262 865 159000.375 -24610.8984 118241.008
0 11 263 865 159094.469 -24625.4629 118155.609
0 9 74 200 160628.344 -34823.7227 113882.992
0 9 75 200 160929.5 -34889.0117 113467.867
0 9 74 201 160734.406 -34218.8438 113958.18
0 9 75 201 161022.172 -34280.1094 113533.211
3 5 24 26 79426.2812 -149508.297 98114.8203
3 5 25 26 87012.1094 -146546.703 96171.2812
3 5 24 27 77451.5312 -145791.109 104787.367
3 5 25 27 84922.4375 -143027.25 102800.844
0 10 120 412 157130.859 -30536.1719 120149.867
0 10 121 412 157249.141 -30559.1621 119933.188
0 10 120 413 157155.562 -30234.0293 120168.766
0 10 121 413 157291.562 -30260.1934 119965.539
0 17 16914 54458 159187.203 -26907.293 118101.82
0 17 16915 54458 159188.156 -26907.4531 118100.102
0 17 16914 54459 159187.203 -26904.8633 118101.82
0 17 16915 54459 159188.266 -26905.041 118100.18
4 7 126 42 135149.719 -46491.5039 138393.312
4 7 127 42 136342.094 -46163.0703 137415.656
4 7 126 43 135389.016 -44407.5977 138638.359
4 7 127 43 136481.906 -44061.0859 137556.562
4 5 28 28 103245.234 103245.234 132153.891
4 5 29 28 108905.148 100838.102 129072.773
4 5 28 29 101316.867 109422.219 129685.594
4 5 29 29 106857.922 106857.922 126646.422
0 9 68 226 159571.156 -18388.084 116873.406
0 9 69 226 159953.062 -18432.0918 116528.305
0 9 68 227 159547.547 -17762.1289 116856.117
0 9 69 227 159904.609 -17801.8809 116493.008
0 18 33864 108922 159208.656 -26904.2363 118074.602
0 18 33865 108922 159209.109 -26904.3125 118073.734
0 18 33864 108923 159208.766 -26903.041 118074.695
0 18 33865 108923 159209.234 -26903.1191 118073.82
0 16 8476 27216 159233.016 -26976.9922 118042.258
0 16 8477 27216 159235.766 -26977.457 118039.438
0 16 8476 27217 159233.594 -26972.2305 118042.695
0 16 8477 27217 159236.094 -26972.6562 118039.688
0 15 4230 13598 159186.781 -27063.8906 118083.289
0 15 4231 13598 159190.641 -27064.5469 118076.43
0 15 4230 13599 159187.078 -27054.2266 118083.508
0 15 4231 13599 159191.891 -27055.043 118077.367
0 7 20 66 162571.359 6350.44385 110497.719
0 7 21 66 163907.953 6402.6543 108845.125
0 7 20 67 162357.828 8878.94336 110352.586
0 7 21 67 163674.344 8950.94043 108689.992
0 11 256 836 158444.125 -29011.9863 118755.727
0 11 257 836 158525.688 -29026.9199 118662.055
0 11 256 837 158451.641 -28858.625 118761.359
0 11 257 837 158536.797 -28874.1348 118670.367
0 14 2100 6812 159068.172 -26786.4434 118281.703
0 14 2101 6812 159079.406 -26788.3359 118270.656
0 14 2100 6813 159070.359 -26767.3926 118283.328
0 14 2101 6813 159081.031 -26769.1914 118271.859
0 17 16940 54442 159216.766 -26951.1582 118060.586
0 17 16941 54442 159218.078 -26951.3809 118059.125
0 17 16940 54443 159216.562 -26948.6934 118060.422
0 17 16941 54443 159217.812 -26948.9062 118058.93
0 10 126 410 157940.359 -31310.4414 118917.984
0 10 127 410 158063.141 -31334.7832 118701.719
0 10 126 411 157986.75 -31011.0684 118952.914
0 10 127 411 158112.703 -31035.7949 118738.938
4 4 2 14 -94853.7188 112099.852 137969.047
4 4 3 14 -80660.4609 116509.555 143396.375
4 4 2 15 -90507.5547 123419.398 131647.344
4 4 3 15 -76640.6719 127734.461 136250.094
0 19 67728 217830 159207.938 -26912.9238 118074.383
0 19 67729 217830 159208.188 -26912.9648 118073.961
0 19 67728 217831 159207.984 -26912.3223 118074.422
0 19 67729 217831 159208.219 -26912.3613 118073.992
0 15 4248 13620 159278.688 -26865.6406 117976.469
0 15 4249 13620 159282.75 -26866.3262 117969.758
0 15 4248 13621 159279.266 -26856.0176 117976.906
0 15 4249 13621 159284.172 -26856.8438 117970.812
0 19 67730 217804 159207.188 -26928.5879 118072.617
0 19 67731 217804 159207.422 -26928.625 118072.18
0 19 67730 217805 159207.203 -26927.9805 118072.617
0 19 67731 217805 159207.453 -26928.0234 118072.203
0 17 16948 54454 159225.391 -26923.4629 118047.539
0 17 16949 54454 159226.453 -26923.6445 118045.898
0 17 16948 54455 159225.391 -26921.0352 118047.539
0 17 16949 54455 159226.422 -26921.209 118045.883
0 8 16 112 147912.672 -17911.2988 128845.797
0 8 17 112 148523.188 -17985.2305 128217.281
0 8 16 113 147922.844 -16756.8848 128854.656
0 8 17 113 148522.375 -16824.7988 128216.578
0 19 67740 217816 159209.969 -26921.7676 118068.609
0 19 67741 217816 159210.25 -26921.8145 118068.195
0 19 67740 217817 159210.062 -26921.1777 118068.68
0 19 67741 217817 159210.312 -26921.2188 118068.242
0 14 2098 6808 159041.594 -26859.627 118300.781
0 14 2099 6808 159053.562 -26861.6465 118290.273
0 14 2098 6809 159043.109 -26840.4668 118301.906
0 14 2099 6809 159054.922 -26842.459 118291.273
0 15 4222 13624 159171.625 -26808.7246 118149.766
0 15 4223 13624 159175.25 -26809.334 118142.742
0 15 4222 13625 159172.344 -26799.127 118150.289
0 15 4223 13625 159176.562 -26799.8379 118143.711
0 16 8472 27240 159227.047 -26859.3594 118057.273
0 16 8473 27240 159229.062 -26859.7012 118053.906
0 16 8472 27241 159227.781 -26854.623 118057.812
0 16 8473 27241 159229.781 -26854.9609 118054.445
0 6 0 8 124079.375 -91120.7969 122140.633
0 6 1 8 125718.375 -92324.4375 119825.328
0 6 0 9 125255.258 -88070.1016 123298.148
0 6 1 9 126950.016 -89261.7266 120999.234
0 16 8482 27224 159245.703 -26940.2617 118022.508
0 16 8483 27224 159247.969 -26940.6465 118019.32
0 16 8482 27225 159244.719 -26935.2363 118021.781
0 16 8483 27225 159247.125 -26935.6445 118018.703
0 12 546 1702 159870.047 -26970.2637 117209.406
0 12 547 1702 159900.25 -26975.3594 117153.484
0 12 546 1703 159876.734 -26893.3262 117214.32
0 12 547 1703 159909.812 -26898.8926 117160.484
0 16 8480 27220 159243.609 -26959.3477 118030.68
0 16 8481 27220 159245.938 -26959.7402 118027.531
0 16 8480 27221 159243.219 -26954.4219 118030.391
0 16 8481 27221 159245.438 -26954.7988 118027.172
0 11 250 858 157932.109 -25525.1602 119297.352
0 11 251 858 158021.188 -25539.5547 119210.32
0 11 250 859 157933.594 -25371.168 119298.469
0 11 251 859 158030.781 -25386.7832 119217.57
0 19 67740 217820 159210.266 -26919.3887 118068.82
0 19 67741 217820 159210.516 -26919.4297 118068.398
0 19 67740 217821 159210.328 -26918.791 118068.867
0 19 67741 217821 159210.578 -26918.8359 118068.453
0 13 1052 3388 159053.094 -27473.1602 118183.133
0 13 1053 3388 159075.297 -27476.9941 118160.789
0 13 1052 3389 159055.906 -27434.8145 118185.219
0 13 1053 3389 159076.344 -27438.3379 118161.562
0 6 22 26 190301.031 -32707.9902 56495.6133
0 6 23 26 191844.141 -32973.2109 50958.6016
0 6 22 27 191061.688 -26868.0508 56721.4375
0 6 23 27 192637.125 -27089.5957 51169.2383
5 4 2 4 106719.766 -67912.5703 -155228.75
5 4 3 4 91913.1562 -71488.0078 -163401.172
5 4 2 5 109761.766 -49891.7109 -159653.469
5 4 3 5 94666.4062 -52592.4492 -168295.844
0 17 16948 54456 159225.438 -26918.6133 118047.578
0 17 16949 54456 159226.453 -26918.7852 118045.898
0 17 16948 54457 159225.484 -26916.1914 118047.609
0 17 16949 54457 159226.484 -26916.3613 118045.93
0 9 56 198 155386.328 -34901.2266 121092.078
0 9 57 198 155692.828 -34970.0664 120722.758
0 9 56 199 155502.094 -34319.7969 121182.297
0 9 57 199 155768.141 -34378.5156 120781.156
0 19 67734 217828 159209.328 -26914.3711 118071.766
0 19 67735 217828 159209.547 -26914.4082 118071.328
0 19 67734 217829 159209.344 -26913.7676 118071.781
0 19 67735 217829 159209.594 -26913.8105 118071.367
3 4 6 6 -36042.8008 -192228.25 -36042.8008
3 4 7 6 -12236.6035 -195785.656 -36709.8086
3 4 6 7 -36822.3711 -196385.969 -12274.123
3 4 7 7 -12506.6289 -200106.062 -12506.6289
0 17 16936 54440 159211.188 -26955.0742 118066.164
0 17 16937 54440 159212.594 -26955.3105 118064.781
0 17 16936 54441 159211.281 -26952.6602 118066.234
0 17 16937 54441 159212.672 -26952.8945 118064.836
0 7 4 64 143328.219 1119.75171 133250.469
0 7 5 64 144446.219 1128.48608 132032.859
0 7 4 65 143279.234 3358.10718 133204.922
0 7 5 65 144380.453 3383.91699 131972.766
0 15 4228 13598 159176.297 -27062.1094 118094.938
0 15 4229 13598 159181.875 -27063.0566 118089.359
0 15 4228 13599 159177.719 -27052.6328 118095.992
0 15 4229 13599 159182.344 -27053.4199 118089.711
0 18 33866 108894 159208.047 -26938.1445 118071.727
0 18 33867 108894 159208.594 -26938.2363 118070.93
0 18 33866 108895 159208.016 -26936.9238 118071.703
0 18 33867 108895 159208.562 -26937.0156 118070.898
0 15 4232 13598 159195.547 -27065.3789 118070.344
0 15 4233 13598 159200.547 -27066.2305 118064.352
0 15 4232 13599 159197.75 -27056.0391 118071.984
0 15 4233 13599 159201.859 -27056.7383 118065.328
0 8 24 118 152796.922 -11340.3975 123550.641
0 8 25 118 153447.047 -11388.6475 122877.523
0 8 24 119 152769.75 -10144.8662 123528.664
0 8 25 119 153377.469 -10185.2227 122821.812
0 5 0 30 118531.719 107419.375 114827.602
0 5 1 30 121117.43 109762.672 109762.672
0 5 0 31 116285.547 112651.625 112651.625
0 5 1 31 118706.711 114997.125 107577.961
0 13 1046 3390 158941.859 -27376.3398 118333.305
0 13 1047 3390 158964.094 -27380.168 118311.039
0 13 1046 3391 158942.625 -27337.6641 118333.867
0 13 1047 3391 158965.906 -27341.6699 118312.391
0 9 52 200 154403.5 -33474.1992 122738.727
0 9 53 200 154735.906 -33546.2617 122398.523
0 9 52 201 154455 -32882.0195 122779.664
0 9 53 201 154763.922 -32947.7852 122420.672
0 7 26 42 166038.969 -55778.7148 97288.4609
0 7 27 42 167111.828 -56139.1289 95305.9688
0 7 26 43 166616.5 -53369.3477 97626.8516
0 7 27 43 167711.984 -53720.25 95648.2422
4 6 58 12 112952.477 -83115.9688 136395.438
4 6 59 12 115841.836 -82142.3906 134797.781
4 6 58 13 114002.992 -79586.9922 137663.984
4 6 59 13 116882.648 -78630.1406 136008.891
0 8 44 96 164148.703 -40395.9727 107081.383
0 8 45 96 164725.5 -40537.9141 106170.727
0 8 44 97 164348.375 -39161.1367 107211.641
0 8 45 97 164909.812 -39294.9141 106289.523
0 18 33860 108922 159206.797 -26903.9238 118078.086
0 18 33861 108922 159207.266 -26904.002 118077.227
0 18 33860 108923 159206.922 -26902.7285 118078.172
0 18 33861 108923 159207.391 -26902.8086 118077.312
0 7 28 44 169367.359 -51604.1172 93945.9531
0 7 29 44 170439.219 -51930.6953 91877.3906
0 7 28 45 169907.766 -49113.9609 94245.7109
0 7 29 45 170988.203 -49426.2773 92173.3281
0 12 526 1686 159039.016 -28072.5605 118153.25
0 12 527 1686 159090.484 -28081.6465 118113.805
0 12 526 1687 159046.875 -27996.2891 118159.086
0 12 527 1687 159096.484 -28005.0215 118118.273
0 19 67710 217824 159202.875 -26915.709 118081.555
0 19 67711 217824 159203.188 -26915.7637 118081.18
0 19 67710 217825 159202.906 -26915.1094 118081.578
0 19 67711 217825 159203.234 -26915.1621 118081.211
4 5 18 12 30189.5977 -42265.4414 193213.438
4 5 19 12 41699.5938 -41699.5938 190626.719
4 5 18 13 30585.4531 -30585.4531 195746.906
4 5 19 13 42242.6211 -30173.2988 193109.125
0 18 33848 108916 159198.406 -26909.793 118086.445
0 18 33849 108916 159199.141 -26909.918 118085.781
0 18 33848 108917 159198.547 -26908.5996 118086.539
0 18 33849 108917 159199.281 -26908.7246 118085.875
0 17 16932 54468 159210.625 -26886.9551 118075.461
0 17 16933 54468 159211.672 -26887.1309 118073.812
0 17 16932 54469 159210.828 -26884.5625 118075.617
0 17 16933 54469 159211.875 -26884.7402 118073.961
0 9 64 226 158169.766 -18226.5957 118318.406
0 9 65 226 158504.453 -18265.1621 117949.609
0 9 64 227 158157.234 -17607.3477 118309.023
0 9 65 227 158491.703 -17644.584 117940.117
0 10 114 418 156126.828 -28511.4414 121211.75
0 10 115 418 156295.5 -28542.2422 121037.422
0 10 114 419 156114.031 -28204.1934 121201.805
0 10 115 419 156280.062 -28234.1914 121025.484
0 15 4226 13626 159189.875 -26792.3633 118124.453
0 15 4227 13626 159194.484 -26793.1387 118118.148
0 15 4226 13627 159191.328 -26782.8926 118125.531
0 15 4227 13627 159195.781 -26783.6406 118119.117
0 15 4218 13602 159135.25 -27016.2793 118161.625
0 15 4219 13602 159139.516 -27017.002 118155.062
0 15 4218 13603 159136.609 -27006.7949 118162.617
0 15 4219 13603 159140.797 -27007.5059 118156.023
0 14 2120 6792 159225.953 -27201.748 118010.305
0 14 2121 6792 159236.391 -27203.5332 117998.594
0 14 2120 6793 159230.625 -27183.1074 118013.75
0 14 2121 6793 159239.719 -27184.6602 118001.062
0 16 8458 27212 159187.297 -26988.6797 118095.82
0 16 8459 27212 159189.453 -26989.043 118092.555
0 16 8458 27213 159187.922 -26983.9277 118096.273
0 16 8459 27213 159190.109 -26984.2988 118093.039
0 8 14 98 146353.766 -33729.9688 129774.633
0 8 15 98 147033.344 -33886.5898 129228.516
0 8 14 99 146408.031 -32598.6641 129822.742
0 8 15 99 147069.609 -32745.9668 129260.391
0 9 70 198 159331.141 -35787.2695 115452.836
0 9 71 198 159603.812 -35848.5117 115026.961
0 9 70 199 159448.641 -35190.8125 115537.969
0 9 71 199 159689.344 -35243.9336 115088.609
0 18 33878 108904 159214.344 -26927.0605 118061.82
0 18 33879 108904 159214.922 -26927.1582 118061.031
0 18 33878 108905 159214.344 -26925.8477 118061.82
0 18 33879 108905 159214.938 -26925.9492 118061.047
0 6 2 8 127381.148 -93545.5312 117429.5
0 6 3 8 129075.242 -94789.625 114957.641
0 6 2 9 128673.938 -90473.8594 118621.281
0 6 3 9 130428.008 -91707.1953 116162.445
0 16 8460 27240 159201.469 -26855.0449 118096.609
0 16 8461 27240 159203.844 -26855.4453 118093.508
0 16 8460 27241 159201.531 -26850.1973 118096.656
0 16 8461 27241 159203.828 -26850.5859 118093.5
0 19 67736 217808 159208.641 -26926.4004 118070.039
0 19 67737 217808 159208.891 -26926.4434 118069.617
0 19 67736 217809 159208.656 -26925.7988 118070.062
0 19 67737 217809 159208.891 -26925.8379 118069.633
0 19 67722 217802 159205.328 -26929.4863 118076.094
0 19 67723 217802 159205.562 -26929.5273 118075.664
0 19 67722 217803 159205.344 -26928.8809 118076.102
0 19 67723 217803 159205.578 -26928.9199 118075.672
4 6 52 30 105800.445 -7741.49609 165151.922
4 6 53 30 109398.492 -7632.45264 162825.656
4 6 52 31 105801.82 -2580.53223 165154.062
4 6 53 31 109422.375 -2544.70654 162861.219
0 11 268 836 159335.344 -29175.1719 117556.5
0 11 269 836 159405.953 -29188.0996 117452.922
0 11 268 837 159349.375 -29022.1289 117566.844
0 11 269 837 159423.969 -29035.7109 117466.195
0 12 546 1704 159884.047 -26816.4883 117219.672
0 12 547 1704 159917.656 -26822.127 117166.234
0 12 546 1705 159890.438 -26739.4902 117224.359
0 12 547 1705 159927.094 -26745.6211 117173.148
5 4 2 6 110749.234 -30204.3359 -161089.797
5 4 3 6 96610.3984 -32203.4668 -171751.828
5 4 2 7 110852.352 -10077.4863 -161239.781
5 4 3 7 96536.2656 -10726.252 -171620.031
0 11 270 864 159715.297 -24877.5293 117524.891
0 11 271 864 159808.969 -24892.1211 117437.75
0 11 270 865 159718.969 -24722.127 117527.586
0 11 271 865 159802.5 -24735.0547 117432.984
0 13 1072 3412 159480.344 -26612.502 117721.875
0 13 1073 3412 159501.922 -26616.1055 117698.859
0 13 1072 3413 159482.5 -26573.9277 117723.469
0 13 1073 3413 159503.609 -26577.4453 117700.117
0 19 67710 217806 159202.531 -26926.582 118081.305
0 19 67711 217806 159202.797 -26926.6289 118080.891
0 19 67710 217807 159202.562 -26925.9805 118081.328
0 19 67711 217807 159202.812 -26926.0254 118080.914
0 12 510 1700 158420.469 -26880.4258 118931.383
0 12 511 1700 158466.891 -26888.3047 118888.867
0 12 510 1701 158422.469 -26803.4121 118932.883
0 12 511 1701 158468.375 -26811.1758 118889.961
4 6 56 14 108971.148 -77836.5312 142329.656
4 6 57 14 112044.906 -76893.5625 140605.375
4 6 56 15 109973.633 -74063.875 143639.016
4 6 57 15 113045.5 -73147.0938 141861.016
0 13 1052 3416 159112.891 -26395.8047 118227.562
0 13 1053 3416 159138.484 -26400.0508 118207.727
0 13 1052 3417 159112.328 -26356.8633 118227.141
0 13 1053 3417 159135.547 -26360.709 118205.539
0 18 33878 108914 159215.25 -26915.0703 118062.5
0 18 33879 108914 159215.797 -26915.1641 118061.688
0 18 33878 108915 159215.328 -26913.8672 118062.555
0 18 33879 108915 159215.891 -26913.9648 118061.758
0 15 4214 13614 159130.484 -26898.918 118196.914
0 15 4215 13614 159135.656 -26899.791 118191.047
0 15 4214 13615 159132.156 -26889.4863 118198.164
0 15 4215 13615 159137.422 -26890.3789 118192.367
0 10 122 436 157288.484 -23193.9062 119655.992
0 10 123 436 157468.906 -23220.5117 119485.68
0 10 122 437 157286.609 -22886.4297 119654.562
0 10 123 437 157462.828 -22912.0703 119481.07
0 18 33872 108920 159212.406 -26907.3008 118067.68
0 18 33873 108920 159212.969 -26907.3965 118066.875
0 18 33872 108921 159212.531 -26906.1074 118067.766
0 18 33873 108921 159213.062 -26906.1973 118066.953
0 12 510 1698 158418.641 -27034.8223 118930.008
0 12 511 1698 158461.203 -27042.0859 118884.586
0 12 510 1699 158420.75 -26957.8262 118931.586
0 12 511 1699 158459.25 -26964.3789 118883.133
0 19 67712 217826 159203.562 -26914.6113 118080.852
0 19 67713 217826 159203.875 -26914.6641 118080.477
0 19 67712 217827 159203.609 -26914.0117 118080.883
0 19 67713 217827 159203.891 -26914.0586 118080.492
0 16 8468 27212 159209.344 -26992.418 118063.586
0 16 8469 27212 159211.844 -26992.8379 118060.578
0 16 8468 27213 159209.594 -26987.6035 118063.766
0 16 8469 27213 159212.188 -26988.041 118060.828
0 17 16930 54468 159208.656 -26886.625 118078.859
0 17 16931 54468 159209.641 -26886.7891 118077.172
0 17 16930 54469 159208.891 -26884.2344 118079.039
0 17 16931 54469 159209.844 -26884.3965 118077.312
0 14 2122 6820 159275.969 -26665.8926 118008.477
0 14 2123 6820 159285.469 -26667.4824 117996.086
0 14 2122 6821 159278.453 -26646.8633 118010.32
0 14 2123 6821 159287.688 -26648.4121 117997.727
0 12 546 1700 159858.031 -27124.3477 117200.602
0 12 547 1700 159893.203 -27130.3164 117148.32
0 12 546 1701 159862.781 -27047.0977 117204.086
0 12 547 1701 159897.359 -27052.9473 117151.359
0 19 67720 217802 159204.859 -26929.4062 118076.961
0 19 67721 217802 159205.094 -26929.4453 118076.523
0 19 67720 217803 159204.875 -26928.8008 118076.969
0 19 67721 217803 159205.125 -26928.8438 118076.539
4 4 0 6 -133255.547 -26651.1094 142139.25
4 4 1 6 -123325.672 -28459.7715 151785.438
4 4 0 7 -135414.328 -9027.62207 144441.953
4 4 1 7 -125719.641 -9670.74121 154731.859
0 18 33866 108922 159209.594 -26904.3945 118072.875
0 18 33867 108922 159210.062 -26904.4746 118072.008
0 18 33866 108923 159209.703 -26903.1992 118072.961
0 18 33867 108923 159210.172 -26903.2793 118072.102
0 9 70 226 160326.812 -18475.1602 116174.312
0 9 71 226 160709.859 -18519.3008 115824.094
0 9 70 227 160246.266 -17839.918 116115.953
0 9 71 227 160661.031 -17886.0898 115788.906
0 6 22 28 191638.656 -20960.4785 56892.7266
0 6 23 28 193223.75 -21133.8477 51325.0547
0 6 22 29 191992 -14999.376 56997.625
0 6 23 29 193639.516 -15128.0869 51435.4961
4 6 60 10 116450.766 -87848.8203 130751.734
4 6 61 10 119130.789 -86824.1406 129226.617
4 6 60 11 117547.648 -84551.8125 131983.312
4 6 61 11 120244.82 -83559.9609 130435.062
0 14 2112 6820 159196.625 -26652.6113 118144.031
0 14 2113 6820 159205.141 -26654.0352 118130.914
0 14 2112 6821 159195.766 -26633.0312 118143.391
0 14 2113 6821 159204.391 -26634.4766 118130.359
0 12 524 1686 158954.078 -28057.5684 118245.383
0 12 525 1686 158998.594 -28065.4238 118200.852
0 12 524 1687 158961.75 -27981.3047 118251.086
0 12 525 1687 159008.062 -27989.457 118207.906
0 8 20 116 150327.531 -13505.9902 126251.641
0 8 21 116 150964.625 -13563.2275 125607.281
0 8 20 117 150331.281 -12331.8633 126254.797
0 8 21 117 150931.641 -12381.1104 125579.836
0 8 46 98 165680.031 -38184.0703 105491.586
0 8 47 98 166254.734 -38316.5195 104558.648
0 8 46 99 165867.609 -36931.457 105611.016
0 8 47 99 166439.984 -37058.9023 104675.148
0 15 4216 13604 159128.031 -26995.6289 118175.68
0 15 4217 13604 159132.641 -26996.4082 118169.391
0 15 4216 13605 159129.984 -26986.2441 118177.125
0 15 4217 13605 159134.391 -26986.9941 118170.688
0 11 252 860 158112.609 -25245.5195 119124.883
0 11 253 860 158206.828 -25260.5625 119041.359
0 11 252 861 158103.578 -25089.6777 119118.078
0 11 253 861 158198.969 -25104.8184 119035.445
0 17 16934 54468 159212.781 -26887.3203 118072.195
0 17 16935 54468 159213.938 -26887.5176 118070.633
0 17 16934 54469 159213 -26884.9297 118072.367
0 17 16935 54469 159214.203 -26885.1309 118070.836
0 9 48 204 153056.078 -30790.5801 124059.133
0 9 49 204 153420.391 -30863.8691 123755.117
0 9 48 205 153049.422 -30191.3906 124053.734
0 9 49 205 153405.391 -30261.6094 123743.023
0 12 528 1686 159139.016 -28090.2129 118072.141
0 12 529 1686 159179.531 -28097.3633 118024.469
0 12 528 1687 159148.891 -28014.2461 118079.461
0 12 529 1687 159192.875 -28021.9883 118034.359
0 17 16948 54452 159225.531 -26928.3477 118047.633
0 17 16949 54452 159226.656 -26928.5391 118046.055
0 17 16948 54453 159225.469 -26925.9062 118047.594
0 17 16949 54453 159226.578 -26926.0938 118045.992
0 8 38 92 159835.312 -44329.3242 111759.844
0 8 39 92 160402.016 -44486.4961 110902.961
0 8 38 93 160058.047 -43140.6484 111915.594
0 8 39 93 160624.719 -43293.3789 111056.93
0 19 67706 217814 159201.469 -26921.5449 118082.938
0 19 67707 217814 159201.766 -26921.5938 118082.555
0 19 67706 217815 159201.469 -26920.9395 118082.953
0 19 67707 217815 159201.766 -26920.9863 118082.555
0 18 33850 108918 159200.125 -26907.6543 118085.289
0 18 33851 108918 159200.844 -26907.7754 118084.617
0 18 33850 108919 159200.281 -26906.4668 118085.406
0 18 33851 108919 159201 -26906.584 118084.719
0 15 4214 13608 159123.703 -26956.0449 118191.883
0 15 4215 13608 159128.516 -26956.8574 118185.75
0 15 4214 13609 159125.234 -26946.5918 118193.023
0 15 4215 13609 159130.109 -26947.418 118186.93
2 4 10 10 57676.2031 184563.859 -57676.2031
2 4 11 10 77751.5234 177717.766 -55536.8047
2 4 10 11 55538.3477 177722.703 -77753.6875
2 4 11 11 75075.2266 171600.516 -75075.2266
0 9 76 224 162628.891 -20010.9766 114030.812
0 9 77 224 162964.781 -20052.3066 113629.742
0 9 76 225 162594.109 -19371.5645 114006.422
0 9 77 225 162952.125 -19414.2168 113620.914
4 5 18 10 29211.7441 -64265.8398 186955.172
4 5 19 10 40294.9023 -63320.5625 184205.266
4 5 18 11 29714.3594 -53485.8477 190171.891
4 5 19 11 41126.4023 -52876.8008 188006.406
0 14 2098 6800 159017.094 -27010.7773 118282.555
0 14 2099 6800 159028.891 -27012.7793 118271.906
0 14 2098 6801 159021.422 -26992.0996 118285.773
0 14 2099 6801 159031.938 -26993.8867 118274.18
0 11 246 852 157599 -26394.7539 119661.352
0 11 247 852 157695.453 -26410.9102 119580.586
0 11 246 853 157584.297 -26238.4023 119650.18
0 11 247 853 157673.734 -26253.2949 119564.125
0 17 16912 54452 159184.484 -26921.4082 118104.664
0 17 16913 54452 159185.391 -26921.5566 118102.891
0 17 16912 54453 159184.656 -26919.0039 118104.781
0 17 16913 54453 159185.562 -26919.1562 118103.023
3 4 10 0 44646.7109 -142869.469 -133940.141
3 4 11 0 61011.6445 -139455.188 -130739.234
3 4 10 1 47163.9297 -150924.578 -122626.219
3 4 11 1 64347.7422 -147080.547 -119502.953
0 15 4250 13614 159284.141 -26924.8926 117961.078
0 15 4251 13614 159288.344 -26925.6035 117954.461
0 15 4250 13615 159283.234 -26915.0176 117960.398
0 15 4251 13615 159288.312 -26915.875 117954.438
0 9 48 216 152929.906 -23596.6074 123956.852
0 9 49 216 153246.688 -23645.4863 123615.008
0 9 48 217 152903.688 -22995.2793 123935.609
0 9 49 217 153218.906 -23042.6895 123592.602
0 12 512 1706 158484.344 -26426.9551 118824.562
0 12 513 1706 158535.172 -26435.4316 118785.266
0 12 512 1707 158473 -26347.6836 118816.062
0 12 513 1707 158524.219 -26356.1992 118777.055
0 6 10 40 158318 42053.2188 106369.898
0 6 11 40 160559.984 42648.7461 102858.742
0 6 10 41 157371.781 46719.75 105734.172
0 6 11 41 159577.359 47374.5312 102229.25
0 10 134 410 159018.062 -31524.0879 117244.766
0 10 135 410 159171.453 -31554.498 117046.984
0 10 134 411 159043.938 -31218.584 117263.836
0 10 135 411 159179.422 -31245.1797 117052.844
0 6 22 24 188242.109 -44119.2461 55884.3789
0 6 23 24 189756.688 -44474.2266 50404.1211
0 6 22 25 189350.656 -38461.8516 56213.4766
0 6 23 25 190863.25 -38769.0977 50698.0547
0 11 246 844 157650.609 -27635.043 119700.531
0 11 247 844 157735.672 -27649.9531 119611.086
0 11 246 845 157638.578 -27478.9902 119691.398
0 11 247 845 157729.75 -27494.8828 119606.594
0 6 18 16 169150.281 -81932.1719 71360.2734
0 6 19 16 170836.578 -82748.9688 66733.0391
0 6 18 17 170968.797 -77470.2422 72127.4609
0 6 19 17 172685.391 -78248.0703 67455.2344
0 10 146 434 161567.266 -24455.9824 115337.562
0 10 147 434 161726.641 -24480.1074 115135.477
0 10 146 435 161611.453 -24147.0254 115369.117
0 10 147 435 161789.562 -24173.6348 115180.266
0 19 67706 217816 159201.453 -26920.3281 118082.945
0 19 67707 217816 159201.781 -26920.3828 118082.57
0 19 67706 217817 159201.453 -26919.7227 118082.938
0 19 67707 217817 159201.781 -26919.7754 118082.57
0 6 16 14 162084.594 -88640.0156 78509.7344
0 6 17 14 163760.969 -89556.7734 74204.1875
0 6 16 15 163873.344 -84497.1953 79376.1484
0 6 17 15 165598.672 -85386.8125 75036.8984
0 13 1066 3416 159370.484 -26438.5371 117874.242
0 13 1067 3416 159389.156 -26441.6309 117849.133
0 13 1066 3417 159372.844 -26400.0176 117875.977
0 13 1067 3417 159392.5 -26403.2734 117851.609
0 19 67708 217808 159202.016 -26925.2832 118082.141
0 19 67709 217808 159202.297 -26925.3281 118081.727
0 19 67708 217809 159202.031 -26924.6758 118082.141
0 19 67709 217809 159202.297 -26924.7227 118081.742
0 13 1060 3388 159217.781 -27501.6074 117994.516
0 13 1061 3388 159241.219 -27505.6562 117973.016
0 13 1060 3389 159217.266 -27462.6445 117994.133
0 13 1061 3389 159238.297 -27466.2734 117970.844
0 19 67724 217802 159205.781 -26929.5625 118075.211
0 19 67725 217802 159206.016 -26929.6016 118074.781
0 19 67724 217803 159205.797 -26928.957 118075.234
0 19 67725 217803 159206.047 -26929 118074.805
3 5 26 22 102456.703 -156124.5 63425.582
3 5 27 22 109586.133 -152467.672 61939.9922
3 5 26 23 100394.523 -152982.125 71710.3672
3 5 27 23 107365.148 -149377.609 70020.75
5 4 2 8 110518.945 10047.1768 -160754.828
5 4 3 8 96118.2656 10679.8076 -170876.922
5 4 2 9 109326.898 29816.4277 -159020.938
5 4 3 9 95098.7734 31699.5918 -169064.5
0 13 1040 3396 158819.469 -27122.6113 118474.82
0 13 1041 3396 158839.672 -27126.0625 118451.117
0 13 1040 3397 158816.594 -27083.3477 118472.688
0 13 1041 3397 158838.031 -27087.002 118449.891
0 19 67720 217830 159205.984 -26912.5918 118077.797
0 19 67721 217830 159206.219 -26912.6328 118077.359
0 19 67720 217831 159206.016 -26911.9883 118077.812
0 19 67721 217831 159206.266 -26912.0312 118077.406
0 19 67734 217806 159208.141 -26927.5312 118070.875
0 19 67735 217806 159208.391 -26927.5723 118070.461
0 19 67734 217807 159208.156 -26926.9277 118070.898
0 19 67735 217807 159208.375 -26926.9668 118070.461
3 5 28 20 118141.195 -151220.734 42530.8281
3 5 29 20 124159.945 -147152.531 41386.6484
3 5 28 21 117192.094 -150005.875 51564.5234
3 5 29 21 123113.953 -145912.828 50157.5352
0 13 1074 3398 159512.953 -27163.1562 117668.07
0 13 1075 3398 159530.625 -27166.166 117642.156
0 13 1074 3399 159515.812 -27124.7012 117670.18
0 13 1075 3399 159534.922 -27127.9492 117645.32
0 12 514 1690 158585.344 -27682.7441 118745.422
0 12 515 1690 158623.844 -27689.4648 118696.797
0 12 514 1691 158581.906 -27604.7109 118742.852
0 12 515 1691 158621.438 -27611.5918 118694.992
0 18 33844 108902 159195.562 -26926.3145 118089.195
0 18 33845 108902 159196.312 -26926.4434 118088.531
0 18 33844 108903 159195.578 -26925.1016 118089.203
0 18 33845 108903 159196.312 -26925.2305 118088.531
4 5 18 14 30891.4805 -18534.8887 197705.484
4 5 19 14 42682.1797 -18292.3633 195118.531
4 5 18 15 31066.4395 -6213.28809 198825.219
4 5 19 15 42941.1914 -6134.45605 196302.594
4 5 30 30 110005.562 110005.562 121385.453
4 5 31 30 114890.398 107478.117 118596.547
4 5 30 31 107944.242 115388.672 119110.891
4 5 31 31 112758.117 112758.117 116395.477
4 6 62 40 132442.844 36910.3047 138956.438
4 6 63 40 134701.75 36348.0938 136839.875
4 6 62 41 131849.984 41068.0312 138334.422
4 6 63 41 134129.094 40451.6328 136258.141
0 7 28 62 175081.562 -4103.47412 97115.5547
0 7 29 62 176198.859 -4129.66064 94982.1953
0 7 28 63 174974.219 -1366.98608 97056.0156
0 7 29 63 176330.312 -1377.58057 95053.0547
0 8 32 120 157874.156 -9250.43848 117788.922
0 8 33 120 158532.141 -9288.99316 117041.305
0 8 32 121 157799.938 -8013.27832 117733.547
0 8 33 121 158484.406 -8048.03613 117006.062
0 5 14 2 151828.312 -128105.133 14233.9043
0 5 15 2 151256.266 -127622.477 4726.7583
0 5 14 3 156707.906 -122428.047 14691.3652
0 5 15 3 156862.281 -122548.648 4901.94629
0 16 8450 27216 159170.266 -26966.3633 118122.047
0 16 8451 27216 159172.672 -26966.7695 118118.961
0 16 8450 27217 159170.469 -26961.5391 118122.195
0 16 8451 27217 159172.906 -26961.9492 118119.133
0 11 248 856 157725.703 -25799.8594 119449.492
0 11 249 856 157816.125 -25814.6504 119363.859
0 11 248 857 157732.688 -25646.9648 119454.789
0 11 249 857 157824.141 -25661.8359 119369.922
2 4 4 2 -68640.5625 156892.719 107863.742
2 4 5 2 -50627.3828 162007.625 111380.25
2 4 4 3 -72292.2969 165239.531 92947.2422
2 4 5 3 -53275.4883 170481.562 95895.8828
4 5 20 20 52184.4805 52184.4805 185544.812
4 5 21 20 62097.7109 50807.2188 180647.891
4 5 20 21 51141.1719 62505.8789 181835.281
4 5 21 21 61016.6758 61016.6758 177503.062
0 8 34 120 159203.188 -9328.31152 116292.953
0 8 35 120 159887.938 -9368.43359 115544.016
0 8 34 121 159130.688 -8080.85547 116240
0 8 35 121 159840.375 -8116.89404 115509.648
0 11 278 860 160371.734 -25606.2305 116755.008
0 11 279 860 160449.141 -25618.5879 116654.664
0 11 278 861 160351.078 -25446.3379 116739.969
0 11 279 861 160430.828 -25458.9941 116641.359
0 10 140 438 160546.625 -23047.2227 116490.383
0 10 141 438 160733.25 -23074.0117 116311.859
0 10 140 439 160517.828 -22729.5762 116469.484
0 10 141 439 160694.328 -22754.5664 116283.688
0 12 522 1714 158907.234 -25876.7402 118365.703
0 12 523 1714 158955.062 -25884.5293 118323.727
0 12 522 1715 158907.312 -25799.1602 118365.766
0 12 523 1715 158949.375 -25805.9883 118319.492
0 11 278 842 160154 -28386.6699 116596.492
0 11 279 842 160223.156 -28398.9297 116490.383
0 11 278 843 160149.609 -28229.5 116593.297
0 11 279 843 160224.469 -28242.6914 116491.32
0 16 8450 27234 159175.234 -26879.7637 118125.727
0 16 8451 27234 159177.234 -26880.1016 118122.352
0 16 8450 27235 159175.219 -26874.9043 118125.711
0 16 8451 27235 159177.156 -26875.2324 118122.289
4 6 56 36 118404.172 21747.7031 154650.344
4 6 57 36 121393.047 21422.3027 152336.375
4 6 56 37 118010.852 26492.2324 154136.625
4 6 57 37 120993.93 26096.7305 151835.516
0 8 48 112 168903.594 -20453.168 104904.961
0 8 49 112 169493.359 -20524.5859 103947.102
0 8 48 113 169026.703 -19147.5566 104981.43
0 8 49 113 169608.188 -19213.4258 104017.516
0 15 4226 13598 159166.625 -27060.4629 118107.188
0 15 4227 13598 159171.391 -27061.2754 118101.016
0 15 4226 13599 159167.953 -27050.9727 118108.172
0 15 4227 13599 159173.406 -27051.9004 118102.508
0 14 2130 6798 159330.938 -27102.9844 117893.602
0 14 2131 6798 159341.766 -27104.8281 117882.18
0 14 2130 6799 159332.734 -27083.8398 117894.945
0 14 2131 6799 159343.984 -27085.7559 117883.812
0 15 4240 13600 159239.25 -27053.3711 118025.008
0 15 4241 13600 159244.938 -27054.3398 118019.508
0 15 4240 13601 159240.234 -27043.8203 118025.742
0 15 4241 13601 159245.719 -27044.752 118020.086
0 13 1070 3414 159439.078 -26527.7656 117769.273
0 13 1071 3414 159460.875 -26531.3945 117746.445
0 13 1070 3415 159440.969 -26489.1543 117770.664
0 13 1071 3415 159462.469 -26492.7266 117747.609
0 14 2128 6796 159301.344 -27136.8438 117910.602
0 14 2129 6796 159313.609 -27138.9336 117900.234
0 14 2128 6797 159305.797 -27118.1562 117913.898
0 14 2129 6797 159317.391 -27120.1289 117903.039
0 17 16912 54450 159184.344 -26926.2402 118104.562
0 17 16913 54450 159185.203 -26926.3848 118102.75
0 17 16912 54451 159184.391 -26923.8203 118104.578
0 17 16913 54451 159185.281 -26923.9688 118102.828
0 15 4234 13598 159205.594 -27067.0879 118058.375
0 15 4235 13598 159211.609 -27068.1113 118053.117
0 15 4234 13599 159206.75 -27057.5684 118059.234
0 15 4235 13599 159212.672 -27058.5742 118053.898
0 8 20 92 149653.219 -41505.3828 125685.32
0 8 21 92 150177.984 -41650.9258 124952.773
0 8 20 93 149911.859 -40405.9336 125902.539
0 8 21 93 150468.562 -40555.9805 125194.547
0 18 33844 108910 159195.328 -26916.5605 118089.023
0 18 33845 108910 159196.016 -26916.6777 118088.32
0 18 33844 108911 159195.312 -26915.3418 118089.008
0 18 33845 108911 159196.016 -26915.4609 118088.312
0 10 124 410 157666.75 -31256.1992 119327.859
0 10 125 410 157811.406 -31284.8789 119129.117
0 10 124 411 157689.625 -30952.75 119345.172
0 10 125 411 157847.938 -30983.8242 119156.695
0 10 126 438 158019.047 -22684.375 118977.234
0 10 127 438 158176.531 -22706.9824 118786.867
0 10 126 439 157977.094 -22369.8027 118945.633
0 10 127 439 158153.703 -22394.8125 118769.727
1 4 14 0 -123184.578 -115485.539 100087.469
1 4 15 0 -118087.078 -110706.633 110706.633
1 4 14 1 -128613.258 -104498.281 104498.281
1 4 15 1 -122933.312 -99883.3125 115249.977
0 19 67740 217814 159209.859 -26922.9629 118068.508
0 19 67741 217814 159210.109 -26923.0059 118068.094
0 19 67740 217815 159209.922 -26922.3672 118068.57
0 19 67741 217815 159210.172 -26922.4102 118068.148
0 16 8452 27236 159179.812 -26870.8223 118119.406
0 16 8453 27236 159182.594 -26871.293 118116.602
0 16 8452 27237 159180.469 -26866.0742 118119.891
0 16 8453 27237 159183.172 -26866.5332 118117.039
0 8 28 90 153588.031 -44996.4961 119390.703
0 8 29 90 154174.094 -45168.1914 118641.789
0 8 28 91 153827.734 -43864.9375 119577.016
0 8 29 91 154438.781 -44039.1836 118845.469
0 11 276 840 159982.188 -28668.6816 116783.867
0 11 277 840 160064.875 -28683.498 116687.914
0 11 276 841 160000.484 -28515.7109 116797.234
0 11 277 841 160084.141 -28530.6191 116701.961
0 19 67738 217810 159209.203 -26925.2812 118069.25
0 19 67739 217810 159209.453 -26925.3242 118068.828
0 19 67738 217811 159209.234 -26924.6797 118069.266
0 19 67739 217811 159209.469 -26924.7207 118068.836
0 15 4250 13612 159284.688 -26944.4277 117961.469
0 15 4251 13612 159289.031 -26945.1621 117954.961
0 15 4250 13613 159284.453 -26934.666 117961.289
0 15 4251 13613 159288.953 -26935.4277 117954.914
0 19 67730 217830 159208.422 -26913.0039 118073.531
0 19 67731 217830 159208.672 -26913.0449 118073.109
0 19 67730 217831 159208.469 -26912.4062 118073.57
0 19 67731 217831 159208.703 -26912.4434 118073.125
0 11 260 864 158819.141 -24737.9414 118416.414
0 11 261 864 158913.266 -24752.6035 118331.414
0 11 260 865 158808.266 -24581.1621 118408.312
0 11 261 865 158908.828 -24596.7285 118328.109
0 12 518 1712 158722.766 -26001.7031 118538.32
0 12 519 1712 158768.922 -26009.2617 118495.266
0 12 518 1713 158709.844 -25922.0918 118528.664
0 12 519 1713 158758.953 -25930.1113 118487.828
0 8 30 90 154739.969 -45333.9766 117868.328
0 8 31 90 155327.547 -45506.1172 117102.414
0 8 30 91 154963.969 -44188.9453 118038.969
0 8 31 91 155553.781 -44357.1328 117272.961
4 7 126 60 136824.156 -7662.15283 140107.938
4 7 127 60 137942.906 -7603.15234 139029.078
4 7 126 61 136841.156 -5473.646 140125.344
4 7 127 61 137932.359 -5430.4082 139018.438
0 12 536 1688 159470.594 -27993.0059 117695.211
0 12 537 1688 159514.797 -28000.7676 117649.961
0 12 536 1689 159482.641 -27917.252 117704.117
0 12 537 1689 159524.172 -27924.5195 117656.867
0 7 20 38 157065.406 -62580.7461 106755.383
0 7 21 38 158135.844 -63007.25 105012.078
0 7 20 39 157661.578 -60354.8203 107160.594
0 7 21 39 158755.797 -60773.707 105423.773
0 16 8482 27232 159242.156 -26900.7852 118019.875
0 16 8483 27232 159244.203 -26901.1309 118016.531
0 16 8482 27233 159242.266 -26895.9473 118019.961
0 16 8483 27233 159244.359 -26896.3008 118016.648
0 6 4 8 130795.344 -96052.8281 112402.25
0 6 5 8 132568.641 -97355.0938 109783.398
0 6 4 9 132244.422 -92984.3516 113647.539
0 6 5 9 134074.891 -94271.4062 111030.766
0 17 16948 54458 159225.562 -26913.7754 118047.672
0 17 16949 54458 159226.547 -26913.9414 118045.977
0 17 16948 54459 159225.578 -26911.3457 118047.68
0 17 16949 54459 159226.547 -26911.5117 118045.961
0 7 8 66 147722.484 5770.40967 128103.086
0 7 9 66 148894.828 5816.2041 126793.25
0 7 8 67 147624.719 8073.22705 128018.312
0 7 9 67 148790.547 8136.98242 126704.453
0 15 4250 13616 159283.484 -26905.3359 117960.578
0 15 4251 13616 159288.562 -26906.1934 117954.617
0 15 4250 13617 159284.422 -26895.7715 117961.273
0 15 4251 13617 159289.188 -26896.5781 117955.086
0 17 16944 54464 159221.359 -26898.4883 118054.273
0 17 16945 54464 159222.297 -26898.6465 118052.539
0 17 16944 54465 159221.531 -26896.0859 118054.398
0 17 16945 54465 159222.453 -26896.2422 118052.656
4 6 52 20 101257.125 -56802.7773 158059.906
4 6 53 20 104817.328 -56065.0859 156007.188
4 6 52 21 102120.508 -52305.625 159407.609
4 6 53 21 105700.531 -51621.1875 157321.719
0 18 33846 108914 159196.797 -26911.9492 118087.672
0 18 33847 108914 159197.484 -26912.0664 118086.977
0 18 33846 108915 159196.891 -26910.75 118087.742
0 18 33847 108915 159197.594 -26910.8691 118087.055
0 13 1040 3406 158831.484 -26736.8926 118483.797
0 13 1041 3406 158852.547 -26740.4355 118460.711
0 13 1040 3407 158832.547 -26698.293 118484.586
0 13 1041 3407 158854.797 -26702.0312 118462.391
0 18 33874 108898 159212.391 -26934.0234 118065.234
0 18 33875 108898 159212.938 -26934.1133 118064.43
0 18 33874 108899 159212.297 -26932.7891 118065.164
0 18 33875 108899 159212.859 -26932.8848 118064.367
3 4 4 8 -79685.5859 -182138.469 11383.6543
3 4 5 8 -59606.6016 -190741.141 11921.3213
3 4 4 9 -79052.4219 -180691.25 33879.6094
3 4 5 9 -59027.4258 -188887.75 35416.4531
0 10 114 428 155960.141 -25434.9082 121082.336
0 10 115 428 156152.172 -25466.2207 120926.438
0 10 114 429 155936.781 -25126.5312 121064.195
0 10 115 429 156125.094 -25156.875 120905.469
0 8 42 94 162573.406 -42548.5078 108593.953
0 8 43 94 163167.594 -42704.0195 107716.109
0 8 42 95 162795.781 -41334.8672 108742.5
0 8 43 95 163370.562 -41480.8047 107850.094
0 17 16912 54454 159184.812 -26916.6055 118104.898
0 17 16913 54454 159185.766 -26916.7637 118103.188
0 17 16912 54455 159185 -26914.207 118105.047
0 17 16913 54455 159185.953 -26914.3691 118103.32
0 12 512 1692 158496.281 -27512.416 118833.508
0 12 513 1692 158533.828 -27518.9336 118784.25
0 12 512 1693 158498.828 -27435.4648 118835.414
0 12 513 1693 158535.328 -27441.7852 118785.375
0 14 2130 6816 159340.547 -26754.5078 117900.719
0 14 2131 6816 159349.344 -26755.9824 117887.789
0 14 2130 6817 159338.328 -26734.6855 117899.078
0 14 2131 6817 159347.203 -26736.1738 117886.188
0 10 148 420 161398.062 -28843.6016 114586.32
0 10 149 420 161539.188 -28868.8184 114371
0 10 148 421 161424.125 -28532.9727 114604.82
0 10 149 421 161563.391 -28557.5918 114388.133
0 12 538 1714 159586.094 -25987.2871 117624.617
0 12 539 1714 159617.734 -25992.4375 117569.992
0 12 538 1715 159585.219 -25909.2227 117623.969
0 12 539 1715 159616.094 -25914.2344 117568.789
0 19 67718 217802 159204.375 -26929.3262 118077.812
0 19 67719 217802 159204.609 -26929.3652 118077.383
0 19 67718 217803 159204.391 -26928.7207 118077.836
0 19 67719 217803 159204.641 -26928.7617 118077.398
4 6 54 34 112567.336 12507.4824 160095.766
4 6 55 34 115863.141 12325.8662 157771.078
4 6 54 35 112310.688 17470.5508 159730.75
4 6 55 35 115602.75 17217.4297 157416.516
0 6 10 10 144999.75 -97421.7031 97421.7031
0 6 11 10 146581.844 -98484.6719 93903.9922
0 6 10 11 146512.5 -93859.5625 98438.0781
0 6 11 11 148205.359 -94944.0547 94944.0547
0 10 144 436 161278.203 -23782.2344 115761.219
0 10 145 436 161448.359 -23807.3262 115568.016
0 10 144 437 161266.609 -23465.5527 115752.891
0 10 145 437 161446.844 -23491.7773 115566.922
0 8 42 118 165132.141 -12255.9004 110303.102
0 8 43 118 165880.5 -12311.4434 109507.055
0 8 42 119 165004.016 -10957.2979 110217.523
0 8 43 119 165754 -11007.1016 109423.547
4 7 124 44 133174.125 -42923.8906 140878.406
4 7 125 44 134330.656 -42592.6445 139791.25
4 7 124 45 133202.625 -40731.3828 140908.562
4 7 125 45 134352.453 -40414.9688 139813.953
0 7 2 38 137540.219 -54801.1836 132167.562
0 7 3 38 138738.891 -55278.7734 131151.609
0 7 2 39 138024.609 -52837.5508 132633.016
0 7 3 39 139259.078 -53310.1172 131643.359
2 4 2 0 -90538.125 131691.812 123461.078
2 4 3 0 -76672.625 136306.891 127787.711
2 4 2 1 -94933.7344 138085.438 112194.414
2 4 3 1 -80732.375 143524.219 116613.43
0 5 6 28 140616 109856.25 83490.75
0 5 7 28 143908.266 112428.328 76451.2656
0 5 6 29 137403.078 115933.844 81583.0781
0 5 7 29 140631.219 118657.594 74710.3359
0 8 14 110 146688.078 -20055.0098 130071.07
0 8 15 110 147294.484 -20137.916 129458.031
0 8 14 111 146700.766 -18910.6445 130082.32
0 8 15 111 147314.469 -18989.7559 129475.609
0 17 16928 54468 159206.641 -26886.2852 118082.227
0 17 16929 54468 159207.688 -26886.4609 118080.578
0 17 16928 54469 159206.875 -26883.8926 118082.398
0 17 16929 54469 159207.922 -26884.0723 118080.75
0 17 16922 54466 159198.062 -26889.6934 118090.438
0 17 16923 54466 159199.375 -26889.9141 118088.984
0 17 16922 54467 159198.312 -26887.3066 118090.625
0 17 16923 54467 159199.609 -26887.5254 118089.156
0 12 510 1702 158425.781 -26726.6172 118935.375
0 12 511 1702 158467.375 -26733.6328 118889.219
0 12 510 1703 158426.297 -26649.3438 118935.758
0 12 511 1703 158464.312 -26655.7402 118886.914
0 9 62 226 157487.094 -18147.9277 119038.094
0 9 63 226 157817.625 -18186.0156 118671.453
0 9 62 227 157478.422 -17531.7773 119031.547
0 9 63 227 157820.016 -17569.8047 118673.25
0 13 1066 3390 159340.859 -27445.0625 117852.328
0 13 1067 3390 159356.672 -27447.7871 117825.117
0 13 1066 3391 159347 -27407.2168 117856.875
0 13 1067 3391 159364.812 -27410.2832 117831.133
0 13 1050 3388 159014.625 -27466.5156 118232.18
0 13 1051 3388 159033.484 -27469.7734 118207.391
0 13 1050 3389 159017.578 -27428.2031 118234.383
0 13 1051 3389 159036.656 -27431.4922 118209.742
0 18 33876 108900 159213.359 -26931.7559 118063.516
0 18 33877 108900 159213.922 -26931.8516 118062.727
0 18 33876 108901 159213.281 -26930.5293 118063.469
0 18 33877 108901 159213.875 -26930.627 118062.688
0 18 33858 108922 159205.797 -26903.7559 118079.789
0 18 33859 108922 159206.312 -26903.8418 118078.945
0 18 33858 108923 159205.922 -26902.5605 118079.875
0 18 33859 108923 159206.438 -26902.6484 118079.039
0 19 67706 217812 159201.453 -26922.7578 118082.922
0 19 67707 217812 159201.75 -26922.8066 118082.539
0 19 67706 217813 159201.469 -26922.1543 118082.953
0 19 67707 217813 159201.75 -26922.1973 118082.539
0 10 140 412 159938.625 -31081.8223 116049.219
0 10 141 412 160067.375 -31106.8418 115830
0 10 140 413 159966.5 -30774.8047 116069.438
0 10 141 413 160110.25 -30802.459 115861.023
4 6 62 8 119483.586 -92061.125 125359.82
4 6 63 8 122024.094 -91033.8516 123960.992
4 6 62 9 120627.102 -88987.2031 126559.578
4 6 63 9 123175.406 -87982.4297 125130.57
0 17 16946 54462 159223.312 -26903.6758 118050.852
0 17 16947 54462 159224.312 -26903.8477 118049.172
0 17 16946 54463 159223.25 -26901.2363 118050.812
0 17 16947 54463 159224.234 -26901.4023 118049.109
0 19 67708 217822 159202.188 -26916.8066 118082.266
0 19 67709 217822 159202.516 -26916.8633 118081.906
0 19 67708 217823 159202.203 -26916.2031 118082.266
0 19 67709 217823 159202.531 -26916.2559 118081.898
0 9 82 208 163604.516 -30356.3066 110880.398
0 9 83 208 163913.453 -30413.6309 110449.5
0 9 82 209 163688.141 -29732.416 110937.086
0 9 83 209 163975.219 -29784.5625 110491.117
0 12 510 1696 158412.203 -27188.4219 118925.172
0 12 511 1696 158452.953 -27195.416 118878.398
0 12 510 1697 158413.625 -27111.3145 118926.234
0 12 511 1697 158454.094 -27118.2422 118879.242
0 17 16920 54440 159193.359 -26952.0566 118091.812
0 17 16921 54440 159194.688 -26952.2812 118090.367
0 17 16920 54441 159193.266 -26949.6133 118091.742
0 17 16921 54441 159194.547 -26949.8301 118090.273
0 5 16 6 171842.016 -102031.203 -5370.06299
0 5 17 6 171334.594 -101729.906 -16062.6182
0 5 16 7 177030 -94047.1875 -5532.1875
0 5 17 7 176386.031 -93705.0781 -16536.1895
0 12 522 1686 158858.578 -28040.709 118329.469
0 12 523 1686 158901.797 -28048.3398 118284.078
0 12 522 1687 158867.531 -27964.7168 118336.133
0 12 523 1687 158912.797 -27972.6855 118292.258
0 17 16936 54468 159215.109 -26887.7129 118069.062
0 17 16937 54468 159216.219 -26887.9023 118067.477
0 17 16936 54469 159215.406 -26885.334 118069.297
0 17 16937 54469 159216.547 -26885.5273 118067.711
4 4 0 8 -136708.938 9113.92871 145822.859
4 4 1 8 -126519.367 9732.25879 155716.141
4 4 0 9 -135968.984 27193.7969 145033.578
4 4 1 9 -125502.352 28962.082 154464.422
0 12 530 1686 159221.422 -28104.7578 117977.781
0 12 531 1686 159261.844 -28111.8945 117929.977
0 12 530 1687 159238.234 -28029.9707 117990.242
0 12 531 1687 159273.281 -28036.1426 117938.438
0 9 82 218 164316.844 -24069.8516 111363.172
0 9 83 218 164615.797 -24113.6406 110922.758
0 9 82 219 164410.625 -23441.3574 111426.734
0 9 83 219 164692.234 -23481.5117 110974.258
0 8 30 120 156570.594 -9174.05762 119262.75
0 8 31 120 157213.844 -9211.74902 118524.5
0 8 30 121 156487.672 -7946.63965 119199.594
0 8 31 121 157142.25 -7979.87988 118470.531
0 7 0 62 138997.922 -3257.76416 137912
0 7 1 62 140083.234 -3283.20068 136800.031
0 7 0 63 138970.125 -1085.7041 137884.422
0 7 1 63 140058.141 -1094.20422 136775.531
3 5 22 30 56485.043 -139040.109 126005.102
3 5 23 30 64195.9922 -136951.438 124112.25
3 5 22 31 54880.9375 -135091.547 130869.93
3 5 23 31 62446.1094 -133218.375 129055.305
0 19 67740 217822 159210.406 -26918.1973 118068.922
0 19 67741 217822 159210.656 -26918.2383 118068.5
0 19 67740 217823 159210.469 -26917.5977 118068.969
0 19 67741 217823 159210.734 -26917.6445 118068.555
5 4 2 10 107322 48782.7305 -156104.734
5 4 3 10 93247.6797 51804.2656 -165773.641
5 4 2 11 104717.102 66638.1562 -152315.781
5 4 3 11 90817.1641 70635.5625 -161452.719
0 13 1074 3410 159515.969 -26696.3379 117670.289
0 13 1075 3410 159538.359 -26700.084 117647.859
0 13 1074 3411 159520.172 -26658.0938 117673.391
0 13 1075 3411 159542.109 -26661.7617 117650.625
0 7 24 40 162638.062 -59718.6641 100378.18
0 7 25 40 163731 -60119.9727 98494.4297
0 7 24 41 163267.547 -57398.7461 100766.688
0 7 25 41 164350.844 -57779.5938 98867.3047
0 5 2 30 123676.609 112081.922 104352.133
0 5 3 30 126212.531 114380.109 98603.5391
0 5 2 31 121118.031 117333.086 102193.336
0 5 3 31 123505.25 119645.719 96488.4766
0 14 2106 6818 159137.484 -26681.5605 118216.695
0 14 2107 6818 159147.156 -26683.1816 118204.445
0 14 2106 6819 159138.172 -26662.248 118217.211
0 14 2107 6819 159147.469 -26663.8047 118204.68
4 6 54 16 104481.711 -71976.2812 148596.203
4 6 55 16 107765.367 -71079.2891 146744.344
4 6 54 17 105442.094 -67951.5703 149962.094
4 6 55 17 108746.125 -67098.6797 148079.844
0 12 542 1692 159692.391 -27720.0391 117391.062
0 12 543 1692 159722.141 -27725.2051 117334.938
0 12 542 1693 159702.328 -27643.7891 117398.375
0 12 543 1693 159732.219 -27648.9609 117342.344
4 7 122 50 131308.094 -30301.8672 143653.297
4 7 123 50 132556 -30075.7305 142581.25
4 7 122 51 131465.484 -28090.916 143825.484
4 7 123 51 132665.359 -27870.877 142698.891
4 7 122 52 131570.703 -25864.3242 143940.594
4 7 123 52 132804.25 -25668.0469 142848.266
4 7 122 53 131689.109 -23636.5078 144070.141
4 7 123 53 132908.766 -23454.4863 142960.688
0 18 33852 108894 159199.969 -26936.7754 118082.742
0 18 33853 108894 159200.578 -26936.8809 118081.984
0 18 33852 108895 159200.094 -26935.5859 118082.836
0 18 33853 108895 159200.703 -26935.6895 118082.078
0 15 4220 13600 159141.516 -27036.7695 118146.836
0 15 4221 13600 159146.109 -27037.5508 118140.539
0 15 4220 13601 159143.031 -27027.3125 118147.961
0 15 4221 13601 159148.172 -27028.1855 118142.062
4 5 18 8 27659.3984 -82978.1953 177020.141
4 5 19 8 38211.0586 -81880.8438 174679.125
4 5 18 9 28477.8984 -74042.5312 182258.547
4 5 19 9 39217.0547 -72831.6797 179277.969
0 7 32 54 178185.609 -26449.4258 87700.7266
0 7 33 54 179319.25 -26617.7012 85456.8281
0 7 32 55 178457.938 -23701.4434 87834.7656
0 7 33 55 179618.875 -23855.6328 85599.625
0 16 8474 27214 159226.094 -26985.5352 118046.844
0 16 8475 27214 159228.906 -26986.0137 118044.07
0 16 8474 27215 159226.578 -26980.7598 118047.203
0 16 8475 27215 159229.406 -26981.2383 118044.438
0 8 26 90 152462.375 -44666.7148 120897.898
0 8 27 90 153055.234 -44840.4023 120172.281
0 8 26 91 152673.781 -43535.8828 121065.539
0 8 27 91 153265.094 -43704.5 120337.055
0 8 36 120 160577.938 -9408.86328 114788.133
0 8 37 120 161268.453 -9449.32324 114021.836
0 8 36 121 160494.969 -8150.13477 114728.82
0 8 37 121 161209.531 -8186.42188 113980.18
0 9 46 210 152323.312 -27073.0898 124655.211
0 9 47 210 152642.75 -27129.8633 124320.375
0 9 46 211 152310.328 -26475.8164 124644.578
0 9 47 211 152646.297 -26534.2188 124323.25
0 19 67712 217804 159202.984 -26927.875 118080.43
0 19 67713 217804 159203.234 -26927.916 118080.008
0 19 67712 217805 159203.031 -26927.2754 118080.461
0 19 67713 217805 159203.281 -26927.3164 118080.039
0 12 546 1706 159892.672 -26661.791 117226
0 12 547 1706 159930.734 -26668.1387 117175.812
0 12 546 1707 159894.875 -26584.0859 117227.609
0 12 547 1707 159932.562 -26590.3496 117177.148
0 15 4242 13626 159261.359 -26804.3945 118021.961
0 15 4243 13626 159264.828 -26804.9766 118014.805
0 15 4242 13627 159262.469 -26794.8613 118022.781
0 15 4243 13627 159265.562 -26795.3809 118015.352
0 9 56 224 155469.469 -19130.0312 121156.867
0 9 57 224 155822.281 -19173.4434 120823.141
0 9 56 225 155454.562 -18520.9531 121145.25
0 9 57 225 155798.328 -18561.9102 120804.57
0 16 8446 27224 159163.25 -26926.3145 118136.258
0 16 8447 27224 159165.047 -26926.6172 118132.727
0 16 8446 27225 159163.359 -26921.4727 118136.336
0 16 8447 27225 159165.234 -26921.793 118132.875
0 16 8448 27218 159166.297 -26955.9746 118128.812
0 16 8449 27218 159168.344 -26956.3203 118125.461
0 16 8448 27219 159166.359 -26951.127 118128.859
0 16 8449 27219 159168.453 -26951.4805 118125.547
0 7 32 52 177513.391 -31896.9375 87369.875
0 7 33 52 178646.016 -32100.4551 85135.9922
0 7 32 53 177855.453 -29179.4102 87538.2266
0 7 33 53 179000.688 -29367.3008 85305.0156
0 14 2106 6792 159083.625 -27177.4336 118176.688
0 14 2107 6792 159091.625 -27178.7988 118163.203
0 14 2106 6793 159083.484 -27157.9883 118176.578
0 14 2107 6793 159093.281 -27159.6641 118164.43
0 8 32 90 155928.438 -45682.1602 116337.234
0 8 33 90 156486.766 -45845.7305 115531.242
0 8 32 91 156136.078 -44523.1797 116492.148
0 8 33 91 156716.109 -44688.5781 115700.57
0 7 10 36 145301.641 -62434.2969 121463.086
0 7 11 36 146298.375 -62862.5859 120010.391
0 7 10 37 145808.688 -60373.9141 121886.961
0 7 11 37 146792.469 -60781.2578 120415.703
0 6 18 36 181859.906 25574.0508 76722.1484
0 6 19 36 184581.125 25956.7207 72102
0 6 18 37 180393.859 31005.1934 76103.6562
0 6 19 37 182984.375 31450.4395 71478.2656
1 4 14 2 -134029.219 -92145.0781 108898.734
1 4 15 2 -127699.531 -87793.4297 119718.312
1 4 14 3 -139209.359 -78305.2656 113107.602
1 4 15 3 -132142.203 -74329.9922 123883.32
0 15 4246 13604 159267.609 -27019.3066 117987.711
0 15 4247 13604 159271.688 -27019.998 117981.008
0 15 4246 13605 159269.141 -27009.8457 117988.844
0 15 4247 13605 159272.719 -27010.4531 117981.773
0 7 30 60 177009.953 -9680.23242 92653.6484
0 7 31 60 178184.344 -9744.45605 90484.2344
0 7 30 61 177152.344 -6920.01367 92728.1797
0 7 31 61 178295.781 -6964.67822 90540.8203
0 11 280 858 160559.094 -25949.7383 116577.828
0 11 281 858 160637.703 -25962.4395 116478.016
0 11 280 859 160548.016 -25791.1602 116569.766
0 11 281 859 160633.297 -25804.8613 116474.828
0 7 22 66 165232.75 6454.4043 107143.109
0 7 23 66 166638.531 6509.31738 105450.945
0 7 22 67 165020.969 9024.58398 107005.797
0 7 23 67 166349.703 9097.25 105268.172
0 7 12 36 147332.672 -63307.0078 118556.766
0 7 13 36 148345.438 -63742.1836 117053.828
0 7 12 37 147836.375 -61213.5 118962.078
0 7 13 37 148865.156 -61639.4844 117463.922
0 11 282 852 160614.594 -26899.8086 116304.422
0 11 283 852 160687.531 -26912.0234 116200.312
0 11 282 853 160648.438 -26748.5898 116328.914
0 11 283 853 160709.328 -26758.7324 116216.07
0 7 26 64 171566.562 1340.36377 100527.289
0 7 27 64 173041.141 1351.88391 98687.5234
0 7 26 65 171218.953 4012.94409 100323.594
0 7 27 65 172664.469 4046.82349 98472.7031
0 18 33868 108922 159210.562 -26904.5586 118071.172
0 18 33869 108922 159211.062 -26904.6445 118070.328
0 18 33868 108923 159210.656 -26903.3633 118071.234
0 18 33869 108923 159211.172 -26903.4473 118070.406
0 11 254 836 158296.922 -28985.0312 118954.57
0 11 255 836 158370.531 -28998.5098 118855.227
0 11 254 837 158285.391 -28828.3418 118945.898
0 11 255 837 158367.578 -28843.3145 118853.008
0 7 30 46 172608.375 -47197.6016 90349.6953
0 7 31 46 173690.594 -47493.5195 88202.25
0 7 30 47 173105.906 -44628.8672 90610.125
0 7 31 47 174210.656 -44913.6836 88466.3438
0 18 33846 108898 159196.797 -26931.3828 118087.68
0 18 33847 108898 159197.453 -26931.4922 118086.953
0 18 33846 108899 159196.859 -26930.1777 118087.727
0 18 33847 108899 159197.547 -26930.2969 118087.016
0 8 12 104 145343.469 -26684.1543 131149.781
0 8 13 104 145951.641 -26795.8086 130558.312
0 8 12 105 145376.438 -25554.4512 131179.516
0 8 13 105 145994.531 -25663.0996 130596.664
0 16 8446 27226 159163.5 -26916.6426 118136.445
0 16 8447 27226 159165.438 -26916.9668 118133.023
0 16 8446 27227 159163.734 -26911.8242 118136.625
0 16 8447 27227 159165.672 -26912.1523 118133.195
3 4 8 2 10309.0312 -164944.5 -113399.352
3 4 9 2 30497.5879 -162653.797 -111824.484
3 4 8 3 10878.6953 -174059.125 -97908.2578
3 4 9 3 32016.3301 -170753.766 -96048.9922
2 4 12 14 80706.3672 143477.984 -116575.867
2 4 13 14 95096.125 138321.641 -112386.328
2 4 12 15 76551.4688 136091.516 -127585.789
2 4 13 15 90268.1484 131299.125 -123092.93
0 11 248 840 157817.234 -28280.7246 119518.82
0 11 249 840 157889.797 -28293.7285 119419.578
0 11 248 841 157822.906 -28127.6172 119523.109
0 11 249 841 157902.656 -28141.8301 119429.305
0 16 8452 27214 159174.5 -26976.7949 118115.461
0 16 8453 27214 159176.781 -26977.1816 118112.305
0 16 8452 27215 159174.906 -26972.0059 118115.773
0 16 8453 27215 159177.281 -26972.4102 118112.68
0 14 2134 6808 159363.641 -26914.0137 117840
0 14 2135 6808 159372.562 -26915.5215 117827.141
0 14 2134 6809 159364.75 -26894.7461 117840.82
0 14 2135 6809 159374.234 -26896.3477 117828.367
4 7 124 58 134499.75 -12227.25 142280.719
4 7 125 58 135659.359 -12132.1367 141173.953
4 7 124 59 134542.688 -10007.3066 142326.141
4 7 125 59 135687.328 -9928.34082 141203.062
0 19 67706 217818 159201.453 -26919.1133 118082.938
0 19 67707 217818 159201.781 -26919.1699 118082.57
0 19 67706 217819 159201.484 -26918.5098 118082.961
0 19 67707 217819 159201.812 -26918.5684 118082.594
3 4 2 10 -109374.906 -159090.781 49715.8672
3 4 3 10 -94663.5078 -168290.672 52590.8359
3 4 2 11 -106512.352 -154927.062 67780.5859
3 4 3 11 -91744.1406 -163100.688 71356.5469
0 9 72 226 161060.094 -18559.6582 115447.367
0 9 73 226 161404.953 -18599.3984 115064.078
0 9 72 227 161009.844 -17924.9238 115411.359
0 9 73 227 161374.312 -17965.5 115042.227
0 14 2132 6814 159359.672 -26796.623 117875.969
0 14 2133 6814 159366.906 -26797.8418 117861.867
0 14 2132 6815 159358.938 -26777.0469 117875.43
0 14 2133 6815 159367.734 -26778.5273 117862.484
0 19 67726 217802 159206.25 -26929.6426 118074.352
0 19 67727 217802 159206.484 -26929.6836 118073.914
0 19 67726 217803 159206.25 -26929.0332 118074.352
0 19 67727 217803 159206.5 -26929.0762 118073.922
0 14 2100 6796 159026.844 -27090.082 118250.977
0 14 2101 6796 159035.516 -27091.5586 118238.016
0 14 2100 6797 159027.531 -27070.7871 118251.484
0 14 2101 6797 159037.062 -27072.4121 118239.156
4 6 58 38 123367.938 30260.0625 148972.609
4 6 59 38 126098.781 29805.166 146733.125
4 6 58 39 122876.109 34776.2578 148378.703
4 6 59 39 125574.867 34247.6914 146123.484
0 11 282 850 160556.312 -27203.6309 116262.211
0 11 283 850 160638.734 -27217.5977 116165.023
0 11 282 851 160584.141 -27051.5293 116282.367
0 11 283 851 160665.578 -27065.2461 116184.43
3 5 24 24 83292.7344 -156786.328 83292.7344
3 5 25 24 91035.5859 -153323.094 81452.8906
3 5 24 25 81377.125 -153180.469 90950.8984
3 5 25 25 89052.7266 -149983.547 89052.7266
0 11 276 862 160183.516 -25263.3164 116930.836
0 11 277 862 160274.312 -25277.6387 116840.602
0 11 276 863 160194.953 -25108.6816 116939.188
0 11 277 863 160281.188 -25122.1992 116845.609
0 12 546 1698 159832.547 -27276.1133 117181.922
0 12 547 1698 159871.406 -27282.7422 117132.344
0 12 546 1699 159852.016 -27201.3828 117196.195
0 12 547 1699 159886.516 -27207.252 117143.414
2 4 8 8 12563.2578 201012.125 -12563.2578
2 4 9 8 37116.0938 197952.5 -12372.0312
2 4 8 9 12372.9258 197966.812 -37118.7773
2 4 9 9 36569.5664 195037.688 -36569.5664
3 4 0 12 -124692.859 -133005.719 74815.7109
3 4 1 12 -114569.422 -141008.531 79317.2891
3 4 0 13 -120437.281 -128466.438 88320.6797
3 4 1 13 -109986.062 -135367.469 93065.1328
4 5 20 2 41251.375 -123754.117 146671.547
4 5 21 2 49830.9414 -122312.312 144962.75
4 5 20 3 42478.3945 -117995.539 151034.297
4 5 21 3 51273.2656 -116530.156 149158.594
3 5 30 18 131223.844 -144798.734 22624.8008
3 5 31 18 136385.359 -140784.906 21997.6406
3 5 30 19 130636.609 -144150.734 31532.9727
3 5 31 19 135942.812 -140328.062 30696.7656
0 10 116 414 156499.266 -29802.1055 120889.562
0 10 117 414 156671.594 -29834.9238 120716.688
0 10 116 415 156510.812 -29498.6211 120898.492
0 10 117 415 156683.047 -29531.0801 120725.508
0 8 12 102 145273.578 -28941.2207 131086.703
0 8 13 102 145864.016 -29058.8496 130479.922
0 8 12 103 145323.828 -27815.8887 131132.047
0 8 13 103 145927.219 -27931.3809 130536.453
0 10 148 432 161876.672 -25135.1465 114926.117
0 10 149 432 162023.656 -25157.9688 114714.008
0 10 148 433 161863.734 -24817 114916.93
0 10 149 433 162036.609 -24843.5039 114723.18
0 14 2098 6810 159043.5 -26821.1191 118302.188
0 14 2099 6810 159055.859 -26823.2051 118291.977
0 14 2098 6811 159043.594 -26801.7168 118302.266
0 14 2099 6811 159056 -26803.8105 118292.078
0 6 14 12 155072.703 -94497.4297 84805.3828
0 6 15 12 156789.562 -95543.6406 80844.6172
0 6 14 13 156837.922 -90671.9297 85770.7422
0 6 15 13 158599.047 -91690.0703 81777.6328
0 14 2134 6806 159360 -26952.3027 117837.305
0 14 2135 6806 159367.938 -26953.6484 117823.711
0 14 2134 6807 159361.188 -26933.0527 117838.18
0 14 2135 6807 159370.672 -26934.6543 117825.742
0 16 8474 27240 159230.953 -26860.0176 118050.445
0 16 8475 27240 159232.688 -26860.3105 118046.875
0 16 8474 27241 159231.688 -26855.2832 118050.992
0 16 8475 27241 159233.391 -26855.5723 118047.398
4 4 0 10 -134033.297 44677.7656 142968.859
4 4 1 10 -123323.336 47432.0547 151782.578
4 4 0 11 -130979.516 61123.7773 139711.484
4 4 1 11 -120142.469 64692.0977 147867.641
0 9 46 208 152321.578 -28262.793 124653.789
0 9 47 208 152637.469 -28321.4062 124316.062
0 9 46 209 152299.219 -27663.7246 124635.492
0 9 47 209 152619.453 -27721.8926 124301.383
0 16 8482 27222 159247.031 -26950.207 118023.484
0 16 8483 27222 159249.344 -26950.5996 118020.344
0 16 8482 27223 159246.375 -26945.2363 118023
0 16 8483 27223 159248.688 -26945.627 118019.852
0 16 8456 27212 159183.016 -26987.9551 118102.352
0 16 8457 27212 159185.203 -26988.3223 118099.109
0 16 8456 27213 159183.562 -26983.1875 118102.758
0 16 8457 27213 159185.812 -26983.5723 118099.57
0 5 16 18 198397.75 30999.6484 -6199.92969
0 5 17 18 197135.641 30802.4453 -18481.4668
0 5 16 19 195694.938 42808.2656 -6115.4668
0 5 17 19 194595.109 42567.6797 -18243.291
0 19 67714 217828 159204.234 -26913.5117 118080.148
0 19 67715 217828 159204.531 -26913.5605 118079.758
0 19 67714 217829 159204.281 -26912.9102 118080.164
0 19 67715 217829 159204.562 -26912.959 118079.766
0 18 33848 108896 159197.828 -26933.9844 118086.008
0 18 33849 108896 159198.453 -26934.0918 118085.258
0 18 33848 108897 159197.984 -26932.7988 118086.125
0 18 33849 108897 159198.609 -26932.9023 118085.375
0 11 272 864 159883.172 -24903.6777 117336.141
0 11 273 864 159962.641 -24916.0566 117238.242
0 11 272 865 159879.125 -24746.9141 117333.164
0 11 273 865 159966.031 -24760.3652 117240.727
0 13 1044 3412 158934.031 -26521.3438 118405.086
0 13 1045 3412 158953.453 -26524.582 118380.742
0 13 1044 3413 158934.344 -26482.5898 118405.312
0 13 1045 3413 158955.219 -26486.0684 118382.055
5 4 2 12 101404.438 82967.2734 -147497.359
5 4 3 12 87902.9688 87902.9688 -156271.938
5 4 2 13 97808.4297 97808.4297 -142266.812
5 4 3 13 84006.1641 102674.195 -149344.281
0 7 8 36 143391.219 -61613.418 124347.07
0 7 9 36 144348.266 -62024.6523 122921.578
0 7 8 37 143825.281 -59552.6523 124723.484
0 7 9 37 144776.203 -59946.3984 123285.984
0 17 16916 54462 159189.844 -26898.0215 118098.922
0 17 16917 54462 159191.109 -26898.2344 118097.422
0 17 16916 54463 159190.094 -26895.6367 118099.109
0 17 16917 54463 159191.344 -26895.8457 118097.609
0 12 544 1694 159755.891 -27575.0508 117281.734
0 12 545 1694 159790.812 -27581.082 117229.336
0 12 544 1695 159770.016 -27499.4785 117292.094
0 12 545 1695 159797.25 -27504.1641 117234.062
0 12 516 1688 158646.703 -27848.3848 118636.445
0 12 517 1688 158679.719 -27854.1797 118583.648
0 12 516 1689 158654.266 -27772.2422 118642.094
0 12 517 1689 158684.781 -27777.584 118587.43
0 15 4214 13616 159133.641 -26880.0254 118199.266
0 15 4215 13616 159138.594 -26880.8652 118193.234
0 15 4214 13617 159134.688 -26870.4883 118200.047
0 15 4215 13617 159138.797 -26871.1836 118193.391
0 6 20 18 176148.359 -74312.5938 63303.3203
0 6 21 18 177755.016 -74990.3984 58325.8672
0 6 20 19 177846.562 -69471.3125 63913.6133
0 6 21 19 179507.016 -70119.9219 58900.7383
0 12 544 1710 159842.844 -26341.2891 117345.57
0 12 545 1710 159884.609 -26348.1738 117298.156
0 12 544 1711 159846.375 -26263.8203 117348.164
0 12 545 1711 159889.047 -26270.834 117301.414
0 16 8448 27232 159170.391 -26888.6621 118131.844
0 16 8449 27232 159172.234 -26888.9727 118128.352
0 16 8448 27233 159171.078 -26883.9199 118132.352
0 16 8449 27233 159172.953 -26884.2383 118128.883
0 17 16948 54450 159225.547 -26933.209 118047.664
0 17 16949 54450 159226.75 -26933.4141 118046.125
0 17 16948 54451 159225.547 -26930.7812 118047.656
0 17 16949 54451 159226.719 -26930.9785 118046.094
0 9 46 212 152263.297 -25872.8652 124606.094
0 9 47 212 152617.266 -25933.0117 124299.609
0 9 46 213 152249.531 -25275.8008 124594.836
0 9 47 213 152590.703 -25332.4395 124277.969
0 12 542 1712 159760.891 -26171.7695 117441.422
0 12 543 1712 159807.5 -26179.4023 117397.648
0 12 542 1713 159755.438 -26092.8672 117437.406
0 12 543 1713 159803.922 -26100.7891 117395.023
0 12 540 1690 159632.844 -27865.5957 117503.172
0 12 541 1690 159656.719 -27869.7637 117442.805
0 12 540 1691 159625.672 -27786.4043 117497.898
0 12 541 1691 159655.5 -27791.5957 117441.898
0 6 22 30 192187.234 -9008.77637 57055.5859
0 6 23 30 193838.469 -9086.17773 51488.3438
0 6 22 31 192209.109 -3003.26733 57062.0742
0 6 23 31 193893.641 -3029.58813 51503
0 14 2124 6820 159294.781 -26669.0449 117983.539
0 14 2125 6820 159302.594 -26670.3496 117969.867
0 14 2124 6821 159297.062 -26649.9785 117985.219
0 14 2125 6821 159303.453 -26651.0488 117970.508
0 11 280 844 160295.25 -28098.6328 116386.25
0 11 281 844 160372.141 -28112.1113 116285.469
0 11 280 845 160309.141 -27944.5137 116396.336
0 11 281 845 160387.016 -27958.0879 116296.25
0 14 2128 6818 159319.906 -26712.1445 117924.336
0 14 2129 6818 159326.125 -26713.1895 117909.508
0 14 2128 6819 159320.312 -26692.7656 117924.648
0 14 2129 6819 159326.328 -26693.7734 117909.648
4 7 122 48 131055.594 -34724.1328 143377.062
4 7 123 48 132284.297 -34460.6133 142288.984
4 7 122 49 131202.297 -32520.2246 143537.547
4 7 123 49 132410.719 -32268.1582 142424.969
0 11 250 838 157966.688 -28616.0391 119323.469
0 11 251 838 158048.266 -28630.8145 119230.742
0 11 250 839 157962.094 -28460.9434 119320
0 11 251 839 158046.719 -28476.1895 119229.578
0 14 2132 6800 159352.312 -27067.7168 117870.531
0 14 2133 6800 159360.188 -27069.0566 117856.898
0 14 2132 6801 159350.5 -27047.957 117869.18
0 14 2133 6801 159358.375 -27049.293 117855.547
0 14 2102 6794 159045.828 -27132.1484 118226.266
0 14 2103 6794 159056.047 -27133.8926 118214.453
0 14 2102 6795 159044.953 -27112.582 118225.625
0 14 2103 6795 159053.953 -27114.1172 118212.891
5 4 4 0 61092.7305 -130912.984 -139640.516
5 4 5 0 44715.1602 -134145.484 -143088.516
5 4 4 1 64607.3789 -119985.133 -147674.016
5 4 5 1 47382.0039 -123193.203 -151622.406
0 9 78 202 161991.141 -33853.6172 112318.078
0 9 79 202 162246.281 -33906.9375 111861.203
0 9 78 203 162040.219 -33230.9062 112352.109
0 9 79 203 162357.938 -33296.0586 111938.188
0 18 33868 108894 159209.188 -26938.3379 118070.141
0 18 33869 108894 159209.75 -26938.4316 118069.352
0 18 33868 108895 159209.141 -26937.1152 118070.117
0 18 33869 108895 159209.719 -26937.2129 118069.328
0 9 54 198 154876.406 -34786.6914 121904.672
0 9 55 198 155121.844 -34841.8203 121491.922
0 9 54 199 154962.922 -34200.8008 121972.773
0 9 55 199 155243.953 -34262.8242 121587.539
0 17 16912 54448 159184.156 -26931.0664 118104.422
0 17 16913 54448 159185.094 -26931.2246 118102.688
0 17 16912 54449 159184.266 -26928.6562 118104.492
0 17 16913 54449 159185.156 -26928.8086 118102.727
0 15 4244 13602 159258.547 -27037.209 118000.43
0 15 4245 13602 159261.844 -27037.7695 117993.156
0 15 4244 13603 159259.953 -27027.7305 118001.484
0 15 4245 13603 159263.172 -27028.2773 117994.141
4 7 122 54 131797.641 -21403.0352 144188.875
4 7 123 54 133029.938 -21240.0742 143091.031
4 7 122 55 131905.109 -19165.6992 144306.438
4 7 123 55 133116.578 -19016.6543 143184.219
0 16 8470 27212 159214.5 -26993.2891 118057.695
0 16 8471 27212 159217.297 -26993.7656 118054.906
0 16 8470 27213 159214.844 -26988.4883 118057.938
0 16 8471 27213 159217.547 -26988.9492 118055.086
0 7 14 36 149380.812 -64187.0625 115536.719
0 7 15 36 150456.469 -64649.2617 114017.797
0 7 14 37 149951.422 -62089.2578 115978.039
0 7 15 37 151026.531 -62534.4258 114449.797
0 13 1076 3404 159562.953 -26937.9355 117627.031
0 13 1077 3404 159579.5 -26940.7305 117600.273
0 13 1076 3405 159563.953 -26899.1465 117627.773
0 13 1077 3405 159581.062 -26902.0332 117601.438
4 4 0 12 -127142.945 76285.7656 135619.141
4 4 1 12 -116222.812 80461.9453 143043.469
4 4 0 13 -122822.117 90069.5547 131010.258
4 4 1 13 -111810.25 94608.6719 137612.625
0 14 2110 6820 159178.797 -26649.625 118169.664
0 14 2111 6820 159187.281 -26651.0449 118156.531
0 14 2110 6821 159178.609 -26630.1602 118169.516
0 14 2111 6821 159188.25 -26631.7715 118157.234
0 18 33852 108920 159201.844 -26905.5156 118084.141
0 18 33853 108920 159202.547 -26905.6328 118083.43
0 18 33852 108921 159201.984 -26904.3223 118084.234
0 18 33853 108921 159202.656 -26904.4375 118083.531
0 17 16942 54466 159220.094 -26893.416 118058.195
0 17 16943 54466 159220.906 -26893.5547 118056.367
0 17 16942 54467 159220.422 -26891.0391 118058.43
0 17 16943 54467 159221.234 -26891.1777 118056.609
0 17 16928 54438 159201.984 -26958.375 118078.773
0 17 16929 54438 159202.906 -26958.5293 118077.031
0 17 16928 54439 159202.141 -26955.9707 118078.891
0 17 16929 54439 159203.031 -26956.1211 118077.117
0 6 20 34 187680.266 14662.5205 67447.5938
0 6 21 34 189534.5 14807.3818 62191.0078
0 6 20 35 187239.156 20479.2832 67289.0703
0 6 21 35 189013.125 20673.3105 62019.9297
4 5 18 16 31073.8418 6214.76855 198872.594
4 5 19 16 42946.0664 6135.15234 196324.875
4 5 18 17 30913.0957 18547.8574 197843.812
4 5 19 17 42709.9023 18304.2441 195245.281
0 13 1042 3410 158880.297 -26589.9531 118442.625
0 13 1043 3410 158904.312 -26593.9707 118421.734
0 13 1042 3411 158882.109 -26551.4648 118443.969
0 13 1043 3411 158906.938 -26555.6133 118423.688
0 18 33872 108896 159211.406 -26936.2812 118066.93
0 18 33873 108896 159211.984 -26936.3809 118066.148
0 18 33872 108897 159211.328 -26935.0547 118066.867
0 18 33873 108897 159211.906 -26935.1543 118066.094
0 8 48 100 167188.797 -35919.4688 103839.914
0 8 49 100 167762.594 -36042.7461 102885.656
0 8 48 101 167373.719 -34651.5898 103954.766
0 8 49 101 167966.859 -34774.3906 103010.922
0 16 8446 27222 159162.938 -26935.9746 118136.023
0 16 8447 27222 159164.703 -26936.2754 118132.484
0 16 8446 27223 159163.109 -26931.1465 118136.156
0 16 8447 27223 159164.875 -26931.4492 118132.602
0 14 2126 6794 159277.078 -27171.5957 117931.539
0 14 2127 6794 159287.219 -27173.3281 117919.602
0 14 2126 6795 159278.266 -27152.3535 117932.406
0 14 2127 6795 159288.844 -27154.1582 117920.789
0 8 12 106 145398.734 -24422.4453 131199.641
0 8 13 106 146013.062 -24525.6309 130613.234
0 8 12 107 145435.625 -23292.4258 131232.922
0 8 13 107 146031.797 -23387.9062 130630.008
0 10 136 410 159311.562 -31582.2734 116838.852
0 10 137 410 159443.578 -31608.4453 116624.258
0 10 136 411 159322.703 -31273.3047 116847.023
0 10 137 411 159462.969 -31300.8379 116638.438
0 15 4250 13610 159285.688 -26964.041 117962.203
0 15 4251 13610 159289.562 -26964.6973 117955.367
0 15 4250 13611 159284.484 -26954.1152 117961.32
0 15 4251 13611 159288.344 -26954.7676 117954.453
0 6 6 8 134386.328 -98689.9609 107089.102
0 6 7 8 136292.203 -100089.578 104348.711
0 6 6 9 135978.469 -95609.8594 108357.844
0 6 7 9 137956.031 -97000.3438 105622.594
0 14 2122 6792 159245.203 -27205.0391 117985.688
0 14 2123 6792 159253.859 -27206.5156 117972.664
0 14 2122 6793 159247.734 -27186.0293 117987.555
0 14 2123 6793 159255.312 -27187.3262 117973.75
1 4 14 4 -143791.297 -62908.6953 116830.438
1 4 15 4 -136068.859 -59530.1289 127564.555
1 4 14 5 -147512.766 -46097.7383 119854.117
1 4 15 5 -139220.234 -43506.3242 130518.977
0 15 4214 13606 159122.219 -26975.2188 118190.781
0 15 4215 13606 159126.797 -26975.9941 118184.477
0 15 4214 13607 159123.172 -26965.666 118191.5
0 15 4215 13607 159127.516 -26966.4023 118185.008
0 15 4224 13598 159157.391 -27058.8945 118119.766
0 15 4225 13598 159162.297 -27059.7266 118113.688
0 15 4224 13599 159158.172 -27049.3105 118120.344
0 15 4225 13599 159163.172 -27050.1621 118114.352
0 16 8454 27238 159186.344 -26862.209 118114.531
0 16 8455 27238 159188.594 -26862.5898 118111.344
0 16 8454 27239 159186.969 -26857.457 118115
0 16 8455 27239 159189.281 -26857.8477 118111.852
0 11 274 838 159775.25 -28943.6602 116944.875
0 11 275 838 159844.312 -28956.1699 116839.328
0 11 274 839 159797.562 -28791.6504 116961.203
0 11 275 839 159869.312 -28804.5781 116857.594
0 16 8480 27236 159238.297 -26880.6953 118026.742
0 16 8481 27236 159240.375 -26881.0469 118023.422
0 16 8480 27237 159239.156 -26875.9824 118027.375
0 16 8481 27237 159241.266 -26876.3359 118024.07
0 16 8458 27240 159196.672 -26854.2363 118102.766
0 16 8459 27240 159199.062 -26854.6406 118099.68
0 16 8458 27241 159196.891 -26849.416 118102.93
0 16 8459 27241 159199.219 -26849.8066 118099.789
0 11 270 836 159480.703 -29201.7871 117352.25
0 11 271 836 159542.562 -29213.1133 117241.969
0 11 270 837 159483.391 -29046.5352 117354.227
0 11 271 837 159548.141 -29058.3301 117246.078
0 13 1042 3392 158864.391 -27285.4238 118430.773
0 13 1043 3392 158881.812 -27288.418 118404.969
0 13 1042 3393 158865.297 -27246.7949 118431.445
0 13 1043 3393 158881.359 -27249.5488 118404.617
0 8 16 94 147548.047 -38616.0898 128528.18
0 8 17 94 148206.031 -38788.3008 127943.5
0 8 16 95 147582.469 -37472.1133 128558.164
0 8 17 95 148260.016 -37644.1445 127990.094
0 15 4250 13618 159284.281 -26886.0293 117961.172
0 15 4251 13618 159289.203 -26886.8594 117955.086
0 15 4250 13619 159285.516 -26876.5137 117962.078
0 15 4251 13619 159290.25 -26877.3125 117955.875
0 17 16944 54444 159221.172 -26947.0469 118054.133
0 17 16945 54444 159222.469 -26947.2637 118052.664
0 17 16944 54445 159220.781 -26944.5508 118053.852
0 17 16945 54445 159222.062 -26944.7695 118052.375
0 8 28 120 155248.797 -9096.6084 120681.68
0 8 29 120 155909.438 -9135.31836 119977.18
0 8 28 121 155205.812 -7881.54492 120648.266
0 8 29 121 155849.609 -7914.23828 119931.148
0 11 254 862 158273.469 -24962.0742 118936.945
0 11 255 862 158362.516 -24976.1191 118849.211
0 11 254 863 158265.031 -24806.1895 118930.609
0 11 255 863 158352.078 -24819.832 118841.383
0 11 282 854 160658.25 -26593.334 116336.031
0 11 283 854 160725.438 -26604.4531 116227.719
0 11 282 855 160675.438 -26439.2676 116348.469
0 11 283 855 160742.141 -26450.2422 116239.789
0 9 80 204 162743.547 -32739.4258 111568.336
0 9 81 204 162989.125 -32788.8242 111100
0 9 80 205 162795.359 -32113.9297 111603.844
0 9 81 205 163086.406 -32171.3398 111166.32
0 15 4248 13606 159277.25 -27001.498 117975.406
0 15 4249 13606 159281.375 -27002.1973 117968.742
0 15 4248 13607 159277.703 -26991.8555 117975.742
0 15 4249 13607 159281.719 -26992.5371 117968.992
0 13 1062 3388 159264.375 -27509.6543 117951.297
0 13 1063 3388 159286.188 -27513.4199 117928.555
0 13 1062 3389 159261.75 -27470.3203 117949.336
0 13 1063 3389 159282.75 -27473.9434 117926.008
0 17 16930 54438 159203.875 -26958.6953 118075.32
0 17 16931 54438 159204.922 -26958.8691 118073.664
0 17 16930 54439 159203.984 -26956.2852 118075.398
0 17 16931 54439 159205.016 -26956.459 118073.727
0 6 22 22 185716.469 -55134.5742 55134.5742
0 6 23 22 187173.375 -55567.0938 49717.9297
0 6 22 23 187038.375 -49682.0664 55527.0156
0 6 23 23 188519.188 -50075.4062 50075.4062
0 10 118 434 156639.812 -23710.1289 120386.258
0 10 119 434 156802.828 -23734.8047 120205.297
0 10 118 435 156616.266 -23400.6719 120368.164
0 10 119 435 156804.656 -23428.8203 120206.695
0 5 12 24 173617 92234.0312 37978.7188
0 5 13 24 175633.906 93305.5156 27442.8008
0 5 12 25 169532.953 100660.188 37085.332
0 5 13 25 171336.125 101730.82 26771.2695
0 15 4234 13628 159227.562 -26779.2715 118074.672
0 15 4235 13628 159232.281 -26780.0625 118068.445
0 15 4234 13629 159228.047 -26769.6328 118075.016
0 15 4235 13629 159232.406 -26770.3672 118068.539
0 15 4236 13598 159217.922 -27069.1855 118048.086
0 15 4237 13598 159222.359 -27069.9395 118041.648
0 15 4236 13599 159218.312 -27059.5332 118048.367
0 15 4237 13599 159222.938 -27060.3184 118042.086
0 18 33876 108918 159214.406 -26910.0684 118064.289
0 18 33877 108918 159214.938 -26910.1562 118063.469
0 18 33876 108919 159214.469 -26908.8633 118064.352
0 18 33877 108919 159215.031 -26908.957 118063.539
0 15 4218 13622 159153.328 -26825.0684 118175.031
0 15 4219 13622 159158.062 -26825.8652 118168.828
0 15 4218 13623 159153.891 -26815.4512 118175.453
0 15 4219 13623 159158.797 -26816.2754 118169.383
0 7 32 56 178711.891 -20942.7988 87959.7578
0 7 33 56 179874.094 -21078.9961 85721.25
0 7 32 57 178925.031 -18172.0742 88064.6641
0 7 33 57 180083.484 -18289.7285 85821.0312
0 12 530 1716 159261.75 -25778.9395 118007.664
0 12 531 1716 159310.172 -25786.7773 117965.758
0 12 530 1717 159263.812 -25701.5078 118009.203
0 12 531 1717 159305.422 -25708.2227 117962.234
0 17 16912 54456 159185.141 -26911.8008 118105.141
0 17 16913 54456 159186.125 -26911.9668 118103.445
0 17 16912 54457 159185.219 -26909.3828 118105.195
0 17 16913 54457 159186.219 -26909.5527 118103.508
0 10 116 432 156280.391 -24266.1934 120720.492
0 10 117 432 156460.859 -24294.2168 120554.312
0 10 116 433 156273.719 -23959.9355 120715.352
0 10 117 433 156470.969 -23990.1777 120562.094
0 19 67716 217802 159203.891 -26929.2422 118078.664
0 19 67717 217802 159204.141 -26929.2832 118078.242
0 19 67716 217803 159203.953 -26928.6445 118078.719
0 19 67717 217803 159204.188 -26928.6836 118078.273
3 5 22 28 59764.1836 -147111.844 114931.125
3 5 23 28 67797.0234 -144633.656 112995.039
3 5 22 29 58113.3242 -143048.188 120696.898
3 5 23 29 65982.4609 -140762.594 118768.438
4 4 0 14 -118259.523 102491.586 126143.5
4 4 1 14 -107318.375 107318.375 132084.141
4 4 0 15 -113566.852 113566.852 121137.977
4 4 1 15 -102770.883 118581.781 126487.242
0 14 2134 6810 159365.297 -26875.3848 117841.211
0 14 2135 6810 159375.125 -26877.0449 117829.039
0 14 2134 6811 159368.094 -26856.4043 117843.297
0 14 2135 6811 159376.781 -26857.8672 117830.266
0 19 67718 217830 159205.422 -26912.498 118078.594
0 19 67719 217830 159205.719 -26912.5469 118078.203
0 19 67718 217831 159205.484 -26911.9023 118078.641
0 19 67719 217831 159205.75 -26911.9453 118078.227
0 17 16938 54440 159214.031 -26955.5547 118063.414
0 17 16939 54440 159215.469 -26955.7969 118062.055
0 17 16938 54441 159214.109 -26953.1406 118063.469
0 17 16939 54441 159215.5 -26953.375 118062.078
0 17 16918 54464 159192.859 -26893.6699 118096.289
0 17 16919 54464 159194 -26893.8652 118094.711
0 17 16918 54465 159193.141 -26891.2891 118096.508
0 17 16919 54465 159194.266 -26891.4824 118094.898
0 8 24 90 151351.312 -44341.207 122381.727
0 8 25 90 151902.766 -44502.7656 121640.891
0 8 24 91 151588.578 -43226.4297 122573.578
0 8 25 91 152109.031 -43374.8438 121806.07
0 19 67732 217804 159207.656 -26928.6641 118071.75
0 19 67733 217804 159207.891 -26928.7031 118071.305
0 19 67732 217805 159207.688 -26928.0625 118071.773
0 19 67733 217805 159207.891 -26928.0957 118071.305
0 19 67738 217826 159210.188 -26915.7285 118069.977
0 19 67739 217826 159210.422 -26915.7715 118069.555
0 19 67738 217827 159210.234 -26915.1348 118070.016
0 19 67739 217827 159210.484 -26915.1758 118069.594
0 17 16916 54442 159188.359 -26946.3496 118097.812
0 17 16917 54442 159189.578 -26946.5566 118096.297
0 17 16916 54443 159188.391 -26943.9277 118097.836
0 17 16917 54443 159189.578 -26944.127 118096.289
0 17 16914 54444 159186.031 -26941.0996 118100.953
0 17 16915 54444 159187.234 -26941.3027 118099.414
0 17 16914 54445 159186.062 -26938.6738 118100.969
0 17 16915 54445 159187.266 -26938.8789 118099.438
0 8 22 118 151530.719 -11246.4209 124894.453
0 8 23 118 152147.984 -11292.2334 124214.562
0 8 22 119 151497.312 -10060.3682 124866.922
0 8 23 119 152117.781 -10101.5713 124189.906
0 15 4224 13626 159181.203 -26790.9023 118137.438
0 15 4225 13626 159185.469 -26791.6211 118130.891
0 15 4224 13627 159182.266 -26781.3672 118138.234
0 15 4225 13627 159186.688 -26782.1113 118131.797
5 4 2 14 94260.5391 111398.812 -137106.234
5 4 3 14 80235.5469 115895.789 -142640.969
5 4 2 15 90295.6094 123130.375 -131339.062
5 4 3 15 76925.375 128208.969 -136756.234
0 16 8478 27238 159236.547 -26870.6816 118035.164
0 16 8479 27238 159238.125 -26870.9473 118031.469
0 16 8478 27239 159237.188 -26865.9277 118035.625
0 16 8479 27239 159238.875 -26866.2148 118032.023
0 9 72 198 159875.672 -35909.5781 114598.383
0 9 73 198 160167 -35975.0117 114181.555
0 9 72 199 159962.328 -35304.1875 114660.5
0 9 73 199 160265.594 -35371.1172 114251.844
0 10 114 416 156127.062 -29121.3555 121211.93
0 10 115 416 156323.141 -29157.9277 121058.836
0 10 114 417 156127.359 -28816.4766 121212.164
0 10 115 417 156300.188 -28848.375 121041.07
0 13 1076 3402 159559.234 -27015.2148 117624.297
0 13 1077 3402 159573.234 -27017.5879 117595.664
0 13 1076 3403 159561.141 -26976.5879 117625.703
0 13 1077 3403 159575.391 -26978.9941 117597.242
0 15 4232 13628 159218.875 -26777.8086 118087.664
0 15 4233 13628 159222.953 -26778.4941 118080.969
0 15 4232 13629 159220.312 -26768.332 118088.711
0 15 4233 13629 159223.75 -26768.9102 118081.555
0 17 16926 54438 159200.25 -26958.0801 118082.344
0 17 16927 54438 159201.125 -26958.2305 118080.578
0 17 16926 54439 159200.438 -26955.6816 118082.484
0 17 16927 54439 159201.297 -26955.8281 118080.688
0 6 12 40 162829.375 43251.5508 99224.1484
0 6 13 40 165075.719 43848.2422 95434.4062
0 6 12 41 161781.859 48028.9883 98585.8125
0 6 13 41 163978.062 48680.9844 94799.8125
0 13 1072 3394 159461.953 -27310.1934 117708.297
0 13 1073 3394 159480.875 -27313.4375 117683.336
0 13 1072 3395 159463.734 -27271.5684 117709.625
0 13 1073 3395 159481.781 -27274.6562 117684.008
0 17 16926 54468 159204.078 -26885.8516 118085.188
0 17 16927 54468 159205.422 -26886.0781 118083.758
0 17 16926 54469 159204.312 -26883.4609 118085.367
0 17 16927 54469 159205.672 -26883.6914 118083.938
0 7 2 64 141124.766 1102.53723 135612.078
0 7 3 64 142210.203 1111.01721 134433.078
0 7 2 65 141058.438 3306.05737 135548.344
0 7 3 65 142166.875 3332.03613 134392.109
0 10 118 412 156831.297 -30477.9551 120533.43
0 10 119 412 157008.656 -30512.4238 120363.078
0 10 118 413 156822.094 -30169.877 120526.367
0 10 119 413 157005.031 -30205.0684 120360.305
0 13 1076 3406 159563.75 -26860.1582 117627.625
0 13 1077 3406 159581.562 -26863.1562 117601.789
0 13 1076 3407 159563.844 -26821.2168 117627.695
0 13 1077 3407 159581.781 -26824.2324 117601.953
0 9 50 220 153541.719 -21291.916 123253.211
0 9 51 220 153855.266 -21335.3984 122903.914
0 9 50 221 153536.406 -20691.4277 123248.945
0 9 51 221 153858.734 -20734.8672 122906.688
0 8 14 96 146269.922 -35996.1172 129700.281
0 8 15 96 146907.562 -36153.0312 129117.969
0 8 14 97 146307.109 -34862.2422 129733.266
0 8 15 97 146980.234 -35022.6328 129181.844
0 12 532 1716 159355.5 -25794.1133 117921.516
0 12 533 1716 159391.125 -25799.8828 117870.047
0 12 532 1717 159350.422 -25715.4863 117917.758
0 12 533 1717 159394.609 -25722.6152 117872.617
0 18 33878 108902 159214.391 -26929.5 118061.852
0 18 33879 108902 159214.984 -26929.6016 118061.086
0 18 33878 108903 159214.359 -26928.2793 118061.836
0 18 33879 108903 159214.953 -26928.3809 118061.062
0 13 1050 3416 159069.203 -26388.5547 118272.773
0 13 1051 3416 159089.281 -26391.8848 118248.859
0 13 1050 3417 159070.016 -26349.8574 118273.383
0 13 1051 3417 159091.109 -26353.3516 118250.219
0 12 532 1686 159300.891 -28118.7832 117881.094
0 12 533 1686 159345.172 -28126.6035 117836.062
0 12 532 1687 159307.922 -28042.2422 117886.312
0 12 533 1687 159346.109 -28048.9609 117836.766
0 16 8446 27228 159163.984 -26907.0098 118136.805
0 16 8447 27228 159165.969 -26907.3457 118133.422
0 16 8446 27229 159164.266 -26902.1992 118137.023
0 16 8447 27229 159166.312 -26902.5449 118133.672
0 10 122 410 157398.078 -31202.9395 119739.359
0 10 123 410 157533.641 -31229.8145 119534.805
0 10 122 411 157385.812 -30893.1133 119730.023
0 10 123 411 157539.453 -30923.2715 119539.219
0 8 12 100 145175.391 -31190.0254 130998.102
0 8 13 100 145793.031 -31322.7227 130416.422
0 8 12 101 145224.141 -30065.9316 131042.094
0 8 13 101 145867.172 -30199.0625 130482.75
0 7 32 50 176706.25 -37273.9727 86972.6016
0 7 33 50 177807.797 -37506.332 84736.5234
0 7 32 51 177133.109 -34596.3125 87182.7031
0 7 33 51 178240.359 -34812.5703 84942.6719
3 4 6 4 -33277.4844 -177479.906 -77647.4609
3 4 7 4 -11388.8564 -182221.703 -79722
3 4 6 5 -34806.5352 -185634.844 -58010.8906
3 4 7 5 -11905.7852 -190492.562 -59528.9258
4 6 52 32 105767.531 2579.69604 165100.547
4 6 53 32 109393.047 2544.02441 162817.562
4 6 52 33 105670.156 7731.96289 164948.547
4 6 53 33 109290.047 7624.88721 162664.266
0 6 16 38 174266.688 35397.9219 84410.4297
0 6 17 38 176655.656 35883.1797 80047.0859
0 6 16 39 173078.078 40565.1758 83834.6953
0 6 17 39 175365.578 41101.3047 79462.5312
4 7 126 40 133903.734 -50347.8047 137117.422
4 7 127 40 135229.281 -50045.4805 136294.062
4 7 126 41 134581.125 -48449.207 137811.078
4 7 127 41 135886.844 -48148.8828 136956.828
0 8 34 90 157057.516 -46012.9414 114725.609
0 8 35 90 157649.578 -46186.3984 113926.453
0 8 34 91 157279.547 -44849.2422 114887.789
0 8 35 91 157875.531 -45019.1953 114089.742
0 10 150 426 161917.438 -27038.9492 114322.57
0 10 151 426 162064.672 -27063.5352 114109.992
0 10 150 427 161980.422 -26733.0957 114367.031
0 10 151 427 162124.281 -26756.8398 114151.961
0 18 33880 108910 159215.906 -26920.0371 118060.547
0 18 33881 108910 159216.469 -26920.1348 118059.758
0 18 33880 108911 159216.031 -26918.8438 118060.641
0 18 33881 108911 159216.609 -26918.9434 118059.852
0 8 38 120 161977.156 -9490.84961 113257.477
0 8 39 120 162679.688 -9532.0127 112477.758
0 8 38 121 161884.828 -8220.71387 113192.906
0 8 39 121 162613.938 -8257.73926 112432.289
4 5 24 26 80372.7422 99283.9766 151289.875
4 5 25 26 87665.6953 96893.6719 147647.5
4 5 24 27 78886.3984 106728.664 148492.047
4 5 25 27 86013.3281 104121.398 144864.547
0 11 282 848 160513.453 -27509.873 116231.172
0 11 283 848 160613.047 -27526.9434 116146.438
0 11 282 849 160538.453 -27357.3828 116249.289
0 11 283 849 160627.5 -27372.5586 116156.898
0 19 67706 217810 159201.453 -26923.9707 118082.93
0 19 67707 217810 159201.75 -26924.0234 118082.547
0 19 67706 217811 159201.453 -26923.3633 118082.938
0 19 67707 217811 159201.766 -26923.4199 118082.562
0 9 62 196 156840.859 -36453.2461 118549.633
0 9 63 196 157118.578 -36517.7969 118145.805
0 9 62 197 156959.578 -35867.7148 118639.367
0 9 63 197 157225.547 -35928.4922 118226.242
0 12 520 1686 158775.578 -28026.0605 118422.703
0 12 521 1686 158816.859 -28033.3477 118375.945
0 12 520 1687 158785.547 -27950.2871 118430.141
0 12 521 1687 158824.406 -27957.1289 118381.57
0 19 67732 217830 159208.906 -26913.0879 118072.68
0 19 67733 217830 159209.156 -26913.1289 118072.258
0 19 67732 217831 159208.953 -26912.4844 118072.703
0 19 67733 217831 159209.219 -26912.5312 118072.297
0 17 16938 54468 159217.25 -26888.0742 118065.789
0 17 16939 54468 159218.219 -26888.2383 118064.086
0 17 16938 54469 159217.578 -26885.7012 118066.047
0 17 16939 54469 159218.562 -26885.8691 118064.344
0 15 4246 13624 159274.453 -26826.041 117992.766
0 15 4247 13624 159278.156 -26826.666 117985.805
0 15 4246 13625 159275.953 -26816.5723 117993.883
0 15 4247 13625 159279.156 -26817.1094 117986.539
0 15 4236 13628 159236.672 -26780.8027 118061.977
0 15 4237 13628 159241.25 -26781.5703 118055.656
0 15 4236 13629 159236.953 -26771.1309 118062.188
0 15 4237 13629 159241.359 -26771.8691 118055.742
0 9 60 226 156789.875 -18067.582 119736.016
0 9 61 226 157138.062 -18107.7051 119388.094
0 9 60 227 156764.844 -17452.3359 119716.898
0 9 61 227 157131.562 -17493.1621 119383.156
0 11 246 854 157574.406 -26082.875 119642.688
0 11 247 854 157656.516 -26096.4648 119551.055
0 11 246 855 157565.312 -25927.498 119635.773
0 11 247 855 157646.797 -25940.9043 119543.688
0 17 16946 54446 159223.109 -26942.5156 118050.711
0 17 16947 54446 159224.484 -26942.7461 118049.305
0 17 16946 54447 159222.953 -26940.0586 118050.602
0 17 16947 54447 159224.344 -26940.293 118049.188
0 18 33880 108908 159215.672 -26922.4297 118060.383
0 18 33881 108908 159216.266 -26922.5312 118059.602
0 18 33880 108909 159215.797 -26921.2344 118060.469
0 18 33881 108909 159216.375 -26921.334 118059.695
0 15 4248 13622 159281.344 -26846.6445 117978.438
0 15 4249 13622 159285.859 -26847.4043 117972.055
0 15 4248 13623 159282.391 -26837.1016 117979.211
0 15 4249 13623 159286.922 -26837.8613 117972.844
0 17 16914 54460 159187.219 -26902.4375 118101.828
0 17 16915 54460 159188.344 -26902.627 118100.227
0 17 16914 54461 159187.219 -26900.0078 118101.828
0 17 16915 54461 159188.438 -26900.2148 118100.312
0 14 2134 6804 159359.016 -26991.043 117836.57
0 14 2135 6804 159367.766 -26992.5273 117823.602
0 14 2134 6805 159357.984 -26971.416 117835.812
0 14 2135 6805 159366.312 -26972.8262 117822.523
0 15 4216 13620 159144.875 -26843.0703 118188.195
0 15 4217 13620 159149.734 -26843.8887 118182.078
0 15 4216 13621 159145.156 -26833.4023 118188.406
0 15 4217 13621 159149.359 -26834.1133 118181.805
0 7 6 36 141296.078 -60713.1562 126945.695
0 7 7 36 142366.797 -61173.2305 125683.18
0 7 6 37 141805.188 -58716.2109 127403.094
0 7 7 37 142843.719 -59146.2266 126104.227
0 12 528 1716 159170.266 -25764.1348 118095.328
0 12 529 1716 159216.703 -25771.6504 118052.031
0 12 528 1717 159172.438 -25686.7617 118096.93
0 12 529 1717 159219.859 -25694.4141 118054.375
0 7 6 66 145427.828 5680.77441 130657.812
0 7 7 66 146580.938 5725.81787 129403.477
0 7 6 67 145339.891 7948.2749 130578.805
0 7 7 67 146485.734 8010.93896 129319.445
0 11 246 842 157660.172 -27944.6504 119707.797
0 11 247 842 157746.594 -27959.9668 119619.359
0 11 246 843 157655.047 -27789.7812 119703.906
0 11 247 843 157736.828 -27804.1953 119611.961
0 14 2098 6798 159010.578 -27048.4902 118277.695
0 14 2099 6798 159021.688 -27050.3789 118266.555
0 14 2098 6799 159014.391 -27029.7285 118280.539
0 14 2099 6799 159024.969 -27031.5273 118269
0 9 64 196 157411.469 -36585.8711 117751.164
0 9 65 196 157716.609 -36656.7891 117363.344
0 9 64 197 157503.484 -35992.0078 117819.992
0 9 65 197 157805.953 -36061.125 117429.82
0 18 33856 108922 159204.703 -26903.5703 118081.398
0 18 33857 108922 159205.266 -26903.6641 118080.602
0 18 33856 108923 159204.844 -26902.3789 118081.492
0 18 33857 108923 159205.406 -26902.4707 118080.695
0 10 146 416 160936.312 -30018.3965 114887.148
0 10 147 416 161085.484 -30046.2188 114679.031
0 10 146 417 160972.953 -29710.8281 114913.312
0 10 147 417 161126.156 -29739.1055 114707.977
0 19 67740 217812 159209.766 -26924.1641 118068.453
0 19 67741 217812 159210.016 -26924.2031 118068.023
0 19 67740 217813 159209.812 -26923.5645 118068.484
0 19 67741 217813 159210.062 -26923.6074 118068.07
0 13 1070 3392 159426.328 -27381.9375 117759.852
0 13 1071 3392 159443.297 -27384.8535 117733.461
0 13 1070 3393 159425.891 -27342.9414 117759.523
0 13 1071 3393 159443.484 -27345.957 117733.594
0 5 10 26 160725.219 105475.922 55249.293
0 5 11 26 163249.672 107132.594 45913.9688
0 5 10 27 156729.266 112649.164 53875.6875
0 5 11 27 159137.094 114379.797 44757.3086
0 10 112 422 155677.141 -27213.0938 121470.734
0 10 113 422 155860.078 -27245.0703 121309.062
0 10 112 423 155682.484 -26909.9609 121474.898
0 10 113 423 155860.844 -26940.791 121309.664
0 9 46 206 152326.078 -29453.6738 124657.469
0 9 47 206 152664.156 -29519.0449 124337.797
0 9 46 207 152328.328 -28859.0801 124659.328
0 9 47 207 152679.5 -28925.6074 124350.289
0 18 33844 108900 159195.516 -26928.7363 118089.156
0 18 33845 108900 159196.234 -26928.8594 118088.477
0 18 33844 108901 159195.547 -26927.5273 118089.18
0 18 33845 108901 159196.281 -26927.6523 118088.508
0 13 1068 3416 159411.453 -26445.332 117826.703
0 13 1069 3416 159431.531 -26448.6641 117802.617
0 13 1068 3417 159415.562 -26407.0957 117829.742
0 13 1069 3417 159437.359 -26410.7051 117806.93
0 11 258 864 158623.156 -24707.416 118580.102
0 11 259 864 158721.094 -24722.6699 118498.312
0 11 258 865 158613.359 -24550.9941 118572.781
0 11 259 865 158719.594 -24567.4375 118497.195
2 4 6 6 -36583.5859 195112.438 36583.5859
2 4 7 6 -12384.4883 198151.812 37153.4648
2 4 6 7 -37116.2617 197953.391 12372.0869
2 4 7 7 -12563.1455 201010.328 12563.1455
0 17 16948 54460 159225.516 -26908.9082 118047.641
0 17 16949 54460 159226.516 -26909.0781 118045.953
0 17 16948 54461 159225.422 -26906.4629 118047.562
0 17 16949 54461 159226.438 -26906.6328 118045.883
0 12 510 1704 158420.266 -26570.9785 118931.227
0 12 511 1704 158456.469 -26577.0508 118881.039
0 12 510 1705 158411.734 -26492.1973 118924.812
0 12 511 1705 158447.562 -26498.1895 118874.352
0 9 52 222 154185.078 -20176.5625 122565.094
0 9 53 222 154517 -20219.998 122225.359
0 9 52 223 154160.844 -19571.2031 122545.828
0 9 53 223 154490.984 -19613.1133 122204.789
0 12 510 1694 158410.109 -27342.7617 118923.609
0 12 511 1694 158455.172 -27350.5391 118880.07
0 12 510 1695 158416.125 -27266.4473 118928.125
0 12 511 1695 158459.109 -27273.8438 118883.016
0 18 33878 108916 159215.406 -26912.666 118062.617
0 18 33879 108916 159215.953 -26912.7578 118061.797
0 18 33878 108917 159215.438 -26911.457 118062.633
0 18 33879 108917 159216 -26911.5508 118061.844
0 8 50 106 169324.281 -28441.1895 102520.562
0 8 51 106 169913.344 -28540.1309 101549.781
0 8 50 107 169463.922 -27140.707 102605.109
0 8 51 107 170052.188 -27234.9199 101632.742
0 13 1048 3388 158970.047 -27458.8164 118276.656
0 13 1049 3388 158992.625 -27462.7148 118254.641
0 13 1048 3389 158976.094 -27421.0469 118281.164
0 13 1049 3389 158996.781 -27424.6152 118257.734
4 5 26 28 91028.8281 108367.656 138710.594
4 5 27 28 97292.7422 105752.977 135363.812
4 5 26 29 89378.2422 114914.883 136195.422
4 5 27 29 95491.9062 112099.188 132858.297
0 19 67736 217828 159209.797 -26914.4531 118070.906
0 19 67737 217828 159210.047 -26914.4941 118070.484
0 19 67736 217829 159209.844 -26913.8496 118070.93
0 19 67737 217829 159210.078 -26913.8926 118070.516
5 4 4 2 68176.0781 -107133.844 -155831.047
5 4 5 2 50123.8125 -110272.391 -160396.203
5 4 4 3 71642.3828 -92111.6484 -163754.031
5 4 5 3 52859.9492 -95147.9062 -169151.844
1 4 14 6 -150340.906 -28188.9219 122151.992
1 4 15 6 -141741.047 -26576.4473 132882.234
1 4 14 7 -152266.094 -9516.63086 123716.211
1 4 15 7 -143740.953 -8983.80957 134757.141
0 5 14 22 185435.734 75333.2656 17384.5996
0 5 15 22 186133.812 75616.8594 5816.68164
0 5 14 23 181299.297 84984.0469 16996.8105
0 5 15 23 182017.359 85320.6328 5688.04248
4 5 18 6 26172.3867 -99455.0703 167503.297
4 5 19 6 36287.2031 -98493.8359 165884.359
4 5 18 7 26904.25 -91474.4453 172187.188
4 5 19 7 37237.3008 -90433.4453 170227.656
0 13 1046 3414 158980.625 -26451.4863 118362.164
0 13 1047 3414 159003.844 -26455.3496 118340.617
0 13 1046 3415 158982.766 -26413.0312 118363.766
0 13 1047 3415 159007.453 -26417.1309 118343.32
0 13 1044 3390 158903.938 -27369.8066 118382.656
0 13 1045 3390 158920.5 -27372.6602 118356.203
0 13 1044 3391 158902.703 -27330.7988 118381.734
0 13 1045 3391 158920.609 -27333.877 118356.281
2 4 10 12 53030.8828 169698.812 -95455.5859
2 4 11 12 71888.2969 164316.125 -92427.8203
2 4 10 13 50316.5977 161013.109 -110696.516
2 4 11 13 68434.8516 156422.516 -107540.484
0 10 144 414 160555.953 -30574.6191 115242.805
0 10 145 414 160710.219 -30603.998 115039.633
0 10 144 415 160606.484 -30270.5586 115279.062
0 10 145 415 160755.453 -30298.6367 115072.016
4 5 22 24 66804.8828 87360.2266 164442.781
4 5 23 24 75409.2734 85463.8438 160873.109
4 5 22 25 65589.25 95861.2109 161450.453
4 5 23 25 73982.8516 93711.6172 157830.094
0 10 150 424 161860.375 -27661.6836 114282.273
0 10 151 424 161989.438 -27683.7402 114057.023
0 10 150 425 161861.344 -27345.7148 114282.961
0 10 151 425 162016.25 -27371.8867 114075.891
0 9 80 222 163997.047 -21460.5508 112427.672
0 9 81 222 164326.875 -21503.7109 112011.867
0 9 80 223 164051.109 -20826.8027 112464.727
0 9 81 223 164348.719 -20864.582 112026.758
0 10 112 424 155683.375 -26606.0449 121475.602
0 10 113 424 155868.281 -26637.6465 121315.461
0 10 112 425 155677.219 -26300.9395 121470.805
0 10 113 425 155857.828 -26331.4512 121307.312
0 5 4 30 128762.797 116691.289 92548.2578
0 5 5 30 131396.219 119077.828 86228.7656
0 5 4 31 125922.305 121987.234 90506.6562
0 5 5 31 128414.297 124401.352 84271.8828
0 17 16932 54438 159205.969 -26959.0508 118072.008
0 17 16933 54438 159207.125 -26959.2441 118070.438
0 17 16932 54439 159206.141 -26956.6484 118072.141
0 17 16933 54439 159207.266 -26956.8398 118070.539
0 18 33844 108912 159195.328 -26914.1328 118089.023
0 18 33845 108912 159196.031 -26914.248 118088.328
0 18 33844 108913 159195.359 -26912.9199 118089.031
0 18 33845 108913 159196.031 -26913.0371 118088.328
0 7 0 38 135232.484 -53881.6953 134175.984
0 7 1 38 136350.734 -54327.2461 133155.016
0 7 0 39 135809.203 -51989.4609 134748.203
0 7 1 39 136886.484 -52401.8594 133678.203
0 9 76 200 161257.328 -34960.082 113069.094
0 9 77 200 161484.844 -35009.4102 112597.828
0 9 76 201 161299.297 -34339.1094 113098.539
0 9 77 201 161584.922 -34399.9141 112667.609
0 9 60 196 156304.094 -36328.4922 119365.047
0 9 61 196 156550.688 -36385.8047 118941.828
0 9 60 197 156402.844 -35740.4961 119440.461
0 9 61 197 156680.688 -35803.9844 119040.602
0 8 50 108 169576.438 -25833.9121 102673.234
0 8 51 108 170168.531 -25924.1133 101702.281
0 8 50 109 169730.438 -24531.3516 102766.469
0 8 51 109 170303.594 -24614.1914 101783.008
0 13 1040 3394 158823.641 -27200.873 118477.938
0 13 1041 3394 158844.266 -27204.4082 118454.547
0 13 1040 3395 158822.844 -27161.9648 118477.344
0 13 1041 3395 158842.703 -27165.3594 118453.383
0 10 150 428 161999.312 -26419.8086 114380.367
0 10 151 428 162150.188 -26444.416 114170.203
0 10 150 429 162006.156 -26104.5078 114385.211
0 10 151 429 162160.922 -26129.4453 114177.758
2 5 30 0 108169.242 119359.164 115629.188
2 5 31 0 112903.977 116546.039 112903.977
2 5 30 1 110574.469 122013.211 110574.469
2 5 31 1 115270.641 118989.047 107833.828
0 10 142 438 160915.812 -23100.2188 116129.672
0 10 143 438 161086.203 -23124.6777 115938.016
0 10 142 439 160871.312 -22779.6309 116097.562
0 10 143 439 161060.906 -22806.4766 115919.82
0 7 16 36 151511.344 -65102.5312 112449.836
0 7 17 36 152589.391 -65565.7578 110865.727
0 7 16 37 152099 -62978.4883 112885.969
0 7 17 37 153189.578 -63430.0547 111301.797
0 17 16942 54442 159219.391 -26951.6016 118057.672
0 17 16943 54442 159220.688 -26951.8242 118056.195
0 17 16942 54443 159219.062 -26949.1191 118057.414
0 17 16943 54443 159220.344 -26949.3359 118055.961
0 18 33874 108920 159213.5 -26907.4863 118066.055
0 18 33875 108920 159214.047 -26907.5762 118065.242
0 18 33874 108921 159213.594 -26906.2871 118066.133
0 18 33875 108921 159214.141 -26906.3789 118065.32
0 9 50 200 153742.969 -33330.9961 123414.766
0 9 51 200 154065.141 -33400.8398 123071.562
0 9 50 201 153781.641 -32738.6699 123445.805
0 9 51 201 154102.688 -32807.0195 123101.562
0 13 1060 3418 159270.359 -26344.1582 118033.5
0 13 1061 3418 159290.25 -26347.4473 118009.336
0 13 1060 3419 159269.969 -26305.209 118033.203
0 13 1061 3419 159290.438 -26308.5879 118009.477
0 10 124 438 157634.5 -22629.1719 119303.445
0 10 125 438 157833.703 -22657.7676 119145.945
0 10 124 439 157604.734 -22317.0781 119280.93
0 10 125 439 157795.094 -22344.0332 119116.812
0 9 48 202 153071.031 -31989.4551 124071.258
0 9 49 202 153428.375 -32064.1348 123761.562
0 9 48 203 153062.016 -31389.6719 124063.945
0 9 49 203 153438.109 -31466.7988 123769.406
0 15 4220 13624 159164.156 -26807.4629 118163.656
0 15 4221 13624 159167.922 -26808.0957 118156.734
0 15 4220 13625 159165.047 -26797.8984 118164.312
0 15 4221 13625 159168.516 -26798.4844 118157.172
0 8 16 114 147917.281 -15600.6504 128849.812
0 8 17 114 148526.203 -15664.873 128219.891
0 8 16 115 147901.156 -14443.4736 128835.773
0 8 17 115 148508.078 -14502.7432 128204.242
1 4 12 0 -132460.875 -124182.07 74509.2422
1 4 13 0 -128076.969 -120072.164 88052.9219
1 4 12 1 -139143.547 -113054.133 78268.25
1 4 13 1 -134106.016 -108961.141 92197.8906
0 15 4230 13628 159210.078 -26776.3301 118100.578
0 15 4231 13628 159214.703 -26777.1074 118094.281
0 15 4230 13629 159211.781 -26766.8965 118101.828
0 15 4231 13629 159216.281 -26767.6523 118095.438
0 19 67728 217802 159206.719 -26929.7227 118073.484
0 19 67729 217802 159206.969 -26929.7617 118073.055
0 19 67728 217803 159206.719 -26929.1152 118073.477
0 19 67729 217803 159206.953 -26929.1523 118073.039
0 8 40 92 160987.281 -44648.8203 110049.898
0 8 41 92 161545.516 -44803.6406 109169.43
0 8 40 93 161181.578 -43443.4688 110182.711
0 8 41 93 161794.5 -43608.6758 109337.695
0 9 46 214 152274.406 -24685.1094 124615.188
0 9 47 214 152592.109 -24736.6133 124279.117
0 9 46 215 152270.047 -24089.5957 124611.609
0 9 47 215 152603.312 -24142.3203 124288.242
0 13 1058 3418 159229.391 -26337.3828 118080.875
0 13 1059 3418 159249.641 -26340.7285 118057.016
0 13 1058 3419 159226.219 -26297.9844 118078.531
0 13 1059 3419 159248.375 -26301.6445 118056.078
0 5 14 0 141389.188 -136970.766 13255.2354
0 5 15 0 141302.906 -136887.188 4415.71582
0 5 14 1 146375.656 -132652.938 13722.7188
0 5 15 1 146120.281 -132421.5 4566.25879
0 13 1038 3400 158783 -26961.3203 118525.148
0 13 1039 3400 158803.141 -26964.7422 118501.422
0 13 1038 3401 158787.062 -26923.2461 118528.188
0 13 1039 3401 158807.781 -26926.7598 118504.875
0 14 2100 6814 159070.891 -26748.0625 118283.734
0 14 2101 6814 159081.641 -26749.873 118272.305
0 14 2100 6815 159073.141 -26729.0273 118285.406
0 14 2101 6815 159083.094 -26730.6973 118273.383
0 8 46 116 168202.5 -15111.9424 107097.68
0 8 47 116 168838.547 -15169.0879 106183.617
0 8 46 117 168250.797 -13801.8232 107128.438
0 8 47 117 168920.062 -13856.7236 106234.883
0 18 33870 108922 159211.578 -26904.7324 118069.492
0 18 33871 108922 159212.094 -26904.8184 118068.656
0 18 33870 108923 159211.688 -26903.5332 118069.57
0 18 33871 108923 159212.203 -26903.6211 118068.742
0 18 33860 108892 159204.594 -26939.9902 118076.461
0 18 33861 108892 159205.172 -26940.0879 118075.672
0 18 33860 108893 159204.609 -26938.7773 118076.469
0 18 33861 108893 159205.203 -26938.875 118075.688
0 9 48 218 152917.266 -22399.9883 123946.609
0 9 49 218 153249.641 -22448.6777 123617.391
0 9 48 219 152867.109 -21795.5059 123905.953
0 9 49 219 153243.625 -21849.1895 123612.539
0 14 2102 6816 159094.438 -26713.1816 118262.391
0 14 2103 6816 159105.047 -26714.9648 118250.867
0 14 2102 6817 159095.375 -26693.9199 118263.102
0 14 2103 6817 159105.641 -26695.6426 118251.312
0 8 18 92 148553.906 -41200.4961 127083.227
0 8 19 92 149145.312 -41364.5234 126423.961
0 8 18 93 148728.312 -40086.9297 127232.43
0 8 19 93 149305.531 -40242.5078 126559.766
0 13 1038 3402 158792.062 -26885.3262 118531.922
0 13 1039 3402 158813.719 -26888.9941 118509.32
0 13 1038 3403 158791.031 -26846.3848 118531.156
0 13 1039 3403 158812.453 -26850.0059 118508.367
0 5 16 4 161654.141 -116188.922 -5051.69189
0 5 17 4 160952.984 -115684.953 -15089.3418
0 5 16 5 166604.5 -109334.203 -5206.39062
0 5 17 5 166339.859 -109160.531 -15594.3623
4 7 122 46 130885.062 -39153.6523 143190.5
4 7 123 46 132097.375 -38852.168 142087.922
4 7 122 47 130956.453 -36936.4375 143268.594
4 7 123 47 132158.25 -36648.9297 142153.422
4 6 52 18 99451.8047 -65492.6523 155241.844
4 6 53 18 102990.641 -64668.5391 153288.391
4 6 52 19 100370.195 -61201.3359 156675.422
4 6 53 19 103912.086 -60414.0078 154659.859
4 6 60 40 127619.289 38061.8945 143291.844
4 6 61 40 130075.016 37479.2422 141098.328
4 6 60 41 127010.664 42336.8906 142608.469
4 6 61 41 129500.102 41703.4219 140474.688
0 10 112 420 155749.875 -27834.2051 121527.492
0 10 113 420 155924.969 -27865.4961 121359.57
0 10 112 421 155712.672 -27523.4336 121498.469
0 10 113 421 155886.938 -27554.2324 121329.969
0 18 33880 108912 159216.156 -26917.6523 118060.742
0 18 33881 108912 159216.75 -26917.75 118059.961
0 18 33880 108913 159216.266 -26916.4551 118060.828
0 18 33881 108913 159216.859 -26916.5566 118060.039
0 12 520 1714 158807.938 -25860.5723 118446.836
0 12 521 1714 158858.672 -25868.834 118407.109
0 12 520 1715 158809.281 -25783.2441 118447.836
0 12 521 1715 158863.469 -25792.043 118410.695
0 16 8482 27234 159242.062 -26891.0508 118019.805
0 16 8483 27234 159244.156 -26891.4043 118016.5
0 16 8482 27235 159241.984 -26886.1797 118019.758
0 16 8483 27235 159244.016 -26886.5215 118016.391
0 12 534 1716 159430.625 -25806.2754 117821.414
0 12 535 1716 159468.703 -25812.4395 117771.695
0 12 534 1717 159434.906 -25729.1191 117824.57
0 12 535 1717 159474.266 -25735.4707 117775.797
0 19 67740 217824 159210.547 -26917.0078 118069.023
0 19 67741 217824 159210.797 -26917.0488 118068.602
0 19 67740 217825 159210.625 -26916.4121 118069.086
0 19 67741 217825 159210.859 -26916.4531 118068.656
4 7 122 56 131965.375 -16918.6406 144372.391
4 7 123 56 133182.281 -16787.6836 143254.891
4 7 122 57 132051.719 -14672.4141 144466.844
4 7 123 57 133266.688 -14558.5459 143345.672
0 18 33858 108892 159203.406 -26939.7891 118078.008
0 18 33859 108892 159204 -26939.8887 118077.227
0 18 33858 108893 159203.453 -26938.584 118078.039
0 18 33859 108893 159204.031 -26938.6816 118077.258
0 17 16924 54438 159198.25 -26957.7422 118085.711
0 17 16925 54438 159199.297 -26957.9219 118084.062
0 17 16924 54439 159198.453 -26955.3477 118085.883
0 17 16925 54439 159199.5 -26955.5234 118084.219
0 8 12 108 145453.953 -22159 131249.469
0 8 13 108 146058.062 -22251.0332 130653.508
0 8 12 109 145455.031 -21022.7949 131250.422
0 8 13 109 146076.812 -21112.6641 130670.266
0 9 66 196 158002.859 -36723.3203 116959.148
0 9 67 196 158266.953 -36784.7031 116536.422
0 9 66 197 158119.203 -36132.707 117045.266
0 9 67 197 158386.266 -36193.7383 116624.266
0 12 546 1708 159915.109 -26509.3633 117242.445
0 12 547 1708 159947.781 -26514.7812 117188.305
0 12 546 1709 159921.625 -26432.3594 117247.234
0 12 547 1709 159953.297 -26437.5918 117192.344
0 19 67706 217820 159201.484 -26917.9043 118082.961
0 19 67707 217820 159201.828 -26917.9609 118082.602
0 19 67706 217821 159201.5 -26917.2988 118082.969
0 19 67707 217821 159201.828 -26917.3555 118082.602
0 14 2114 6790 159155.984 -27228.6523 118075.008
0 14 2115 6790 159165.922 -27230.3516 118062.953
0 14 2114 6791 159156.172 -27209.2559 118075.148
0 14 2115 6791 159166.609 -27211.041 118063.469
0 9 74 226 161759.375 -18640.2402 114684.859
0 9 75 226 162146.375 -18684.8379 114325.867
0 9 74 227 161733.812 -18005.5234 114666.75
0 9 75 227 162109.531 -18047.3516 114299.891
0 16 8480 27218 159243.703 -26969.084 118030.742
0 16 8481 27218 159246.422 -26969.541 118027.891
0 16 8480 27219 159243.688 -26964.2207 118030.742
0 16 8481 27219 159246.25 -26964.6543 118027.773
0 14 2096 6804 159006.609 -26931.3574 118313.578
0 14 2097 6804 159019.656 -26933.5664 118303.867
0 14 2096 6805 159009.688 -26912.4668 118315.859
0 14 2097 6805 159023.078 -26914.7344 118306.414
4 5 28 30 99428.9844 115337.625 127269.094
4 5 29 30 104839.07 112604.93 124253.719
4 5 28 31 97646.4922 121081.656 124987.516
4 5 29 31 102907.766 118153.352 121964.758
0 10 120 436 156964.812 -23146.1777 120022.891
0 10 121 436 157123.781 -23169.6211 119837.57
0 10 120 437 156922.891 -22833.5078 119990.852
0 10 121 437 157110.375 -22860.7871 119827.352
0 18 33880 108906 159215.531 -26924.834 118060.273
0 18 33881 108906 159216.125 -26924.9336 118059.5
0 18 33880 108907 159215.609 -26923.6309 118060.336
0 18 33881 108907 159216.172 -26923.7266 118059.523
0 13 1074 3396 159507.422 -27240.0996 117663.984
0 13 1075 3396 159528.797 -27243.75 117640.805
0 13 1074 3397 159511.344 -27201.8223 117666.867
0 13 1075 3397 159529.5 -27204.9199 117641.32
0 10 114 430 155947.938 -24823.7441 121072.859
0 10 115 430 156128.234 -24852.4453 120907.898
0 10 114 431 155957.297 -24520.6289 121080.133
0 10 115 431 156119.688 -24546.1621 120901.281
0 16 8478 27216 159238.578 -26977.9336 118036.664
0 16 8479 27216 159241.391 -26978.4141 118033.898
0 16 8478 27217 159238.656 -26973.0879 118036.719
0 16 8479 27217 159241.25 -26973.5273 118033.789
0 12 526 1716 159086.125 -25750.5117 118188.242
0 12 527 1716 159130.125 -25757.6367 118143.25
0 12 526 1717 159091.297 -25673.6699 118192.102
0 12 527 1717 159131.062 -25680.0859 118143.93
4 7 124 42 132504.75 -47088.4609 140170.312
4 7 125 42 133889.922 -46807.0469 139332.594
4 7 124 43 132984.812 -45060.9688 140678.156
4 7 125 43 134225.281 -44741.7617 139681.594
2 4 0 0 -113581.82 121153.945 113581.82
2 4 1 0 -102767.656 126483.273 118578.062
2 4 0 1 -118303.266 126190.156 102529.5
2 4 1 1 -107381.805 132162.219 107381.805
2 4 4 4 -75756.3203 173157.297 75756.3203
2 4 5 4 -55678.4258 178170.953 77949.7891
2 4 4 5 -78853.3984 180236.328 56323.8555
2 4 5 5 -57706.0547 184659.375 57706.0547
0 13 1040 3408 158831.906 -26659.4082 118484.102
0 13 1041 3408 158855.281 -26663.3301 118462.758
0 13 1040 3409 158830.109 -26620.3301 118482.766
0 13 1041 3409 158854.719 -26624.4531 118462.344
0 15 4238 13628 159246.047 -26782.377 118049.492
0 15 4239 13628 159250.078 -26783.0566 118042.766
0 15 4238 13629 159245.5 -26772.5684 118049.086
0 15 4239 13629 159249.75 -26773.2832 118042.523
2 4 2 2 -99324.4688 144471.953 99324.4688
2 4 3 2 -84789.6484 150737.141 103631.789
2 4 2 3 -103619.867 150719.812 84779.8906
2 4 3 3 -88825.3984 157911.812 88825.3984
0 14 2112 6790 159135.047 -27225.0703 118098.328
0 14 2113 6790 159145.984 -27226.9434 118087.023
0 14 2112 6791 159135.562 -27205.7305 118098.711
0 14 2113 6791 159145.797 -27207.4805 118086.883
0 12 540 1714 159655.484 -25998.5879 117519.852
0 12 541 1714 159695.953 -26005.1777 117471.664
0 12 540 1715 159658.219 -25921.0723 117521.859
0 12 541 1715 159697.938 -25927.5215 117473.109
0 6 12 10 148229.109 -99591.4297 90327.1172
0 6 13 10 149879 -100699.953 86648.7969
0 6 12 11 149915.141 -96039.3906 91354.5391
0 6 13 11 151622.891 -97133.4219 87656.9844
0 7 22 38 159238.531 -63446.6016 103256.234
0 7 23 38 160307.469 -63872.5039 101444.57
0 7 22 39 159845.047 -61190.6836 103649.523
0 7 23 39 160947.031 -61612.5312 101849.289
0 11 262 834 158876.359 -29401.4355 118148.781
0 11 263 834 158954.922 -29415.9746 118051.977
0 11 262 835 158884.641 -29247.8086 118154.938
0 11 263 835 158977.359 -29264.875 118068.641
0 10 134 440 159395.781 -22259.3711 117523.25
0 10 135 440 159575.188 -22284.4258 117343.867
0 10 134 441 159374.547 -21945.1289 117507.602
0 10 135 441 159545 -21968.5977 117321.664
0 8 50 104 169026.688 -31032.2422 102340.383
0 8 51 104 169619.531 -31141.0879 101374.172
0 8 50 105 169172.781 -29737.4043 102428.836
0 8 51 105 169772.453 -29842.8164 101465.57
0 9 78 224 163375.156 -20102.8008 113277.695
0 9 79 224 163740.016 -20147.6973 112891.062
0 9 78 225 163310.531 -19456.9199 113232.891
0 9 79 225 163653.438 -19497.7715 112831.375
4 6 50 26 98280.4375 -29218.5078 169998.594
4 6 51 26 101988.758 -28766.0605 167366.172
4 6 50 27 98159.7344 -23876.6914 169789.812
4 6 51 27 101929.07 -23522.0918 167268.219
3 4 4 6 -77654.2812 -177495.5 -33280.4062
3 4 5 6 -58107.8125 -185944.984 -34864.6875
3 4 4 7 -79185.3125 -180995 -11312.1875
3 4 5 7 -59356.0078 -189939.234 -11871.2021
0 13 1062 3418 159308.562 -26350.4766 117984.023
0 13 1063 3418 159324.984 -26353.1934 117957.273
0 13 1062 3419 159308.656 -26311.5977 117984.086
0 13 1063 3419 159326.578 -26314.5566 117958.453
0 16 8446 27220 159162.812 -26945.668 118135.938
0 16 8447 27220 159164.547 -26945.9648 118132.359
0 16 8446 27221 159162.812 -26940.8125 118135.945
0 16 8447 27221 159164.562 -26941.1094 118132.375
0 8 18 116 149119.922 -13397.4922 127567.43
0 8 19 116 149720.078 -13451.4121 126911.156
0 8 18 117 149084.547 -12229.5928 127537.172
0 8 19 117 149707.172 -12280.666 126900.219
0 16 8466 27242 159214.766 -26847.5723 118077.32
0 16 8467 27242 159217.094 -26847.9648 118074.188
0 16 8466 27243 159214.953 -26842.7441 118077.461
0 16 8467 27243 159217.453 -26843.1641 118074.453
0 13 1076 3400 159555.234 -27092.4492 117621.352
0 13 1077 3400 159569.656 -27094.8945 117593.016
0 13 1076 3401 159556.547 -27053.7168 117622.305
0 13 1077 3401 159570.219 -27056.0332 117593.43
0 18 33862 108892 159205.75 -26940.1855 118074.883
0 18 33863 108892 159206.328 -26940.2812 118074.094
0 18 33862 108893 159205.766 -26938.9746 118074.906
0 18 33863 108893 159206.359 -26939.0723 118074.117
0 11 260 834 158704.812 -29369.6875 118331.172
0 11 261 834 158791.828 -29385.793 118240.984
0 11 260 835 158725.5 -29218.5117 118346.594
0 11 261 835 158801.797 -29232.5586 118248.414
0 10 132 440 159030.469 -22208.3574 117875.133
0 10 133 440 159209.375 -22233.3418 117696.781
0 10 132 441 159010.094 -21894.9453 117860.023
0 10 133 441 159196.625 -21920.6289 117687.352
0 18 33850 108894 159198.75 -26936.5723 118084.281
0 18 33851 108894 159199.359 -26936.6758 118083.508
0 18 33850 108895 159198.906 -26935.3809 118084.383
0 18 33851 108895 159199.516 -26935.4863 118083.617
0 8 26 120 153966.984 -9021.50293 122091.008
0 8 27 120 154615.859 -9059.52246 121397.609
0 8 26 121 153923.109 -7816.40771 122056.211
0 8 27 121 154549.953 -7848.23975 121345.867
0 16 8484 27228 159247.188 -26921.0742 118013.883
0 16 8485 27228 159249.656 -26921.4961 118010.859
0 16 8484 27229 159246.203 -26916.0508 118013.164
0 16 8485 27229 159248.453 -26916.4316 118009.969
3 5 26 20 104862.68 -159790.75 44941.1484
3 5 27 20 111752.766 -155482.109 43729.3438
3 5 26 21 104001.945 -158479.156 54477.2109
3 5 27 21 110824.109 -154190.062 53002.8359
0 8 14 112 146705.922 -17765.1699 130086.883
0 8 15 112 147299.844 -17837.0918 129462.758
0 8 14 113 146709.25 -16619.4062 130089.836
0 8 15 113 147323.281 -16688.9668 129483.352
0 13 1076 3408 159563.953 -26782.2812 117627.773
0 13 1077 3408 159582.641 -26785.416 117602.594
0 13 1076 3409 159563.375 -26743.2285 117627.344
0 13 1077 3409 159585.453 -26746.9297 117604.664
0 8 22 90 150227.844 -44012.0664 123820.609
0 8 23 90 150751.406 -44165.4492 123074.383
0 8 22 91 150479.516 -42910.1719 124028.031
0 8 23 91 151001.859 -43059.1211 123278.859
0 16 8468 27242 159219.266 -26848.332 118070.945
0 16 8469 27242 159221.516 -26848.707 118067.75
0 16 8468 27243 159219.953 -26843.584 118071.445
0 16 8469 27243 159222.453 -26844.0078 118068.438
0 15 4242 13600 159249.609 -27055.1328 118013.25
0 15 4243 13600 159252.953 -27055.6992 118006.008
0 15 4242 13601 159250.188 -27045.5098 118013.68
0 15 4243 13601 159253.938 -27046.1484 118006.742
0 7 4 36 138872.5 -59671.7773 129108.031
0 7 5 36 140069.797 -60186.2383 128032.539
0 7 4 37 139400.172 -57720.3828 129598.602
0 7 5 37 140659.953 -58242.0156 128571.992
0 6 2 42 139522.406 45780.793 128622.227
0 6 3 42 141579.062 46455.6289 126093.852
0 6 2 43 138808.578 49884.332 127964.148
0 6 3 43 140777.547 50591.9258 125379.992
0 11 282 856 160697.391 -26285.9492 116364.367
0 11 283 856 160762.281 -26296.5625 116254.367
0 11 282 857 160710.109 -26131.0879 116373.586
0 11 283 857 160780.25 -26142.4922 116267.352
0 14 2096 6806 159013.531 -26893.707 118318.727
0 14 2097 6806 159026.5 -26895.8984 118308.961
0 14 2096 6807 159015.031 -26874.5508 118319.852
0 14 2097 6807 159027.906 -26876.7266 118310.008
0 12 546 1696 159827.828 -27431.3867 117178.461
0 12 547 1696 159867.344 -27438.168 117129.367
0 12 546 1697 159826.891 -27353.1875 117177.773
0 12 547 1697 159866.25 -27359.9219 117128.57
0 9 82 206 163454.344 -31605.4297 110778.633
0 9 83 206 163719.922 -31656.7812 110319.086
0 9 82 207 163519.812 -30979.3379 110822.992
0 9 83 207 163838.359 -31039.6895 110398.891
0 11 244 848 157461.656 -26986.8379 119864.609
0 11 245 848 157544.328 -27001.0059 119773.695
0 11 244 849 157443.375 -26829.9492 119850.695
0 11 245 849 157538.516 -26846.1641 119769.266
0 15 4216 13602 159125.406 -27014.6074 118173.734
0 15 4217 13602 159130.078 -27015.4004 118167.492
0 15 4216 13603 159126.859 -27005.1406 118174.805
0 15 4217 13603 159131.547 -27005.9355 118168.57
0 6 4 42 143637.844 47131.168 123438.781
0 6 5 42 145718.25 47813.8008 120672.922
0 6 4 43 142801.719 51319.3633 122720.227
0 6 5 43 144859.656 52058.9375 119961.906
0 17 16918 54440 159190.766 -26951.6172 118094.742
0 17 16919 54440 159192.047 -26951.834 118093.266
0 17 16918 54441 159190.766 -26949.1875 118094.734
0 17 16919 54441 159192 -26949.3984 118093.234
0 13 1056 3418 159186.906 -26330.3516 118127.094
0 13 1057 3418 159207.375 -26333.7383 118103.422
0 13 1056 3419 159183.203 -26290.8789 118124.352
0 13 1057 3419 159203.594 -26294.2441 118100.617
3 4 8 0 9181.46484 -146903.438 -137721.969
3 4 9 0 27265.8945 -145418.094 -136329.469
3 4 8 1 9746.63379 -155946.141 -126706.25
3 4 9 1 28866.3887 -153954.062 -125087.68
5 4 4 4 74745.7344 -74745.7344 -170847.406
5 4 5 4 55334.4531 -77468.2344 -177070.25
5 4 4 5 77253.9609 -55181.4023 -176580.484
5 4 5 5 57428.3633 -57428.3633 -183770.766
4 6 58 10 110804.305 -89897.8359 133801.422
4 6 59 10 113664.906 -88865.2891 132264.625
4 6 58 11 111891.203 -86557.3438 135113.906
4 6 59 11 114754.906 -85544.5703 133532.984
0 14 2104 6792 159064.422 -27174.1523 118201.25
0 14 2105 6792 159073.969 -27175.7832 118188.93
0 14 2104 6793 159065.422 -27154.9082 118202
0 14 2105 6793 159074.828 -27156.5117 118189.562
4 6 50 24 96834.4062 -39257.1914 167497.359
4 6 51 24 100782.914 -38762.6602 165387.344
4 6 50 25 97624.125 -34300.3672 168863.344
4 6 51 25 101680.469 -33893.4883 166860.25
1 4 14 8 -153817.672 9613.60449 124976.859
1 4 15 8 -145367.594 9085.47461 136282.125
1 4 14 9 -153416.312 28765.5605 124650.758
1 4 15 9 -144679.312 27127.3711 135636.859
0 14 2134 6812 159371.719 -26837.5605 117845.961
0 14 2135 6812 159379.75 -26838.9121 117832.461
0 14 2134 6813 159374.188 -26818.5195 117847.797
0 14 2135 6813 159383.641 -26820.1133 117835.328
0 12 538 1688 159549.703 -28006.8926 117597.789
0 12 539 1688 159578.625 -28011.9688 117541.188
0 12 538 1689 159560.203 -27930.8262 117605.531
0 12 539 1689 159587.641 -27935.6289 117547.828
0 6 0 6 121669.375 -96955.2812 119768.289
0 6 1 6 123185.203 -98163.2109 117410.898
0 6 0 7 122878.062 -94078.5156 120958.086
0 6 1 7 124459.211 -95289.0859 118625.188
3 5 22 26 63113.1641 -155355.484 101952.031
3 5 23 26 71466.9844 -152462.906 100053.781
3 5 22 27 61432.043 -151217.344 108687.461
3 5 23 27 69629.0625 -148542.016 106764.57
0 8 48 114 169158.203 -17840.9043 105063.109
0 8 49 114 169719.578 -17900.1113 104085.828
0 8 48 115 169266.266 -16529.9082 105130.227
0 8 49 115 169860.484 -16587.9395 104172.25
0 16 8484 27226 159248.844 -26931.0762 118015.117
0 16 8485 27226 159251.344 -26931.498 118012.109
0 16 8484 27227 159248.125 -26926.0918 118014.578
0 16 8485 27227 159250.656 -26926.5215 118011.594
0 11 252 836 158132.406 -28954.9082 119139.797
0 11 253 836 158216.406 -28970.291 119048.578
0 11 252 837 158126.234 -28799.3574 119135.141
0 11 253 837 158209.922 -28814.5977 119043.695
0 14 2116 6790 159175.5 -27231.9902 118050.625
0 14 2117 6790 159186.141 -27233.8086 118039.086
0 14 2116 6791 159178.188 -27213.0176 118052.625
0 14 2117 6791 159189.344 -27214.9277 118041.461
0 10 148 418 161336.734 -29462.8613 114542.773
0 10 149 418 161483.016 -29489.5762 114331.234
0 10 148 419 161385.016 -29156.4707 114577.055
0 10 149 419 161522.516 -29181.3145 114359.203
4 6 56 12 106949.297 -85122.8984 139688.859
4 6 57 12 109994.727 -84113.6094 138032.594
4 6 56 13 107963.07 -81523.1406 141013
4 6 57 13 111027.258 -80549.1875 139328.328
0 9 82 220 164501.484 -22811.7285 111488.312
0 9 83 220 164803.297 -22853.582 111049.094
0 9 82 221 164569.594 -22178.3262 111534.477
0 9 83 221 164873.812 -22219.3223 111096.617
0 9 84 214 164609.469 -26684.7363 110275.484
0 9 85 214 164905.891 -26732.791 109829.906
0 9 84 215 164681.453 -26053.1211 110323.711
0 9 85 215 164987.688 -26101.5664 109884.383
0 19 67708 217806 159201.984 -26926.4922 118082.109
0 19 67709 217806 159202.266 -26926.5371 118081.703
0 19 67708 217807 159202.016 -26925.8867 118082.133
0 19 67709 217807 159202.266 -26925.9316 118081.719
0 5 8 28 147642.641 115345.812 69207.4922
0 5 9 28 150168.516 117319.148 61005.957
0 5 8 29 143881.391 121399.922 67444.3984
0 5 9 29 146113.25 123283.055 59358.5078
0 6 8 8 138261.984 -101536.156 101536.156
0 6 9 8 140299.125 -103032.172 98647.8203
0 6 8 9 140038.922 -98464.875 102841.086
0 6 9 9 141979.828 -99829.5625 99829.5625
0 16 8454 27212 159178.234 -26987.1426 118108.523
0 16 8455 27212 159180.672 -26987.5547 118105.477
0 16 8454 27213 159178.609 -26982.3477 118108.805
0 16 8455 27213 159181.109 -26982.7715 118105.789
0 13 1038 3398 158779.219 -27038.209 118522.336
0 13 1039 3398 158797.5 -27041.3203 118497.195
0 13 1038 3399 158781.594 -26999.8496 118524.094
0 13 1039 3399 158801.203 -27003.1836 118499.977
0 12 514 1710 158521.484 -26123.5332 118697.602
0 12 515 1710 158574.719 -26132.3086 118660.039
0 12 514 1711 158517.203 -26045.4297 118694.406
0 12 515 1711 158566.266 -26053.4883 118653.711
0 9 84 212 164475.438 -27947.9766 110185.695
0 9 85 212 164748.5 -27994.377 109725.078
0 9 84 213 164526.672 -27314 110220.023
0 9 85 213 164847.719 -27367.2969 109791.156
0 9 58 196 155780.922 -36206.8945 120182.555
0 9 59 196 156013.453 -36260.9375 119752.508
0 9 58 197 155828.734 -35609.3008 120219.43
0 9 59 197 156145.062 -35681.5859 119853.531
0 17 16912 54446 159183.766 -26935.8574 118104.125
0 17 16913 54446 159184.938 -26936.0566 118102.57
0 17 16912 54447 159183.953 -26933.4609 118104.273
0 17 16913 54447 159185.016 -26933.6406 118102.617
1 4 12 2 -145838.672 -100264.094 82034.2578
1 4 13 2 -140144.781 -96349.5391 96349.5391
1 4 12 3 -152521.688 -85793.4531 85793.4531
1 4 13 3 -146051.016 -82153.6953 100410.07
0 11 274 864 160046.594 -24929.1328 117143.477
0 11 275 864 160127.875 -24941.7949 117046.602
0 11 274 865 160056.906 -24774.4336 117151.039
0 11 275 865 160137.203 -24786.8613 117053.414
0 14 2096 6802 158999.828 -26969.0254 118308.516
0 14 2097 6802 159011.516 -26971.0078 118297.82
0 14 2096 6803 159003.266 -26950.2012 118311.086
0 14 2097 6803 159015.719 -26952.3105 118300.938
0 7 24 66 168024.469 6563.45605 103702.609
0 7 25 66 169448.25 6619.07227 101933.711
0 7 24 67 167724.422 9172.42871 103517.414
0 7 25 67 169102.312 9247.7832 101725.617
0 10 112 426 155652.953 -25992.8281 121451.867
0 10 113 426 155850.719 -26025.8555 121301.789
0 10 112 427 155636.5 -25686.1016 121439.023
0 10 113 427 155821.578 -25716.6445 121279.094
0 11 264 834 159038.219 -29431.3887 117958.516
0 11 265 834 159108.5 -29444.3965 117855.273
0 11 264 835 159051.641 -29278.5488 117968.484
0 11 265 835 159124.078 -29291.8848 117866.812
0 18 33856 108892 159202.203 -26939.584 118079.547
0 18 33857 108892 159202.812 -26939.6895 118078.773
0 18 33856 108893 159202.25 -26938.3789 118079.578
0 18 33857 108893 159202.859 -26938.4805 118078.812
0 17 16920 54466 159195.672 -26889.2891 118093.516
0 17 16921 54466 159196.844 -26889.4883 118091.977
0 17 16920 54467 159195.938 -26886.9082 118093.727
0 17 16921 54467 159197.094 -26887.0996 118092.141
0 10 136 440 159760.203 -22310.2617 117167.883
0 10 137 440 159938.609 -22335.1758 116986.344
0 10 136 441 159728.406 -21993.8535 117144.57
0 10 137 441 159918.062 -22019.9668 116971.312
0 8 12 98 145056.328 -33430.9492 130890.664
0 8 13 98 145707.062 -33580.9258 130339.531
0 8 12 99 145116.266 -32311.043 130944.758
0 8 13 99 145782.938 -32459.4824 130407.406
0 16 8464 27242 159210.109 -26846.7852 118083.578
0 16 8465 27242 159212.422 -26847.1758 118080.43
0 16 8464 27243 159210.359 -26841.9668 118083.766
0 16 8465 27243 159212.594 -26842.3438 118080.57
4 5 20 0 38859.4648 -133849.266 138166.984
4 5 21 0 47010.3516 -132483.719 136757.375
4 5 20 1 40034.4062 -128999.758 142344.562
4 5 21 1 48398.8555 -127596.977 140796.672
0 15 4222 13598 159147.922 -27057.2852 118132.172
0 15 4223 13598 159151.922 -27057.9629 118125.414
0 15 4222 13599 159149.25 -27047.7949 118133.148
0 15 4223 13599 159152.984 -27048.4297 118126.219
0 6 0 42 135535.656 44472.6367 133417.922
0 6 1 42 137519.703 45123.6523 131073.469
0 6 0 43 134864.703 48467 132757.438
0 6 1 43 136816.266 49168.3477 130403.008
3 4 0 10 -131844.625 -140634.266 43948.207
3 4 1 10 -122049.125 -150214.312 46941.9727
3 4 0 11 -128330.898 -136886.297 59887.7578
3 4 1 11 -118553.805 -145912.375 63836.6641
0 19 67714 217802 159203.422 -26929.1602 118079.523
0 19 67715 217802 159203.656 -26929.2031 118079.094
0 19 67714 217803 159203.453 -26928.5605 118079.555
0 19 67715 217803 159203.719 -26928.6055 118079.148
0 15 4244 13626 159268.016 -26805.5156 118007.453
0 15 4245 13626 159272.25 -26806.2285 118000.875
0 15 4244 13627 159268.234 -26795.832 118007.617
0 15 4245 13627 159272.25 -26796.5078 118000.875
0 7 14 68 154578.422 10868.7949 119556.742
0 7 15 68 155799.781 10954.6729 118067.031
0 7 14 69 154388.281 13267.7432 119409.68
0 7 15 69 155615.734 13373.2275 117927.547
4 6 50 28 98156.4219 -18570.1328 169784.078
4 6 51 28 101952.375 -18299.1445 167306.453
4 6 50 29 98177.9609 -13267.292 169821.344
4 6 51 29 102012.898 -13078.5771 167405.781
0 8 50 110 169822.75 -23217.9531 102822.375
0 8 51 110 170426.094 -23300.4434 101856.219
0 8 50 111 169988.812 -21912.6211 102922.914
0 8 51 111 170558.344 -21986.0371 101935.258
0 11 244 846 157478.359 -27297.2754 119877.336
0 11 245 846 157564.125 -27312.1387 119788.742
0 11 244 847 157472.062 -27142.4023 119872.531
0 11 245 847 157551.703 -27156.1289 119779.297
0 12 512 1708 158455.062 -26267.334 118802.617
0 12 513 1708 158502.531 -26275.2012 118760.812
0 12 512 1709 158437.281 -26187.0195 118789.281
0 12 513 1709 158490.453 -26195.8105 118751.758
0 10 150 422 161767.984 -28277.8027 114217.039
0 10 151 422 161895.719 -28300.1309 113991.031
0 10 150 423 161838.562 -27974.0469 114266.867
0 10 151 423 161960.016 -27995.0391 114036.297
0 13 1072 3414 159483.266 -26535.1191 117724.039
0 13 1073 3414 159504.375 -26538.6309 117700.68
0 13 1072 3415 159484.297 -26496.3535 117724.797
0 13 1073 3415 159506.219 -26499.9941 117702.031
0 14 2126 6820 159309.641 -26671.5312 117955.641
0 14 2127 6820 159315.484 -26672.5098 117940.531
0 14 2126 6821 159311.641 -26652.416 117957.125
0 14 2127 6821 159318.203 -26653.5156 117942.539
3 4 2 8 -111374.383 -161999.094 10124.9434
3 4 3 8 -97091.7266 -172607.516 10787.9697
3 4 2 9 -111443.461 -162099.578 30393.6719
3 4 3 9 -96584.6797 -171706.109 32194.8926
0 16 8476 27240 159234.328 -26860.5879 118043.227
0 16 8477 27240 159236.047 -26860.877 118039.641
0 16 8476 27241 159234.969 -26855.8379 118043.711
0 16 8477 27241 159236.734 -26856.1328 118040.156
0 18 33842 108906 159194.062 -26921.2051 118090.508
0 18 33843 108906 159194.766 -26921.3223 118089.805
0 18 33842 108907 159194.016 -26919.9824 118090.477
0 18 33843 108907 159194.734 -26920.0996 118089.781
3 5 28 18 119755.43 -153286.953 23951.084
3 5 29 18 125671.641 -148944.172 23272.5254
3 5 28 19 119085.594 -152429.562 33343.9688
3 5 29 19 125046.945 -148203.781 32419.5781
0 15 4250 13620 159287 -26867.043 117963.195
0 15 4251 13620 159291.656 -26867.8281 117956.914
0 15 4250 13621 159289.047 -26857.666 117964.703
0 15 4251 13621 159293.016 -26858.334 117957.906
0 7 16 68 157012.578 11039.9463 116532.766
0 7 17 68 158277.828 11128.9092 114998.742
0 7 16 69 156824.078 13477.0703 116392.867
0 7 17 69 158061.656 13583.4238 114841.68
0 8 44 118 166661.453 -12369.4043 108720.555
0 8 45 118 167429.328 -12426.3955 107913.445
0 8 44 119 166539.141 -11059.2402 108640.766
0 8 45 119 167274.922 -11108.1006 107813.914
0 8 36 90 158238.062 -46358.8086 113115.492
0 8 37 90 158814.281 -46527.6211 112286.664
0 8 36 91 158452.953 -45183.8477 113269.094
0 8 37 91 159049.844 -45354.0586 112453.219
0 15 4238 13598 159227.906 -27070.8809 118036.047
0 15 4239 13598 159233.047 -27071.7578 118030.141
0 15 4238 13599 159228.281 -27061.2266 118036.32
0 15 4239 13599 159233.594 -27062.1289 118030.547
0 13 1068 3390 159377.188 -27451.3184 117801.375
0 13 1069 3390 159397.578 -27454.834 117777.531
0 13 1068 3391 159384.469 -27413.6621 117806.766
0 13 1069 3391 159403.875 -27417 117782.188
0 15 4250 13608 159285.938 -26983.5254 117962.398
0 15 4251 13608 159289.797 -26984.1836 117955.539
0 15 4250 13609 159286.156 -26973.8418 117962.555
0 15 4251 13609 159289.969 -26974.4883 117955.656
0 11 248 858 157745.078 -25494.9316 119464.172
0 11 249 858 157836.953 -25509.7793 119379.609
0 11 248 859 157746.531 -25341.1152 119465.258
0 11 249 859 157839.922 -25356.1211 119381.852
0 14 2110 6790 159116.281 -27221.8574 118123.242
0 14 2111 6790 159126.125 -27223.5449 118111.141
0 14 2110 6791 159118.438 -27202.8047 118124.852
0 14 2111 6791 159126.672 -27204.2109 118111.547
0 13 1074 3412 159523.875 -26619.7676 117676.125
0 13 1075 3412 159548.312 -26623.8457 117655.195
0 13 1074 3413 159526.094 -26581.1934 117677.766
0 13 1075 3413 159550.578 -26585.2695 117656.867
0 19 67710 217826 159202.938 -26914.5059 118081.602
0 19 67711 217826 159203.266 -26914.5605 118081.242
0 19 67710 217827 159202.969 -26913.9023 118081.625
0 19 67711 217827 159203.297 -26913.959 118081.258
0 6 6 42 147821.172 48503.8203 117794.992
0 6 7 42 149942.516 49199.8867 114799.742
0 6 6 43 146931.453 52803.4961 117086
0 6 7 43 149016.516 53552.8086 114090.766
0 7 32 58 179088.375 -15390.4062 88145.0547
0 7 33 58 180267.047 -15491.6982 85908.5156
0 7 32 59 179227.203 -12601.9121 88213.3906
0 7 33 59 180389.672 -12683.6484 85966.9531
0 19 67738 217808 159209.141 -26926.4863 118069.195
0 19 67739 217808 159209.391 -26926.5312 118068.789
0 19 67738 217809 159209.141 -26925.8789 118069.211
0 19 67739 217809 159209.406 -26925.9238 118068.797
0 19 67736 217806 159208.625 -26927.6133 118070.023
0 19 67737 217806 159208.875 -26927.6543 118069.609
0 19 67736 217807 159208.641 -26927.0078 118070.047
0 19 67737 217807 159208.891 -26927.0527 118069.617
0 17 16934 54438 159208.281 -26959.4395 118068.867
0 17 16935 54438 159209.531 -26959.6523 118067.367
0 17 16934 54439 159208.469 -26957.043 118069.008
0 17 16935 54439 159209.703 -26957.252 118067.492
4 7 126 62 136822.625 -3283.74292 140106.359
4 7 127 62 137919.328 -3257.93726 139005.312
4 7 126 63 136810.531 -1094.48425 140093.984
4 7 127 63 137908.172 -1085.89111 138994.062
0 15 4214 13618 159134.312 -26860.7168 118199.773
0 15 4215 13618 159139.688 -26861.6211 118194.047
0 15 4214 13619 159134.703 -26851.0664 118200.047
0 15 4215 13619 159140.203 -26851.9941 118194.43
0 17 16948 54448 159225.578 -26938.0742 118047.672
0 17 16949 54448 159226.859 -26938.291 118046.203
0 17 16948 54449 159225.547 -26935.6387 118047.656
0 17 16949 54449 159226.781 -26935.8457 118046.141
4 5 20 22 50089.8867 72352.0547 178097.375
4 5 21 22 59912.5703 70805.7734 174291.125
4 5 20 23 49154.6133 81924.3516 174771.953
4 5 21 23 58825.8164 80217.0234 171129.656
0 11 250 860 157927.812 -25216.0117 119294.102
0 11 251 860 158018.672 -25230.5215 119208.422
0 11 250 861 157916.609 -25060.0117 119285.648
0 11 251 861 158015.406 -25075.6855 119205.961
0 14 2108 6820 159157.359 -26646.0352 118192.609
0 14 2109 6820 159168.406 -26647.8828 118181.375
0 14 2108 6821 159157.969 -26626.709 118193.062
0 14 2109 6821 159168.266 -26628.4316 118181.273
4 5 18 18 30629.4395 30629.4395 196028.422
4 5 19 18 42298.2773 30213.0527 193363.547
4 5 18 19 30259.6543 42363.5195 193661.797
4 5 19 19 41780.7031 41780.7031 190997.5
3 5 24 22 86907.0469 -163589.75 66458.3281
3 5 25 22 94923.8906 -159871.812 64947.9258
3 5 24 23 85102.5938 -160193.125 75090.5234
3 5 25 23 92977.5312 -156593.734 73403.3047
4 6 60 8 114185.117 -94152.6328 128207.844
4 6 61 8 116864.547 -93095.4844 126768.312
4 6 60 9 115322.023 -91043.7109 129484.383
4 6 61 9 118001.812 -90001.3828 128001.969
0 10 138 410 159592.891 -31638.043 116421.766
0 10 139 410 159725.906 -31664.4102 116206.836
0 10 138 411 159614.859 -31330.6504 116437.781
0 10 139 411 159761.328 -31359.4004 116232.602
0 19 67742 217818 159210.625 -26920.6621 118067.883
0 19 67743 217818 159210.891 -26920.709 118067.453
0 19 67742 217819 159210.688 -26920.0664 118067.914
0 19 67743 217819 159210.953 -26920.1094 118067.5
0 16 8472 27212 159220.188 -26994.2559 118052.18
0 16 8473 27212 159223.062 -26994.7402 118049.453
0 16 8472 27213 159220.375 -26989.4277 118052.32
0 16 8473 27213 159223.172 -26989.9004 118049.539
4 7 124 60 134566.234 -7784.82422 142351.062
4 7 125 60 135709.328 -7723.29492 141225.969
4 7 124 61 134566.5 -5560.59912 142351.344
4 7 125 61 135713.156 -5516.79541 141229.969
0 16 8446 27230 159164.703 -26897.418 118137.352
0 16 8447 27230 159166.703 -26897.7539 118133.977
0 16 8446 27231 159165.797 -26892.7422 118138.141
0 16 8447 27231 159167.578 -26893.0469 118134.617
0 13 1038 3404 158787.609 -26807.0371 118528.594
0 13 1039 3404 158811.109 -26811.0078 118507.367
0 13 1038 3405 158786.859 -26768.1465 118528.039
0 13 1039 3405 158809.656 -26771.9883 118506.281
0 11 244 850 157426.781 -26673.3867 119838.07
0 11 245 850 157518.172 -26688.8711 119753.812
0 11 244 851 157424.172 -26519.209 119836.086
0 11 245 851 157515.875 -26534.6562 119752.055
0 11 258 834 158566.531 -29344.0996 118537.781
0 11 259 834 158636.766 -29357.0996 118435.359
0 11 258 835 158589.344 -29193.4473 118554.828
0 11 259 835 158653.766 -29205.3086 118448.055
1 4 14 10 -151231.266 47259.7695 122875.398
1 4 15 10 -142769.797 44615.5625 133846.688
1 4 14 11 -147465.5 64516.1523 119815.719
1 4 15 11 -139567.875 61060.9453 130844.875
0 10 142 412 160201.062 -31132.8242 115613.859
0 10 143 412 160346.844 -31161.1523 115405.891
0 10 142 413 160243.281 -30828.0508 115644.312
0 10 143 413 160388.609 -30856.0137 115435.945
0 10 130 440 158673.875 -22158.5586 118230.625
0 10 131 440 158846.328 -22182.6406 118048.883
0 10 130 441 158652.156 -21845.6582 118214.453
0 10 131 441 158827.703 -21869.8301 118035.047
0 14 2134 6802 159363.547 -27030.7188 117839.922
0 14 2135 6802 159373.375 -27032.3867 117827.742
0 14 2134 6803 159360.047 -27010.6719 117837.344
0 14 2135 6803 159368.875 -27012.1699 117824.422
0 18 33848 108918 159198.703 -26907.4141 118086.656
0 18 33849 108918 159199.422 -26907.5332 118085.984
0 18 33848 108919 159198.844 -26906.2227 118086.773
0 18 33849 108919 159199.562 -26906.3418 118086.086
0 10 150 430 162054.391 -25795.7656 114419.25
0 10 151 430 162216.219 -25821.5273 114216.695
0 10 150 431 162140.719 -25492.8281 114480.219
0 10 151 431 162276.781 -25514.2207 114259.344
0 13 1064 3388 159306.578 -27516.9414 117904.758
0 13 1065 3388 159326.641 -27520.4102 117880.711
0 13 1064 3389 159304.703 -27477.7285 117903.375
0 13 1065 3389 159324.625 -27481.1641 117879.219
0 8 40 120 163422.547 -9575.54004 111714.633
0 8 41 120 164165.344 -9619.06348 110939.867
0 8 40 121 163321.609 -8293.67578 111645.625
0 8 41 121 164022.281 -8329.25586 110843.18
0 12 512 1690 158490.875 -27666.2539 118829.469
0 12 513 1690 158541.25 -27675.0488 118789.82
0 12 512 1691 158491.781 -27589.0234 118830.148
0 12 513 1691 158537.234 -27596.9355 118786.805
0 11 282 846 160484.562 -27818.3691 116210.258
0 11 283 846 160564.266 -27832.1855 116111.172
0 11 282 847 160504.453 -27665.0742 116224.656
0 11 283 847 160580.391 -27678.1621 116122.828
0 19 67710 217804 159202.484 -26927.791 118081.273
0 19 67711 217804 159202.75 -26927.834 118080.867
0 19 67710 217805 159202.516 -26927.1875 118081.281
0 19 67711 217805 159202.766 -26927.2324 118080.875
0 15 4228 13628 159201.75 -26774.9258 118113.82
0 15 4229 13628 159206.5 -26775.7266 118107.625
0 15 4228 13629 159203.203 -26765.4551 118114.906
0 15 4229 13629 159207.906 -26766.2461 118108.664
0 15 4218 13600 159132.594 -27035.2539 118159.648
0 15 4219 13600 159137.219 -27036.0391 118153.359
0 15 4218 13601 159133.453 -27025.6855 118160.281
0 15 4219 13601 159137.875 -27026.4375 118153.852
0 16 8470 27242 159223.859 -26849.1055 118064.633
0 16 8471 27242 159226.234 -26849.5059 118061.531
0 16 8470 27243 159224.812 -26844.4062 118065.336
0 16 8471 27243 159227.094 -26844.7891 118062.156
0 9 54 224 154799.125 -19047.5488 121843.844
0 9 55 224 155131.375 -19088.4316 121499.375
0 9 54 225 154787.922 -18441.5312 121835.023
0 9 55 225 155107.781 -18479.6387 121480.898
0 12 534 1686 159383.969 -28133.4473 117786.922
0 12 535 1686 159424.953 -28140.6836 117739.383
0 12 534 1687 159390.766 -28056.8223 117791.961
0 12 535 1687 159425.859 -28063 117740.039
0 6 2 6 124752.664 -99412.2812 115006.367
0 6 3 6 126309.969 -100653.25 112494.812
0 6 2 7 126048.461 -96505.8516 116200.922
0 6 3 7 127695.461 -97766.8359 113728.773
0 14 2098 6812 159046.328 -26782.7637 118304.289
0 14 2099 6812 159057.797 -26784.6973 118293.422
0 14 2098 6813 159046.984 -26763.4609 118304.781
0 14 2099 6813 159058.703 -26765.4316 118294.078
2 5 30 2 112951.422 124636.055 105161.672
2 5 31 2 117622.906 121417.195 102445.766
2 5 30 3 115331.414 127262.242 99423.625
2 5 31 3 119950.836 123820.219 96734.5391
0 17 16924 54468 159201.234 -26885.3691 118087.93
0 17 16925 54468 159202.656 -26885.6094 118086.555
0 17 16924 54469 159201.484 -26882.9824 118088.109
0 17 16925 54469 159202.906 -26883.2246 118086.75
2 4 8 10 12016.7129 192267.406 -60083.5625
2 4 9 10 35545.125 189574 -59241.875
2 4 8 11 11535.0986 184561.578 -80745.6953
2 4 9 11 34158.8359 182180.438 -79703.9453
0 16 8484 27230 159245.625 -26911.0898 118012.734
0 16 8485 27230 159247.688 -26911.4395 118009.406
0 16 8484 27231 159245.734 -26906.25 118012.812
0 16 8485 27231 159247.703 -26906.582 118009.406
0 18 33842 108904 159194.078 -26923.6367 118090.523
0 18 33843 108904 159194.812 -26923.7617 118089.859
0 18 33842 108905 159194.062 -26922.418 118090.508
0 18 33843 108905 159194.797 -26922.543 118089.844
0 17 16912 54458 159185.141 -26906.9434 118105.148
0 17 16913 54458 159186.219 -26907.125 118103.508
0 17 16912 54459 159185.047 -26904.498 118105.07
0 17 16913 54459 159186.156 -26904.6855 118103.469
0 9 52 198 154295.25 -34656.1602 122652.672
0 9 53 198 154607.25 -34726.2383 122296.75
0 9 52 199 154348.25 -34065.1406 122694.805
0 9 53 199 154686.359 -34139.7656 122359.328
0 7 12 68 152177.266 10699.9639 122455.148
0 7 13 68 153369.078 10783.7637 121017.789
0 7 12 69 152020.422 13064.2549 122328.93
0 7 13 69 153218.562 13167.2207 120899.016
0 18 33870 108894 159210.359 -26938.5352 118068.586
0 18 33871 108894 159210.953 -26938.6348 118067.805
0 18 33870 108895 159210.328 -26937.3164 118068.562
0 18 33871 108895 159210.891 -26937.4102 118067.773
0 19 67716 217830 159204.906 -26912.4082 118079.43
0 19 67717 217830 159205.172 -26912.457 118079.008
0 19 67716 217831 159204.922 -26911.8047 118079.438
0 19 67717 217831 159205.219 -26911.8535 118079.039
0 18 33846 108916 159197 -26909.5547 118087.828
0 18 33847 108916 159197.688 -26909.6719 118087.125
0 18 33846 108917 159197.125 -26908.3613 118087.922
0 18 33847 108917 159197.828 -26908.4824 118087.227
0 14 2104 6818 159116.594 -26678.0566 118240.016
0 14 2105 6818 159127.391 -26679.8652 118228.617
0 14 2104 6819 159117.703 -26658.8203 118240.852
0 14 2105 6819 159128.203 -26660.5781 118229.227
1 4 14 12 -142747.812 80295.6406 115982.594
1 4 15 12 -135493.188 76214.9141 127024.859
1 4 14 13 -137535.328 94555.5312 111747.445
1 4 15 13 -130963.773 90037.6016 122778.539
0 8 46 96 165288.672 -40676.5117 105242.391
0 8 47 96 165879.031 -40821.7969 104322.367
0 8 46 97 165491.766 -39433.5859 105371.711
0 8 47 97 166080.25 -39573.8086 104448.906
0 5 18 12 193412 -42308.875 -30220.623
0 5 19 12 190830.922 -41744.2617 -41744.2617
0 5 18 13 195426.531 -30535.3965 -30535.3965
0 5 19 13 192823.297 -30128.6387 -42180.0977
0 19 67708 217824 159202.219 -26915.5996 118082.289
0 19 67709 217824 159202.547 -26915.6543 118081.922
0 19 67708 217825 159202.25 -26914.9941 118082.305
0 19 67709 217825 159202.562 -26915.0508 118081.945
0 12 516 1712 158615.078 -25984.0625 118612.797
0 12 517 1712 158670.453 -25993.1328 118576.719
0 12 516 1713 158618.578 -25907.1836 118615.406
0 12 517 1713 158666.656 -25915.0371 118573.883
0 16 8482 27220 159248.234 -26960.1328 118024.383
0 16 8483 27220 159250.484 -26960.5117 118021.18
0 16 8482 27221 159247.656 -26955.1738 118023.953
0 16 8483 27221 159250 -26955.5684 118020.828
5 4 4 6 78900.1797 -33814.3633 -180343.266
5 4 5 6 58850.0195 -35310.0117 -188320.062
5 4 4 7 79810.3906 -11401.4844 -182423.75
5 4 5 7 59571.6367 -11914.3281 -190629.25
0 7 28 42 168180.719 -56498.2109 93287.7422
0 7 29 42 169249.078 -56857.1133 91235.8281
0 7 28 43 168800.906 -54069.0391 93631.7578
0 7 29 43 169858.25 -54407.7188 91564.2109
0 12 518 1686 158702.25 -28013.1172 118522.984
0 12 519 1686 158740.125 -28019.8047 118473.773
0 12 518 1687 158713.172 -27937.5488 118531.156
0 12 519 1687 158744.078 -27942.9863 118476.719
0 19 67742 217816 159210.5 -26921.8574 118067.781
0 19 67743 217816 159210.766 -26921.9023 118067.375
0 19 67742 217817 159210.562 -26921.2617 118067.828
0 19 67743 217817 159210.828 -26921.3047 118067.422
0 10 146 436 161624.453 -23833.2949 115378.391
0 10 147 436 161809.656 -23860.6035 115194.57
0 10 146 437 161636.703 -23519.4043 115387.148
0 10 147 437 161811.141 -23544.7832 115195.625
4 6 54 14 102553.672 -79763.9609 145854.109
4 6 55 14 105815.617 -78798.8594 144089.344
4 6 54 15 103525.164 -75918.4531 147235.781
4 6 55 15 106800.922 -74987.8828 145431.047
0 9 68 196 158558.906 -36852.5586 116132.008
0 9 69 196 158838.25 -36917.4844 115716.148
0 9 68 197 158651.734 -36254.4023 116200
0 9 69 197 158931.156 -36318.2539 115783.836
0 15 4212 13610 159115.344 -26935.2051 118205.102
0 15 4213 13610 159120.797 -26936.1289 118199.438
0 15 4212 13611 159117.031 -26925.7793 118206.359
0 15 4213 13611 159121.594 -26926.5508 118200.039
0 7 32 48 175788.422 -42573.7578 86520.8594
0 7 33 48 176876.781 -42837.3477 84292.8438
0 7 32 49 176257.75 -39933.3984 86751.8672
0 7 33 49 177364.031 -40184.0391 84525.0391
0 15 4212 13612 159117.797 -26916.1992 118206.93
0 15 4213 13612 159122.906 -26917.0605 118201
0 15 4212 13613 159118.516 -26906.6055 118207.461
0 15 4213 13613 159123.891 -26907.5176 118201.742
1 4 14 14 -131972.594 107227.734 107227.734
1 4 15 14 -126121.086 102473.375 118238.508
1 4 14 15 -126188.672 118301.875 102528.297
1 4 15 15 -121078.969 113511.531 113511.531
0 9 46 204 152333.219 -30645.1582 124663.312
0 9 47 204 152705.281 -30720.0078 124371.289
0 9 46 205 152327.781 -30049.0371 124658.875
0 9 47 205 152681.234 -30118.7578 124351.695
0 18 33864 108892 159206.891 -26940.3789 118073.305
0 18 33865 108892 159207.469 -26940.4746 118072.516
0 18 33864 108893 159206.906 -26939.166 118073.32
0 18 33865 108893 159207.469 -26939.2617 118072.523
0 9 58 226 156118.781 -17990.252 120443.211
0 9 59 226 156475.594 -18031.3672 120107.242
0 9 58 227 156096.141 -17377.8906 120425.742
0 9 59 227 156432.719 -17415.3613 120074.336
0 17 16940 54468 159219.125 -26888.3906 118062.328
0 17 16941 54468 159219.953 -26888.5312 118060.523
0 17 16940 54469 159219.453 -26886.0195 118062.578
0 17 16941 54469 159220.281 -26886.1582 118060.758
0 6 22 32 192061.422 3000.95972 57018.2344
0 6 23 32 193757.859 3027.46655 51466.9297
0 6 22 33 191776.547 8989.52539 56933.6641
0 6 23 33 193466.047 9068.7207 51389.418
0 14 2124 6792 159262.797 -27208.041 117959.828
0 14 2125 6792 159270.906 -27209.4277 117946.406
0 14 2124 6793 159261.922 -27188.4531 117959.203
0 14 2125 6793 159268.906 -27189.6445 117944.93
0 19 67742 217820 159210.766 -26919.4727 118067.984
0 19 67743 217820 159211.031 -26919.5195 118067.57
0 19 67742 217821 159210.828 -26918.877 118068.023
0 19 67743 217821 159211.094 -26918.9199 118067.609
0 16 8448 27216 159165.953 -26965.6309 118128.562
0 16 8449 27216 159168 -26965.9766 118125.219
0 16 8448 27217 159166.141 -26960.8066 118128.688
0 16 8449 27217 159168.172 -26961.1504 118125.352
0 10 112 418 155770.812 -28446.4258 121543.828
0 10 113 418 155949.812 -28479.1152 121378.898
0 10 112 419 155766.641 -28141.4336 121540.57
0 10 113 419 155938.641 -28172.5059 121370.219
0 7 18 36 153642.922 -66018.4375 109230.508
0 7 19 36 154718.922 -66480.7812 107577.992
0 7 18 37 154270.297 -63877.5469 109676.547
0 7 19 37 155354.922 -64326.6523 108020.227
0 16 8476 27214 159231.75 -26986.4961 118041.32
0 16 8477 27214 159234.656 -26986.9883 118038.625
0 16 8476 27215 159232.281 -26981.7246 118041.711
0 16 8477 27215 159235.266 -26982.2344 118039.07
0 15 4214 13604 159119.609 -26994.1992 118188.852
0 15 4215 13604 159123.812 -26994.9141 118182.266
0 15 4214 13605 159120.922 -26984.7109 118189.828
0 15 4215 13605 159125.906 -26985.5547 118183.812
0 10 120 410 157072.219 -31138.3398 120105.031
0 10 121 410 157239.984 -31171.5996 119926.211
0 10 120 411 157105.766 -30838.1426 120130.672
0 10 121 411 157242.141 -30864.9141 119927.844
0 9 84 216 164744.594 -25419.5781 110366.008
0 9 85 216 165043.234 -25465.6562 109921.383
0 9 84 217 164839.578 -24790.3262 110429.633
0 9 85 217 165105.906 -24830.3809 109963.109
0 12 536 1716 159504.656 -25818.2578 117720.359
0 12 537 1716 159550.516 -25825.6797 117676.297
0 12 536 1717 159510.562 -25741.3281 117724.711
0 12 537 1717 159546.141 -25747.0723 117673.07
0 16 8456 27240 159192.031 -26853.4551 118109.039
0 16 8457 27240 159194.328 -26853.8418 118105.891
0 16 8456 27241 159192.344 -26848.6465 118109.273
0 16 8457 27241 159194.609 -26849.0293 118106.094
0 13 1064 3418 159341.344 -26355.8965 117930.484
0 13 1065 3418 159358.375 -26358.7148 117904.188
0 13 1064 3419 159345.141 -26317.623 117933.305
0 13 1065 3419 159363.734 -26320.6934 117908.148
0 11 272 836 159598.656 -29223.3848 117127.336
0 11 273 836 159670.609 -29236.5625 117024.211
0 11 272 837 159620.766 -29071.5566 117143.57
0 11 273 837 159686.469 -29083.5234 117035.836
0 16 8462 27210 159194.859 -26999.6777 118081.992
0 16 8463 27210 159197.156 -27000.0645 118078.836
0 16 8462 27211 159195.328 -26994.8965 118082.336
0 16 8463 27211 159197.594 -26995.2832 118079.156
0 18 33842 108908 159194 -26918.7637 118090.461
0 18 33843 108908 159194.688 -26918.8809 118089.758
0 18 33842 108909 159193.969 -26917.543 118090.438
0 18 33843 108909 159194.672 -26917.6602 118089.742
0 17 16946 54464 159223.281 -26898.8105 118050.836
0 17 16947 54464 159224.266 -26898.9766 118049.133
0 17 16946 54465 159223.406 -26896.4043 118050.922
0 17 16947 54465 159224.391 -26896.5684 118049.219
4 6 50 22 95344.5234 -48960.7031 164920.266
4 6 51 22 99216.4062 -48336.1953 162816.672
4 6 50 23 96083.6328 -44146.5312 166198.703
4 6 51 23 99994.6797 -43587.4258 164093.844
0 11 280 860 160530.297 -25631.5469 116556.914
0 11 281 860 160611.266 -25644.4766 116458.844
0 11 280 861 160511.031 -25471.7227 116542.922
0 11 281 861 160589.125 -25484.1133 116442.789
0 7 4 66 143185.766 5593.19385 133118.016
0 7 5 66 144313.891 5637.26123 131911.922
0 7 4 67 143120.422 7826.89795 133057.266
0 7 5 67 144229.031 7887.5249 131834.344
0 10 148 434 161894.172 -24505.4648 114938.531
0 10 149 434 162056.141 -24529.9805 114737.008
0 10 148 435 161950.391 -24197.666 114978.453
0 10 149 435 162068.25 -24215.2754 114745.594
0 17 16922 54438 159195.906 -26957.3457 118088.836
0 17 16923 54438 159197.125 -26957.5527 118087.32
0 17 16922 54439 159196.062 -26954.9434 118088.945
0 17 16923 54439 159197.297 -26955.1523 118087.445
4 6 54 36 111977.422 22395.4844 159256.781
4 6 55 36 115278.664 22074.6387 156975.203
4 6 54 37 111568.242 27272.2363 158674.828
4 6 55 37 114874.477 26885.5156 156424.812
0 14 2118 6790 159196.094 -27235.5137 118027.031
0 14 2119 6790 159207.375 -27237.4434 118015.961
0 14 2118 6791 159199.719 -27216.7012 118029.727
0 14 2119 6791 159211.359 -27218.6914 118018.922
4 5 18 4 24730.7148 -113761.289 158276.578
4 5 19 4 34352.875 -112873.734 157041.719
4 5 18 5 25453.0176 -106902.672 162899.312
4 5 19 5 35330.0156 -105990.055 161508.641
0 16 8464 27210 159199.438 -27000.4551 118075.672
0 16 8465 27210 159201.734 -27000.8438 118072.523
0 16 8464 27211 159199.891 -26995.6719 118076.008
0 16 8465 27211 159202.172 -26996.0605 118072.836
0 19 67734 217830 159209.391 -26913.168 118071.828
0 19 67735 217830 159209.641 -26913.209 118071.391
0 19 67734 217831 159209.438 -26912.5684 118071.844
0 19 67735 217831 159209.688 -26912.6094 118071.422
2 4 10 14 47558.332 152186.672 -123651.664
2 4 11 14 64908.0117 148361.172 -120543.453
2 4 10 15 45105.9336 144338.984 -135317.797
2 4 11 15 61516.4062 140608.922 -131820.859
0 6 22 20 182708.562 -65660.8906 54241.6055
0 6 23 20 184147.594 -66178.0469 48914.2031
0 6 22 21 184268.453 -60463.082 54704.6953
0 6 23 21 185700.75 -60933.0586 49326.7617
0 7 18 68 159538.703 11217.5654 113422.047
0 7 19 68 160810.391 11306.9805 111813.469
0 7 18 69 159313 13690.96 113261.586
0 7 19 69 160575.594 13799.4648 111650.211
0 5 18 10 187681.719 -64515.5938 -29325.2695
0 5 19 10 185394.828 -63729.4727 -40555.1172
0 5 18 11 190798.328 -53662.0312 -29812.2383
0 5 19 11 188349.547 -52973.3086 -41201.4609
0 9 84 210 164309.344 -29203.4199 110074.43
0 9 85 210 164598.219 -29254.7637 109624.992
0 9 84 211 164366.781 -28571.5684 110112.898
0 9 85 211 164668.938 -28624.0918 109672.078
0 16 8450 27214 159170 -26976.0312 118121.852
0 16 8451 27214 159172.234 -26976.4082 118118.641
0 16 8450 27215 159170.078 -26971.1875 118121.898
0 16 8451 27215 159172.469 -26971.5938 118118.812
0 18 33880 108914 159216.391 -26915.2617 118060.914
0 18 33881 108914 159216.969 -26915.3594 118060.125
0 18 33880 108915 159216.484 -26914.0625 118060.984
0 18 33881 108915 159217.062 -26914.1582 118060.195
0 8 44 94 163723.672 -42849.5547 106804.109
0 8 45 94 164285.922 -42996.707 105887.414
0 8 44 95 163942.672 -41626.0664 106946.977
0 8 45 95 164504.906 -41768.8242 106028.547
0 14 2130 6796 159325.062 -27140.8848 117889.266
0 14 2131 6796 159336.969 -27142.9121 117878.625
0 14 2130 6797 159328.469 -27122.0156 117891.789
0 14 2131 6797 159339.047 -27123.8184 117880.172
0 14 2096 6808 159015.906 -26855.2852 118320.492
0 14 2097 6808 159028.984 -26857.4941 118310.805
0 14 2096 6809 159016.422 -26835.9648 118320.875
0 14 2097 6809 159030.625 -26838.3594 118312.023
0 16 8484 27224 159250.312 -26941.0449 118016.211
0 16 8485 27224 159252.672 -26941.4414 118013.094
0 16 8484 27225 159249.578 -26936.0586 118015.664
0 16 8485 27225 159252 -26936.4668 118012.586
0 16 8450 27236 159175.438 -26870.0859 118125.875
0 16 8451 27236 159177.359 -26870.4082 118122.445
0 16 8450 27237 159176.078 -26865.3359 118126.352
0 16 8451 27237 159178.031 -26865.6641 118122.953
0 5 16 20 192923.547 54259.75 -6028.86084
0 5 17 20 192132.484 54037.2617 -18012.4219
0 5 16 21 189848.047 65260.2656 -5932.75146
0 5 17 21 189237.219 65050.293 -17740.9883
0 12 524 1716 159002.109 -25736.916 118281.117
0 12 525 1716 159045.094 -25743.8691 118235.422
0 12 524 1717 159003.547 -25659.5078 118282.18
0 12 525 1717 159047.766 -25666.6465 118237.422
0 14 2132 6816 159358.531 -26757.5254 117875.117
0 14 2133 6816 159366.188 -26758.8125 117861.328
0 14 2132 6817 159356.25 -26737.6934 117873.438
0 14 2133 6817 159365.891 -26739.3086 117861.109
0 14 2118 6822 159242.969 -26621.4902 118061.789
0 14 2119 6822 159251.938 -26622.9902 118049
0 14 2118 6823 159242.062 -26601.9004 118061.125
0 14 2119 6823 159251.766 -26603.5215 118048.875
0 13 1054 3418 159148.922 -26324.0723 118176.625
0 13 1055 3418 159168.016 -26327.2305 118151.945
0 13 1054 3419 159144.484 -26284.4824 118173.328
0 13 1055 3419 159163.688 -26287.6543 118148.734
0 19 67706 217808 159201.453 -26925.1836 118082.93
0 19 67707 217808 159201.734 -26925.2344 118082.539
0 19 67706 217809 159201.453 -26924.5801 118082.93
0 19 67707 217809 159201.75 -26924.6309 118082.547
0 17 16950 54454 159227.391 -26923.8027 118044.164
0 17 16951 54454 159228.234 -26923.9434 118042.352
0 17 16950 54455 159227.359 -26921.3672 118044.133
0 17 16951 54455 159228.234 -26921.5137 118042.359
0 11 266 834 159181.578 -29457.9199 117753.945
0 11 267 834 159239.094 -29468.5645 117640.992
0 11 266 835 159189.938 -29304.0059 117760.133
0 11 267 835 159255.312 -29316.043 117652.969
0 11 278 862 160357.359 -25290.7344 116744.539
0 11 279 862 160437.141 -25303.3184 116645.961
0 11 278 863 160365.688 -25135.4434 116750.602
0 11 279 863 160436.016 -25146.4648 116645.133
1 4 12 4 -158820.641 -69484.0312 89336.6094
1 4 13 4 -151506.484 -66284.0859 104160.711
1 4 12 5 -164262.906 -51332.1602 92397.8828
1 4 13 5 -155978.547 -48743.2969 107235.25
0 18 33854 108922 159203.453 -26903.3574 118082.898
0 18 33855 108922 159204.109 -26903.4688 118082.172
0 18 33854 108923 159203.594 -26902.168 118083.008
0 18 33855 108923 159204.234 -26902.2734 118082.266
0 12 514 1688 158574.812 -27835.7676 118737.539
0 12 515 1688 158611.078 -27842.1328 118687.258
0 12 514 1689 158574.438 -27758.2715 118737.266
0 12 515 1689 158621.516 -27766.5098 118695.055
0 11 278 840 160140.594 -28697.0703 116586.742
0 11 279 840 160206.594 -28708.8965 116478.32
0 11 278 841 160153.234 -28542.9336 116595.93
0 11 279 841 160217.234 -28554.3379 116486.062
0 16 8462 27242 159205.75 -26846.0508 118090.062
0 16 8463 27242 159207.891 -26846.4102 118086.789
0 16 8462 27243 159205.969 -26841.2305 118090.234
0 16 8463 27243 159208.172 -26841.6016 118087.016
0 15 4240 13628 159253.891 -26783.6992 118035.867
0 15 4241 13628 159258.344 -26784.4473 118029.453
0 15 4240 13629 159253.844 -26773.9707 118035.828
0 15 4241 13629 159258.203 -26774.7012 118029.344
0 18 33876 108898 159213.5 -26934.209 118063.633
0 18 33877 108898 159214.062 -26934.3027 118062.836
0 18 33876 108899 159213.438 -26932.9824 118063.578
0 18 33877 108899 159213.984 -26933.0762 118062.773
0 14 2116 6822 159225.469 -26618.5645 118087.695
0 14 2117 6822 159234.203 -26620.0254 118074.727
0 14 2116 6823 159225.75 -26599.1738 118087.891
0 14 2117 6823 159234.391 -26600.6191 118074.859
0 5 18 14 196767.219 -18446.9258 -30744.877
0 5 19 14 194421.984 -18227.0625 -42529.8086
0 5 18 15 197499.578 -6171.86182 -30859.3086
0 5 19 15 195690.188 -6115.31836 -42807.2305
0 12 548 1702 159942.891 -26982.5547 117106.617
0 12 549 1702 159983.078 -26989.332 117057.93
0 12 548 1703 159948.906 -26905.4688 117111.031
0 12 549 1703 159990.828 -26912.5195 117063.609
0 17 16950 54456 159227.406 -26918.9473 118044.172
0 17 16951 54456 159228.312 -26919.0996 118042.422
0 17 16950 54457 159227.469 -26916.5293 118044.227
0 17 16951 54457 159228.438 -26916.6895 118042.508
0 10 138 440 160129.531 -22361.8379 116813.234
0 10 139 440 160321.203 -22388.6074 116639.945
0 10 138 441 160117.031 -22047.3652 116804.125
0 10 139 441 160318.109 -22075.0508 116637.688
0 18 33880 108904 159215.516 -26927.2617 118060.258
0 18 33881 108904 159216.109 -26927.3613 118059.492
0 18 33880 108905 159215.5 -26926.043 118060.242
0 18 33881 108905 159216.109 -26926.1445 118059.484
0 13 1046 3388 158931.641 -27452.1836 118325.695
0 13 1047 3388 158950.094 -27455.3691 118300.633
0 13 1046 3389 158936.953 -27414.2969 118329.648
0 13 1047 3389 158956.172 -27417.6113 118305.148
0 6 14 40 167361.578 44455.418 91525.8594
0 6 15 40 169591 45047.6094 87445.3594
0 6 14 41 166203 49341.5156 90892.2656
0 6 15 41 168394.672 49992.168 86828.5078
4 6 62 6 117145.547 -97941.3594 122906.805
4 6 63 6 119669.586 -96875.375 121569.102
4 6 62 7 118321.164 -95044.8672 124140.227
4 6 63 7 120853.219 -93996.9453 122771.523
0 6 18 14 165429.984 -90469.5234 69790.7734
0 6 19 14 166990.109 -91322.7188 65230.5156
0 6 18 15 167286.906 -86257.3125 70574.1641
0 6 19 15 168940.984 -87110.1953 65992.5703
0 19 67712 217828 159203.641 -26913.4121 118080.914
0 19 67713 217828 159203.938 -26913.4609 118080.531
0 19 67712 217829 159203.656 -26912.8066 118080.938
0 19 67713 217829 159203.969 -26912.8574 118080.562
0 7 26 40 164788.266 -60508.1914 96555.6328
0 7 27 40 165871.891 -60906.0859 94598.8125
0 7 26 41 165441.656 -58163.0859 96938.4766
0 7 27 41 166490.203 -58531.7109 94951.4375
4 6 56 38 117541.797 31184.5586 153523.984
4 6 57 38 120532.648 30724.0059 151256.641
4 6 56 39 117047.648 35830.9102 152878.562
4 6 57 39 120024.414 35301.3008 150618.875
0 19 67724 217832 159207.047 -26911.5586 118076.156
0 19 67725 217832 159207.281 -26911.5977 118075.727
0 19 67724 217833 159207.078 -26910.9531 118076.18
0 19 67725 217833 159207.328 -26910.9941 118075.742
0 19 67726 217832 159207.531 -26911.6367 118075.289
0 19 67727 217832 159207.781 -26911.6816 118074.875
0 19 67726 217833 159207.578 -26911.0391 118075.32
0 19 67727 217833 159207.797 -26911.0762 118074.883
0 6 8 42 152062.094 49895.375 111670.602
0 6 9 42 154204.781 50598.4414 108425.234
0 6 8 43 151097.234 54300.5703 110962.031
0 6 9 43 153170.031 55045.4766 107697.68
0 16 8460 27210 159190.375 -26998.916 118088.367
0 16 8461 27210 159192.578 -26999.291 118085.156
0 16 8460 27211 159190.938 -26994.1543 118088.797
0 16 8461 27211 159193.094 -26994.5215 118085.539
0 9 46 216 152257.781 -23492.9004 124601.586
0 9 47 216 152594.078 -23544.791 124280.727
0 9 46 217 152241.891 -22895.752 124588.578
0 9 47 217 152573.406 -22945.6094 124263.883
0 7 2 36 136462.312 -58636.1523 131131.75
0 7 3 36 137647.484 -59145.4023 130119.883
0 7 2 37 136997.766 -56725.6367 131646.281
0 7 3 37 138187.656 -57218.3203 130630.516
0 11 266 866 159344.422 -24508.541 117874.414
0 11 267 866 159433.031 -24522.1719 117784.266
0 11 266 867 159320.641 -24349.2969 117856.82
0 11 267 867 159408.734 -24362.7617 117766.312
0 17 16940 54440 159216.844 -26956.0332 118060.641
0 17 16941 54440 159218.203 -26956.2637 118059.227
0 17 16940 54441 159216.891 -26953.6113 118060.68
0 17 16941 54441 159218.25 -26953.8398 118059.25
0 7 0 64 138948.328 1085.53381 137862.797
0 7 1 64 140029.234 1093.97839 136747.281
0 7 0 65 138893.031 3255.30566 137807.938
0 7 1 65 139959.328 3280.29663 136679.031
0 11 256 864 158439.781 -24678.8516 118752.469
0 11 257 864 158537.703 -24694.1055 118671.047
0 11 256 865 158426.531 -24522.0742 118742.539
0 11 257 865 158526.188 -24537.5 118662.414
3 4 6 2 -30789.125 -164208.656 -112893.453
3 4 7 2 -10310.9395 -164975.031 -113420.344
3 4 6 3 -31855.6758 -169896.953 -95567.0312
3 4 7 3 -10839.2891 -173428.625 -97553.6016
0 8 20 118 150294.828 -11154.6943 126224.172
0 8 21 118 150902.141 -11199.7686 125555.297
0 8 20 119 150262.266 -9978.35352 126196.82
0 8 21 119 150899.469 -10020.668 125553.078
0 15 4222 13626 159174.125 -26789.7129 118151.617
0 15 4223 13626 159177.531 -26790.2852 118144.438
0 15 4222 13627 159175.484 -26780.2285 118152.633
0 15 4223 13627 159178.984 -26780.8145 118145.508
0 10 128 408 158083.453 -31956.3223 118408.211
0 10 129 408 158242.125 -31988.4004 118218
0 10 128 409 158131.312 -31657.1484 118444.062
0 10 129 409 158280.703 -31687.0527 118246.812
0 19 67730 217802 159207.203 -26929.8027 118072.617
0 19 67731 217802 159207.422 -26929.8398 118072.188
0 19 67730 217803 159207.188 -26929.1914 118072.609
0 19 67731 217803 159207.438 -26929.2324 118072.188
0 9 74 198 160461.656 -36041.1953 113764.805
0 9 75 198 160761.797 -36108.6094 113349.633
0 9 74 199 160536.5 -35430.9062 113817.875
0 9 75 199 160840.891 -35498.0898 113405.398
4 7 122 44 130777.945 -43592.6484 143073.312
4 7 123 44 132007.766 -43263.0469 141991.531
4 7 122 45 130882.961 -41390.3398 143188.203
4 7 123 45 132046.047 -41056.332 142032.719
0 8 50 102 168704.75 -33609.1484 102145.453
0 8 51 102 169294.703 -33726.6797 101180.039
0 8 50 103 168882.641 -32325.1934 102253.164
0 8 51 103 169447.938 -32433.3926 101271.617
0 13 1048 3416 159025.422 -26381.2949 118317.867
0 13 1049 3416 159047.547 -26384.9648 118295.5
0 13 1048 3417 159018.828 -26341.375 118312.953
0 13 1049 3417 159046.266 -26345.9219 118294.547
0 16 8448 27234 159171.578 -26879.1504 118132.734
0 16 8449 27234 159173.312 -26879.4414 118129.156
0 16 8448 27235 159172.078 -26874.375 118133.094
0 16 8449 27235 159173.531 -26874.6191 118129.32
0 18 33854 108892 159200.984 -26939.3789 118081.07
0 18 33855 108892 159201.578 -26939.4805 118080.297
0 18 33854 108893 159201.047 -26938.1738 118081.117
0 18 33855 108893 159201.656 -26938.2793 118080.352
0 10 130 408 158399.797 -32020.2715 118026.414
0 10 131 408 158551.031 -32050.8418 117829.422
0 10 130 409 158454 -31721.748 118066.797
0 10 131 409 158613.484 -31753.6758 117875.844
0 5 6 30 134268.297 121680.648 79721.8047
0 5 7 30 137509.625 124618.094 73051.9844
0 5 6 31 131235.453 127134.344 77921.0469
0 5 7 31 134236.531 130041.648 71313.1641
0 17 16944 54466 159221.766 -26893.6992 118054.578
0 17 16945 54466 159222.688 -26893.8516 118052.82
0 17 16944 54467 159222.078 -26891.3203 118054.812
0 17 16945 54467 159222.953 -26891.4688 118053.023
5 4 4 8 79265.5156 11323.6455 -181178.328
5 4 5 8 59621.6797 11924.3369 -190789.391
5 4 4 9 78774.0078 33760.2891 -180054.875
5 4 5 9 58984.0352 35390.4219 -188748.906
0 14 2130 6818 159335.25 -26714.7168 117896.805
0 14 2131 6818 159344.281 -26716.2324 117884.039
0 14 2130 6819 159334.531 -26695.1484 117896.273
0 14 2131 6819 159343.891 -26696.7148 117883.742
5 4 6 0 27298.2148 -136491.078 -145590.469
5 4 7 0 9191.96973 -137879.547 -147071.516
5 4 6 1 28981.0391 -125584.5 -154565.531
5 4 7 1 9786.0625 -127218.82 -156577
0 5 16 2 150698.578 -127151.93 -4709.33057
0 5 17 2 150078.734 -126628.938 -14069.8828
0 5 16 3 156067.219 -121927.508 -4877.10059
0 5 17 3 155239.031 -121280.492 -14553.6592
0 7 30 44 171506.031 -52255.7461 89772.6875
0 7 31 44 172581.438 -52583.4102 87639.0078
0 7 30 45 172083.25 -49742.8164 90074.8359
0 7 31 45 173149.703 -50051.0859 87927.5859
0 14 2096 6800 158996.312 -27007.2461 118305.914
0 14 2097 6800 159006.188 -27008.9238 118293.852
0 14 2096 6801 158998.062 -26988.1348 118307.211
0 14 2097 6801 159009.594 -26990.0918 118296.383
0 12 510 1692 158407.312 -27496.9727 118921.516
0 12 511 1692 158450.703 -27504.502 118876.711
0 12 510 1693 158406.5 -27419.4824 118920.891
0 12 511 1693 158453.969 -27427.7031 118879.164
0 12 548 1704 159953.703 -26828.1738 117114.539
0 12 549 1704 159993.812 -26834.9004 117065.789
0 12 548 1705 159961.797 -26751.4258 117120.477
0 12 549 1705 159997.5 -26757.3926 117068.477
0 14 2132 6798 159350.562 -27106.3262 117869.227
0 14 2133 6798 159360.797 -27108.0664 117857.352
0 14 2132 6799 159352.062 -27087.1289 117870.344
0 14 2133 6799 159360.688 -27088.5918 117857.266
0 7 10 68 149824.359 10534.5254 125243.805
0 7 11 68 150987.234 10616.29 123856.719
0 7 10 69 149671.656 12862.4082 125116.141
0 7 11 69 150845.953 12963.3242 123740.828
0 8 12 110 145489.203 -19891.1016 131281.266
0 8 13 110 146091 -19973.3809 130682.977
0 8 12 111 145497.578 -18755.5469 131288.828
0 8 13 111 146095.219 -18832.5879 130686.75
0 11 244 844 157476.844 -27604.584 119876.18
0 11 245 844 157555.047 -27618.293 119781.836
0 11 244 845 157476.828 -27450.7949 119876.164
0 11 245 845 157563.719 -27465.9434 119788.438
0 19 67734 217804 159208.141 -26928.748 118070.883
0 19 67735 217804 159208.406 -26928.791 118070.477
0 19 67734 217805 159208.125 -26928.1348 118070.875
0 19 67735 217805 159208.391 -26928.1836 118070.469
0 11 280 842 160288.969 -28410.5957 116381.688
0 11 281 842 160352.234 -28421.8047 116271.023
0 11 280 843 160288.312 -28253.9453 116381.219
0 11 281 843 160362.953 -28267.1035 116278.797
0 19 67740 217810 159209.688 -26925.3652 118068.398
0 19 67741 217810 159209.953 -26925.4082 118067.984
0 19 67740 217811 159209.734 -26924.7637 118068.422
0 19 67741 217811 159209.969 -26924.8066 118067.992
0 9 56 196 155206.938 -36073.4883 120952.281
0 9 57 196 155494.625 -36140.3516 120569.07
0 9 56 197 155318.453 -35492.6953 121039.18
0 9 57 197 155592.797 -35555.3828 120645.195
0 14 2120 6822 159261.141 -26624.5273 118036.383
0 14 2121 6822 159270.281 -26626.0566 118023.719
0 14 2120 6823 159261.891 -26605.2129 118036.938
0 14 2121 6823 159271.656 -26606.8438 118024.742
0 13 1038 3396 158782.203 -27116.2461 118524.555
0 13 1039 3396 158800.688 -27119.4043 118499.594
0 13 1038 3397 158778.969 -27076.9316 118522.141
0 13 1039 3397 158796.344 -27079.8965 118496.344
0 11 264 866 159161.281 -24480.373 118049.805
0 11 265 866 159257.203 -24495.125 117965.422
0 11 264 867 159140.828 -24321.8145 118034.625
0 11 265 867 159232.141 -24335.7715 117946.852
4 7 122 58 132110.344 -12420.6309 144530.984
4 7 123 58 133319.531 -12323.6533 143402.516
4 7 122 59 132157.453 -10165.958 144582.516
4 7 123 59 133344.453 -10084.874 143429.312
0 18 33846 108896 159196.562 -26933.7715 118087.508
0 18 33847 108896 159197.188 -26933.8789 118086.758
0 18 33846 108897 159196.672 -26932.5762 118087.586
0 18 33847 108897 159197.328 -26932.6875 118086.859
0 15 4212 13608 159113.688 -26954.3496 118203.875
0 15 4213 13608 159118.562 -26955.1738 118197.781
0 15 4212 13609 159114.062 -26944.6992 118204.156
0 15 4213 13609 159119.703 -26945.6562 118198.633
0 6 4 6 127926.453 -101941.383 109936.789
0 6 5 6 129545.469 -103231.555 107279.844
0 6 4 7 129360.43 -99041.5781 111169.117
0 6 5 7 131078.062 -100356.633 108549.016
0 18 33872 108922 159212.641 -26904.9082 118067.844
0 18 33873 108922 159213.172 -26905 118067.023
0 18 33872 108923 159212.766 -26903.7148 118067.938
0 18 33873 108923 159213.297 -26903.8066 118067.117
0 12 508 1698 158328.953 -27019.5156 119017.289
0 12 509 1698 158377.891 -27027.8691 118976.758
0 12 508 1699 158332.719 -26942.8496 119020.133
0 12 509 1699 158379.109 -26950.7402 118977.664
0 18 33850 108920 159200.422 -26905.2734 118085.5
0 18 33851 108920 159201.141 -26905.3945 118084.828
0 18 33850 108921 159200.578 -26904.0879 118085.625
0 18 33851 108921 159201.297 -26904.207 118084.938
0 15 4212 13614 159119.562 -26897.0723 118208.234
0 15 4213 13614 159125.078 -26898.0039 118202.625
0 15 4212 13615 159120.984 -26887.5996 118209.297
0 15 4213 13615 159126.891 -26888.5996 118203.969
0 11 248 838 157787.125 -28583.5059 119496.008
0 11 249 838 157875.078 -28599.4414 119408.445
0 11 248 839 157800.047 -28431.7461 119505.797
0 11 249 839 157885.406 -28447.127 119416.258
0 14 2108 6790 159099.359 -27218.9629 118149.531
0 14 2109 6790 159107.359 -27220.332 118136.039
0 14 2108 6791 159100.109 -27199.6699 118150.086
0 14 2109 6791 159109.109 -27201.209 118137.344
0 11 246 856 157565.078 -25773.584 119635.586
0 11 247 856 157647.516 -25787.0684 119544.234
0 11 246 857 157566.594 -25619.959 119636.75
0 11 247 857 157650.203 -25633.5547 119546.273
0 12 510 1706 158403.562 -26413.4863 118918.695
0 12 511 1706 158439.656 -26419.502 118868.422
0 12 510 1707 158387.797 -26333.5195 118906.859
0 12 511 1707 158427.922 -26340.1895 118859.617
0 8 48 98 166841.375 -38451.7227 103624.133
0 8 49 98 167401.344 -38580.7812 102664.102
0 8 48 99 167022.609 -37188.6289 103736.695
0 8 49 99 167600.969 -37317.4023 102786.531
0 14 2100 6794 159028.125 -27129.1289 118251.938
0 14 2101 6794 159037.406 -27130.7109 118239.414
0 14 2100 6795 159026.969 -27109.5156 118251.062
0 14 2101 6795 159035.562 -27110.9824 118238.055
0 16 8466 27210 159204.109 -27001.2461 118069.414
0 16 8467 27210 159206.516 -27001.6543 118066.344
0 16 8466 27211 159204.438 -26996.4434 118069.664
0 16 8467 27211 159206.734 -26996.834 118066.5
0 8 14 94 146213.047 -38266.6953 129649.844
0 8 15 94 146856.859 -38435.1953 129073.422
0 8 14 95 146228.688 -37128.3789 129663.719
0 8 15 95 146904.062 -37299.8594 129114.906
0 19 67704 217814 159200.828 -26921.4375 118083.695
0 19 67705 217814 159201.156 -26921.4922 118083.328
0 19 67704 217815 159200.828 -26920.8301 118083.688
0 19 67705 217815 159201.156 -26920.8828 118083.32
0 12 508 1700 158330.469 -26865.1523 119018.43
0 12 509 1700 158371.266 -26872.0781 118971.773
0 12 508 1701 158340.359 -26789.5195 119025.867
0 12 509 1701 158377.328 -26795.7734 118976.328
0 13 1056 3386 159137.688 -27565.4785 118090.586
0 13 1057 3386 159154.406 -27568.3711 118064.117
0 13 1056 3387 159138.266 -27526.7227 118091
0 13 1057 3387 159155.844 -27529.7656 118065.195
0 6 16 12 158443 -96551.1953 76745.8203
0 6 17 12 160047.672 -97529.0547 72521.6016
0 6 16 13 160281.906 -92662.9766 77636.5469
0 6 17 13 161917.875 -93608.7656 73369.0312
0 10 128 440 158316.703 -22108.6816 118582.922
0 10 129 440 158487.031 -22132.4668 118400.961
0 10 128 441 158294.609 -21796.4258 118566.375
0 10 129 441 158477.25 -21821.5742 118393.656
0 11 268 866 159521.016 -24535.7031 117693.484
0 11 269 866 159614.906 -24550.1445 117606.883
0 11 268 867 159494.703 -24375.9004 117674.07
0 11 269 867 159592.953 -24390.9141 117590.703
0 7 30 62 177283.516 -4155.08252 92796.8438
0 7 31 62 178398.406 -4181.2124 90592.9375
0 7 30 63 177431.031 -1386.17993 92874.0625
0 7 31 63 178525.875 -1394.7334 90657.6719
0 11 256 834 158431.656 -29319.1387 118746.375
0 11 257 834 158503.875 -29332.5039 118645.719
0 11 256 835 158446.875 -29167.2227 118757.797
0 11 257 835 158508.078 -29178.4902 118648.867
0 17 16948 54462 159225.297 -26904.0117 118047.477
0 17 16949 54462 159226.312 -26904.1836 118045.789
0 17 16948 54463 159225.234 -26901.5723 118047.43
0 17 16949 54463 159226.25 -26901.7441 118045.75
0 10 114 414 156135.641 -29732.8613 121218.586
0 10 115 414 156326.875 -29769.2773 121061.727
0 10 114 415 156144.078 -29429.4961 121225.133
0 10 115 415 156314.656 -29461.6484 121052.273
0 13 1054 3386 159100.766 -27559.0801 118140.859
0 13 1055 3386 159120.672 -27562.5312 118116.805
0 13 1054 3387 159099.266 -27519.9805 118139.758
0 13 1055 3387 159119.203 -27523.4258 118115.711
3 5 30 16 131644.312 -145262.672 4539.4585
3 5 31 16 136647.516 -141055.5 4407.98438
3 5 30 17 131542.172 -145150 13607.8125
3 5 31 17 136624.891 -141032.141 13221.7627
4 6 62 42 131198.344 45166.6484 137650.734
4 6 63 42 133464.344 44488.1094 135582.812
4 6 62 43 130496.008 49203.4141 136913.844
4 6 63 43 132783.188 48476.4062 134890.875
0 13 1070 3416 159449.422 -26451.6289 117776.906
0 13 1071 3416 159467.609 -26454.6484 117751.414
0 13 1070 3417 159455.906 -26413.7773 117781.703
0 13 1071 3417 159472.094 -26416.4609 117754.727
0 12 548 1700 159927.344 -27136.1074 117095.242
0 12 549 1700 159959.406 -27141.5508 117040.609
0 12 548 1701 159930.094 -27058.4844 117097.258
0 12 549 1701 159963.328 -27064.1094 117043.492
0 11 252 862 158087.438 -24932.7344 119105.922
0 11 253 862 158191.203 -24949.1035 119029.617
0 11 252 863 158081.438 -24777.4121 119101.391
0 11 253 863 158175.375 -24792.1348 119017.695
1 4 10 0 -139735.812 -131002.328 43667.4414
1 4 11 0 -136292.047 -127773.797 59627.7773
1 4 10 1 -147448.516 -119801.914 46077.6602
1 4 11 1 -143641.781 -116708.945 62843.2773
4 6 50 30 98204.5547 -7962.53174 169867.344
4 6 51 30 102056.133 -7850.47168 167476.719
4 6 50 31 98186.0156 -2653.67603 169835.266
4 6 51 31 102061.727 -2616.96729 167485.906
0 8 20 90 149161.109 -43699.5469 125272.031
0 8 21 90 149691.781 -43855.0117 124548.242
0 8 20 91 149424.859 -42609.4297 125493.539
0 8 21 91 149953.359 -42760.1367 124765.875
0 12 544 1692 159751.281 -27730.2637 117278.344
0 12 545 1692 159792.875 -27737.4863 117230.859
0 12 544 1693 159752.328 -27652.4395 117279.109
0 12 545 1693 159784.422 -27657.998 117224.656
0 18 33842 108902 159194.078 -26926.0645 118090.523
0 18 33843 108902 159194.844 -26926.1934 118089.867
0 18 33842 108903 159194.109 -26924.8555 118090.539
0 18 33843 108903 159194.828 -26924.9766 118089.859
0 7 28 64 174594.938 1364.02295 96845.6328
0 7 29 64 176095.016 1375.74231 94926.2188
0 7 28 65 174163.125 4081.94824 96606.1094
0 7 29 65 175740.031 4118.90723 94734.8594
0 17 16910 54452 159182.609 -26921.0879 118108.117
0 17 16911 54452 159183.562 -26921.252 118106.406
0 17 16910 54453 159182.641 -26918.6641 118108.141
0 17 16911 54453 159183.672 -26918.8398 118106.477
0 17 16950 54452 159227.625 -26928.7031 118044.336
0 17 16951 54452 159228.516 -26928.8516 118042.57
0 17 16950 54453 159227.516 -26926.252 118044.266
0 17 16951 54453 159228.344 -26926.3965 118042.445
0 14 2114 6822 159211.484 -26616.2266 118116.188
0 14 2115 6822 159216.906 -26617.1328 118100.781
0 14 2114 6823 159210.25 -26596.5859 118115.273
0 14 2115 6823 159216.766 -26597.6719 118100.664
0 16 8472 27242 159228.516 -26849.8887 118058.367
0 16 8473 27242 159230.609 -26850.2422 118055.055
0 16 8472 27243 159229.344 -26845.1699 118058.977
0 16 8473 27243 159231.516 -26845.5352 118055.734
0 12 544 1712 159847.547 -26185.9629 117349.016
0 12 545 1712 159893.484 -26193.4863 117304.672
0 12 544 1713 159852.234 -26108.6797 117352.469
0 12 545 1713 159902.828 -26116.9395 117311.523
0 18 33878 108900 159214.5 -26931.9492 118061.945
0 18 33879 108900 159215.078 -26932.0449 118061.141
0 18 33878 108901 159214.453 -26930.7246 118061.898
0 18 33879 108901 159215.031 -26930.8223 118061.125
0 11 246 840 157653.438 -28251.3711 119702.688
0 11 247 840 157732.625 -28265.5625 119608.773
0 11 246 841 157654.594 -28097.6191 119703.562
0 11 247 841 157740.5 -28112.9316 119614.742
5 4 4 10 77045.4609 55032.4727 -176103.906
5 4 5 10 57481.3672 57481.3672 -183940.391
5 4 4 11 74378.125 74378.125 -170007.141
5 4 5 11 55428.1016 77599.3359 -177369.922
0 8 24 120 152736.578 -8949.40918 123501.844
0 8 25 120 153373.516 -8986.72852 122818.633
0 8 24 121 152655.953 -7752.06055 123436.656
0 8 25 121 153279.641 -7783.73145 122743.461
0 11 244 852 157411.172 -26363.2969 119826.188
0 11 245 852 157500.594 -26378.2715 119740.445
0 11 244 853 157411.578 -26209.6426 119826.484
0 11 245 853 157493.375 -26223.2617 119734.945
4 7 120 52 129051.625 -26267.1465 146182.375
4 7 121 52 130324.508 -26064.9023 145056.844
4 7 120 53 129149.242 -24001.1875 146292.953
4 7 121 53 130441.352 -23819.7246 145186.891
0 18 33874 108896 159212.531 -26936.4746 118065.336
0 18 33875 108896 159213.094 -26936.5703 118064.539
0 18 33874 108897 159212.484 -26935.25 118065.297
0 18 33875 108897 159213.031 -26935.3438 118064.5
0 14 2128 6794 159298.266 -27175.2109 117908.32
0 14 2129 6794 159309.828 -27177.1836 117897.445
0 14 2128 6795 159299.219 -27155.9258 117909.031
0 14 2129 6795 159310.578 -27157.8652 117897.992
0 19 67728 217832 159208.016 -26911.7207 118074.445
0 19 67729 217832 159208.25 -26911.7598 118074
0 19 67728 217833 159208.062 -26911.123 118074.484
0 19 67729 217833 159208.312 -26911.1621 118074.055
0 13 1076 3398 159548.531 -27169.2148 117616.414
0 13 1077 3398 159564.656 -27171.959 117589.336
0 13 1076 3399 159551.344 -27130.7383 117618.477
0 13 1077 3399 159567.172 -27133.4316 117591.188
4 6 52 34 105489.055 12864.5186 164665.828
4 6 53 34 109088.516 12684.7119 162364.297
4 6 52 35 105235.688 17967.0684 164270.328
4 6 53 35 108860.148 17721.4199 162024.406
5 4 4 14 64654.3359 120072.344 -147781.344
5 4 5 14 47489.4141 123472.469 -151966.125
5 4 4 15 61637.5508 132080.453 -140885.828
5 4 5 15 44979.0547 134937.156 -143932.969
4 7 120 50 128791.43 -30773.1758 145887.641
4 7 121 50 130046.109 -30532.5664 144746.984
4 7 120 51 128921.547 -28522.4648 146035.016
4 7 121 51 130190.242 -28302.2266 144907.391
0 10 116 412 156455.531 -30404.9336 120855.789
0 10 117 412 156651.641 -30443.043 120701.32
0 10 116 413 156495.234 -30106.9922 120886.453
0 10 117 413 156659.469 -30138.5879 120707.352
0 18 33844 108898 159195.406 -26931.1484 118089.086
0 18 33845 108898 159196.109 -26931.2656 118088.383
0 18 33844 108899 159195.484 -26929.9453 118089.133
0 18 33845 108899 159196.172 -26930.0625 118088.43
0 19 67722 217832 159206.547 -26911.4727 118077
0 19 67723 217832 159206.797 -26911.5137 118076.578
0 19 67722 217833 159206.594 -26910.873 118077.039
0 19 67723 217833 159206.828 -26910.9121 118076.594
0 15 4252 13614 159292.484 -26926.3008 117947.797
0 15 4253 13614 159296.891 -26927.0469 117941.336
0 15 4252 13615 159292.484 -26916.5801 117947.797
0 15 4253 13615 159296.172 -26917.2031 117940.805
5 4 4 12 71346.2891 91730.9531 -163077.25
5 4 5 12 52945.0273 95301.0469 -169424.078
5 4 4 13 68003.6797 106862.938 -155437
5 4 5 13 50192.6328 110423.797 -160616.422
0 16 8452 27238 159181.156 -26861.3379 118120.406
0 16 8453 27238 159183.797 -26861.7793 118117.508
0 16 8452 27239 159181.828 -26856.5898 118120.898
0 16 8453 27239 159184.469 -26857.0352 118118
3 4 4 4 -72567.5078 -165868.594 -72567.5078
3 4 5 4 -53817.6016 -172216.328 -75344.6406
3 4 4 5 -75370.5703 -172275.594 -53836.125
3 4 5 5 -56121.3906 -179588.453 -56121.3906
0 19 67704 217816 159200.828 -26920.2227 118083.688
0 19 67705 217816 159201.156 -26920.2773 118083.32
0 19 67704 217817 159200.812 -26919.6113 118083.68
0 19 67705 217817 159201.141 -26919.668 118083.312
0 14 2098 6796 159007.781 -27086.8359 118275.625
0 14 2099 6796 159016.75 -27088.3633 118262.891
0 14 2098 6797 159009.094 -27067.6504 118276.602
0 14 2099 6797 159018.359 -27069.2246 118264.078
3 5 20 30 40087.668 -142533.922 129171.367
3 5 21 30 48436.1953 -140905.297 127695.422
3 5 20 31 38875.8594 -138225.281 133905.75
3 5 21 31 47016.9375 -136776.547 132502.281
0 11 276 838 159915.141 -28969.002 116734.93
0 11 277 838 159980.484 -28980.8379 116626.391
0 11 276 839 159955.672 -28820.1406 116764.516
0 11 277 839 160032.109 -28833.9102 116664.031
0 10 126 408 157849.766 -31909.084 118849.773
0 10 127 408 157949.062 -31929.1562 118616.047
0 10 126 409 157893.516 -31609.541 118882.719
0 10 127 409 158002.359 -31631.332 118656.062
0 12 542 1690 159690.891 -27875.7285 117389.969
0 12 543 1690 159713.094 -27879.6035 117328.297
0 12 542 1691 159688.469 -27797.334 117388.18
0 12 543 1691 159717.203 -27802.334 117331.312
0 19 67742 217814 159210.375 -26923.0527 118067.688
0 19 67743 217814 159210.641 -26923.0957 118067.273
0 19 67742 217815 159210.453 -26922.457 118067.734
0 19 67743 217815 159210.688 -26922.4941 118067.312
0 18 33844 108914 159195.422 -26911.7168 118089.094
0 18 33845 108914 159196.094 -26911.8301 118088.367
0 18 33844 108915 159195.531 -26910.5215 118089.164
0 18 33845 108915 159196.172 -26910.6309 118088.438
2 4 6 8 -37119.2617 197969.391 -12373.0869
2 4 7 8 -12562.5977 201001.562 -12562.5977
2 4 6 9 -36607.2305 195238.547 -36607.2305
2 4 7 9 -12376.4688 198023.5 -37129.4062
0 13 1076 3410 159565.109 -26704.5605 117628.625
0 13 1077 3410 159590.203 -26708.7598 117608.164
0 13 1076 3411 159567.422 -26665.9902 117630.32
0 13 1077 3411 159593.219 -26670.3027 117610.391
0 16 8484 27232 159246.172 -26901.4629 118013.125
0 16 8485 27232 159247.938 -26901.7637 118009.586
0 16 8484 27233 159246.359 -26896.6367 118013.281
0 16 8485 27233 159248.094 -26896.9297 118009.703
0 10 132 408 158685.953 -32078.1152 117619.758
0 10 133 408 158812.797 -32103.7578 117403.602
0 10 132 409 158745.5 -31780.1074 117663.898
0 10 133 409 158863.469 -31803.7207 117441.062
0 5 18 8 179825.453 -84293.1797 -28097.7305
0 5 19 8 177852.281 -83368.2578 -38905.1875
0 5 18 9 184012.219 -74754.9609 -28751.9082
0 5 19 9 181851.422 -73877.1406 -39779.9961
0 9 76 226 162513.891 -18727.1875 113950.164
0 9 77 226 162925.641 -18774.6348 113602.453
0 9 76 227 162477.984 -18088.3691 113924.992
0 9 77 227 162851.172 -18129.916 113550.531
0 18 33862 108924 159207.969 -26901.6934 118076.531
0 18 33863 108924 159208.422 -26901.7676 118075.648
0 18 33862 108925 159208.078 -26900.4941 118076.609
0 18 33863 108925 159208.531 -26900.5723 118075.734
0 15 4246 13602 159265.719 -27038.4258 117986.305
0 15 4247 13602 159269.578 -27039.084 117979.453
0 15 4246 13603 159266.328 -27028.8105 117986.766
0 15 4247 13603 159270.75 -27029.5625 117980.32
0 15 4248 13604 159276.016 -27020.7305 117974.492
0 15 4249 13604 159280 -27021.4082 117967.727
0 15 4248 13605 159276.656 -27011.1211 117974.969
0 15 4249 13605 159280.672 -27011.8008 117968.219
0 17 16910 54450 159182.625 -26925.9473 118108.125
0 17 16911 54450 159183.484 -26926.0938 118106.344
0 17 16910 54451 159182.609 -26923.5156 118108.125
0 17 16911 54451 159183.516 -26923.6699 118106.375
0 10 122 438 157278.984 -22578.1348 119648.758
0 10 123 438 157442.078 -22601.5488 119465.32
0 10 122 439 157261.5 -22268.4746 119635.453
0 10 123 439 157425.562 -22291.7051 119452.789
4 7 126 38 132752.312 -54162.9453 135938.375
4 7 127 38 134053.312 -53832.4336 135108.859
4 7 126 39 133316.75 -52260.1719 136516.359
4 7 127 39 134620.797 -51940.3086 135680.797
0 10 112 428 155629.875 -25381.043 121433.844
0 10 113 428 155792.656 -25407.5898 121256.594
0 10 112 429 155621.094 -25075.6641 121427
0 10 113 429 155778.438 -25101.0176 121245.523
1 4 12 6 -168401.609 -31575.3008 94725.8984
1 4 13 6 -159319.109 -29872.332 109531.883
1 4 12 7 -171313.156 -10707.0723 96363.6484
1 4 13 7 -161479.938 -10092.4961 111017.461
0 18 33864 108924 159208.875 -26901.8438 118074.773
0 18 33865 108924 159209.328 -26901.9199 118073.891
0 18 33864 108925 159208.984 -26900.6484 118074.859
0 18 33865 108925 159209.453 -26900.7266 118073.984
0 19 67742 217822 159210.922 -26918.2852 118068.102
0 19 67743 217822 159211.188 -26918.3281 118067.68
0 19 67742 217823 159210.984 -26917.6895 118068.133
0 19 67743 217823 159211.25 -26917.7324 118067.727
0 10 144 438 161270.312 -23151.1094 115755.539
0 10 145 438 161453.703 -23177.4355 115571.844
0 10 144 439 161260.828 -22834.7852 115748.734
0 10 145 439 161448.797 -22861.4023 115568.32
0 16 8446 27218 159163 -26955.416 118136.078
0 16 8447 27218 159164.609 -26955.6855 118132.398
0 16 8446 27219 159162.953 -26950.5508 118136.039
0 16 8447 27219 159164.609 -26950.8301 118132.406
0 6 20 16 172429.438 -83520.5078 61966.8242
0 6 21 16 173947.938 -84256.0312 57076.6641
0 6 20 17 174338.703 -78997.2188 62652.9648
0 6 21 17 175896.938 -79703.3047 57716.1836
0 17 16950 54458 159227.531 -26914.1074 118044.266
0 17 16951 54458 159228.531 -26914.2773 118042.578
0 17 16950 54459 159227.547 -26911.6836 118044.281
0 17 16951 54459 159228.562 -26911.8496 118042.594
3 5 22 24 66480.6719 -163644.734 86936.2656
3 5 23 24 75105.5312 -160225.141 85119.6016
3 5 22 25 64802.043 -159512.719 94710.6719
3 5 23 25 73302.4453 -156378.562 92849.7734
2 4 0 2 -122944.891 131141.219 90159.5859
2 4 1 2 -111985.938 137828.844 94757.3281
2 4 0 3 -127301.938 135788.734 76381.1641
2 4 1 3 -116389.75 143248.922 80577.5156
0 13 1058 3386 159174.062 -27571.7773 118039.852
0 13 1059 3386 159197.203 -27575.7871 118018.141
0 13 1058 3387 159173.453 -27532.8125 118039.406
0 13 1059 3387 159195.047 -27536.5449 118016.547
0 8 10 104 144110.906 -26457.8633 132289.312
0 8 11 104 144731.547 -26571.8066 131728.312
0 8 10 105 144155.531 -25339.8379 132330.266
0 8 11 105 144774.969 -25448.7227 131767.844
2 5 28 0 98038.5703 125489.367 121567.828
2 5 29 0 103219.469 122334.188 118511.242
2 5 28 1 100501.789 128642.289 116582.078
2 5 29 1 105632.578 125194.172 113457.211
0 16 8480 27238 159240.031 -26871.2695 118028.023
0 16 8481 27238 159242.203 -26871.6367 118024.773
0 16 8480 27239 159240.859 -26866.5488 118028.641
0 16 8481 27239 159243.109 -26866.9277 118025.445
0 8 16 92 147353.531 -40867.5781 128358.734
0 8 17 92 147978.797 -41040.9961 127747.328
0 8 16 93 147500.062 -39755.875 128486.383
0 8 17 93 148140.906 -39928.6016 127887.266
0 6 10 8 141974.078 -104262.219 95388.8359
0 6 11 8 143387.219 -105299.984 91857.4375
0 6 10 9 143466.938 -100875.188 96391.8438
0 6 11 9 144976.078 -101936.305 92875.3047
0 19 67706 217822 159201.516 -26916.6953 118082.984
0 19 67707 217822 159201.844 -26916.752 118082.617
0 19 67706 217823 159201.531 -26916.0898 118082.992
0 19 67707 217823 159201.859 -26916.1426 118082.625
0 15 4230 13596 159184.547 -27082.9414 118081.625
0 15 4231 13596 159189.422 -27083.7695 118075.523
0 15 4230 13597 159185.797 -27073.4395 118082.555
0 15 4231 13597 159190.016 -27074.1543 118075.969
0 13 1052 3386 159052.953 -27550.7988 118183.023
0 13 1053 3386 159076.453 -27554.8672 118161.641
0 13 1052 3387 159052.266 -27511.8496 118182.516
0 13 1053 3387 159076.188 -27515.9863 118161.453
0 9 66 228 158809.5 -17059.6133 117556.258
0 9 67 228 159152.672 -17096.4785 117188.578
0 9 66 229 158776.781 -16435.8789 117532.031
0 9 67 229 159134.422 -16472.8984 117175.148
0 17 16936 54438 159210.891 -26959.8809 118065.938
0 17 16937 54438 159212.281 -26960.1191 118064.547
0 17 16936 54439 159211.062 -26957.4824 118066.078
0 17 16937 54439 159212.469 -26957.7188 118064.68
0 8 10 102 144039.109 -28695.291 132223.391
0 8 11 102 144667.125 -28820.4062 131669.688
0 8 10 103 144076.188 -27577.0859 132257.438
0 8 11 103 144705.188 -27697.4785 131704.328
0 17 16914 54442 159185.984 -26945.9492 118100.906
0 17 16915 54442 159187.188 -26946.1523 118099.383
0 17 16914 54443 159186.016 -26943.5254 118100.93
0 17 16915 54443 159187.203 -26943.7266 118099.391
0 18 33842 108910 159193.984 -26916.334 118090.453
0 18 33843 108910 159194.656 -26916.4453 118089.742
0 18 33842 108911 159194 -26915.1191 118090.453
0 18 33843 108911 159194.641 -26915.2305 118089.719
0 15 4252 13616 159292.781 -26906.9102 117948.031
0 15 4253 13616 159296.156 -26907.4785 117940.805
0 15 4252 13617 159293.281 -26897.2695 117948.398
0 15 4253 13617 159297.266 -26897.9395 117941.609
0 7 20 68 162090.547 11396.9922 110170.914
0 7 21 68 163438.578 11491.7754 108533.43
0 7 20 69 161851.281 13909.0938 110008.281
0 7 21 69 163140.812 14019.9141 108335.695
0 11 282 858 160721.656 -25976.0098 116381.945
0 11 283 858 160793.297 -25987.5898 116276.789
0 11 282 859 160707.359 -25816.7598 116371.586
0 11 283 859 160786.672 -25829.498 116272
0 18 33866 108892 159208.047 -26940.5723 118071.734
0 18 33867 108892 159208.625 -26940.6719 118070.945
0 18 33866 108893 159208.047 -26939.3594 118071.734
0 18 33867 108893 159208.625 -26939.4551 118070.938
0 19 67704 217812 159200.844 -26922.6562 118083.695
0 19 67705 217812 159201.141 -26922.7031 118083.312
0 19 67704 217813 159200.844 -26922.0469 118083.703
0 19 67705 217813 159201.156 -26922.0996 118083.328
0 13 1042 3412 158886.078 -26513.3379 118446.945
0 13 1043 3412 158910.922 -26517.4844 118426.664
0 13 1042 3413 158885.719 -26474.4863 118446.656
0 13 1043 3413 158911.812 -26478.8359 118427.328
0 16 8458 27210 159186.062 -26998.1855 118094.898
0 16 8459 27210 159188.219 -26998.5508 118091.633
0 16 8458 27211 159186.641 -26993.4258 118095.32
0 16 8459 27211 159188.797 -26993.791 118092.062
0 9 68 228 159508.859 -17134.7422 116827.789
0 9 69 228 159871.109 -17173.6523 116468.594
0 9 68 229 159472.547 -16507.9004 116801.18
0 9 69 229 159817.969 -16543.6582 116429.891
0 14 2134 6814 159374.891 -26799.1855 117848.32
0 14 2135 6814 159386.234 -26801.0918 117837.25
0 14 2134 6815 159376.891 -26780.0645 117849.797
0 14 2135 6815 159386.203 -26781.6289 117837.219
0 11 262 866 158986.578 -24453.502 118230.742
0 11 263 866 159071.531 -24466.5664 118138.562
0 11 262 867 158956.281 -24293.6113 118208.211
0 11 263 867 159051.828 -24308.2129 118123.945
4 6 52 16 97576.0703 -73777.0234 152313.859
4 6 53 16 101094.445 -72882.0391 150466.141
4 6 52 17 98513.5078 -69680.2891 153777.188
4 6 53 17 102035.805 -68814.8438 151867.234
0 18 33878 108918 159215.5 -26910.252 118062.68
0 18 33879 108918 159216.062 -26910.3457 118061.883
0 18 33878 108919 159215.578 -26909.0488 118062.734
0 18 33879 108919 159216.125 -26909.1426 118061.93
0 15 4252 13612 159292.938 -26945.8223 117948.133
0 15 4253 13612 159296.984 -26946.5078 117941.406
0 15 4252 13613 159292.828 -26936.082 117948.055
0 15 4253 13613 159297.203 -26936.8223 117941.578
0 8 50 112 170074.547 -20594.9648 102974.82
0 8 51 112 170689.828 -20669.4727 102013.844
0 8 50 113 170196.047 -19280.0195 103048.383
0 8 51 113 170805.031 -19349.0078 102082.695
0 13 1038 3406 158785.375 -26729.1289 118526.93
0 13 1039 3406 158807.938 -26732.9277 118504.992
0 13 1038 3407 158783.531 -26690.0527 118525.555
0 13 1039 3407 158807.5 -26694.084 118504.664
0 17 16910 54454 159182.719 -26916.2461 118108.195
0 17 16911 54454 159183.797 -26916.4316 118106.578
0 17 16910 54455 159182.797 -26913.834 118108.273
0 17 16911 54455 159183.938 -26914.0254 118106.672
0 15 4226 13628 159193.391 -26773.5234 118127.062
0 15 4227 13628 159197.25 -26774.1719 118120.203
0 15 4226 13629 159194.641 -26764.0137 118127.984
0 15 4227 13629 159198.797 -26764.7129 118121.352
0 19 67738 217828 159210.281 -26914.5332 118070.055
0 19 67739 217828 159210.547 -26914.5762 118069.641
0 19 67738 217829 159210.328 -26913.9355 118070.094
0 19 67739 217829 159210.578 -26913.9766 118069.656
0 10 150 420 161677.953 -28893.6191 114153.477
0 10 151 420 161819.203 -28918.8594 113937.148
0 10 150 421 161698.625 -28581.4961 114168.07
0 10 151 421 161825.75 -28603.9668 113941.766
0 13 1040 3392 158825.125 -27278.6797 118479.039
0 13 1041 3392 158846.047 -27282.2734 118455.875
0 13 1040 3393 158825.188 -27239.916 118479.086
0 13 1041 3393 158846.266 -27243.5293 118456.031
0 12 508 1696 158312.281 -27171.2734 119004.758
0 12 509 1696 158365.562 -27180.418 118967.492
0 12 508 1697 158321.844 -27095.6094 119011.953
0 12 509 1697 158372.719 -27104.3164 118972.867
0 8 12 96 144960.219 -35673.8008 130803.945
0 8 13 96 145625.594 -35837.5469 130266.641
0 8 12 97 145025.391 -34556.832 130862.75
0 8 13 97 145649.266 -34705.4883 130287.812
2 5 30 4 117705.898 129882.367 93352.9531
2 5 31 4 122332.266 126278.469 90762.6484
2 5 30 5 120148.453 132577.609 87004.0469
2 5 31 5 124742.742 128766.703 84503.1484
0 15 4228 13596 159174.188 -27081.1816 118093.375
0 15 4229 13596 159179.734 -27082.125 118087.781
0 15 4228 13597 159174.953 -27071.5957 118093.945
0 15 4229 13597 159180.859 -27072.5977 118088.602
0 12 546 1710 159929.016 -26355.4902 117252.648
0 12 547 1710 159962.438 -26360.9961 117199.039
0 12 546 1711 159936.344 -26278.6055 117258.023
0 12 547 1711 159974.578 -26284.8867 117207.938
0 17 16916 54464 159190.469 -26893.2695 118099.375
0 17 16917 54464 159191.656 -26893.4707 118097.836
0 17 16916 54465 159190.906 -26890.9141 118099.711
0 17 16917 54465 159192 -26891.0996 118098.086
4 7 120 54 129264.352 -21734.7129 146423.328
4 7 121 54 130551.438 -21569.3672 145309.422
4 7 120 55 129379.016 -19464.0996 146553.219
4 7 121 55 130657.141 -19314.5332 145427.078
0 9 44 210 151598.266 -26944.2227 125246.227
0 9 45 210 151952.141 -27007.1191 124945.016
0 9 44 211 151629.625 -26357.4922 125272.125
0 9 45 211 151959.703 -26414.8691 124951.242
0 13 1066 3418 159378.609 -26362.0645 117880.242
0 13 1067 3418 159398.109 -26365.2871 117855.75
0 13 1066 3419 159384.297 -26324.0918 117884.453
0 13 1067 3419 159402.812 -26327.1484 117859.234
0 12 508 1702 158340.922 -26712.2988 119026.297
0 12 509 1702 158383.203 -26719.4336 118980.734
0 12 508 1703 158339.594 -26634.7617 119025.297
0 12 509 1703 158383.891 -26642.2109 118981.25
0 13 1042 3390 158862.516 -27362.6719 118429.375
0 13 1043 3390 158887.688 -27367.0078 118409.344
0 13 1042 3391 158863.547 -27324.0645 118430.133
0 13 1043 3391 158884.984 -27327.75 118407.328
0 17 16914 54462 159187.359 -26897.6035 118101.93
0 17 16915 54462 159188.594 -26897.8105 118100.422
0 17 16914 54463 159187.688 -26895.2285 118102.18
0 17 16915 54463 159188.875 -26895.4277 118100.617
3 4 2 6 -109423.477 -159161.422 -29842.7676
3 4 3 6 -94703.2734 -168361.375 -31567.7578
3 4 2 7 -110815.055 -161185.516 -10074.0947
3 4 3 7 -96176.4141 -170980.297 -10686.2686
0 19 67722 217800 159205.266 -26930.6895 118076.039
0 19 67723 217800 159205.516 -26930.7324 118075.617
0 19 67722 217801 159205.281 -26930.084 118076.062
0 19 67723 217801 159205.516 -26930.127 118075.625
0 9 70 196 159163.922 -36993.1797 115331.672
0 9 71 196 159454.719 -37060.7617 114919.508
0 9 70 197 159242.281 -36389.3516 115388.445
0 9 71 197 159539.328 -36457.2266 114980.492
0 14 2120 6790 159218.234 -27239.3008 118004.57
0 14 2121 6790 159229.422 -27241.2168 117993.438
0 14 2120 6791 159222.656 -27220.6211 118007.859
0 14 2121 6791 159233.016 -27222.3945 117996.094
0 14 2122 6822 159279.953 -26627.6719 118011.43
0 14 2123 6822 159290.125 -26629.373 117999.523
0 14 2122 6823 159281.312 -26608.457 118012.445
0 14 2123 6823 159290.219 -26609.9453 117999.602
4 6 58 40 122305.844 39230.1758 147690.078
4 6 59 40 125023.508 38643.6328 145481.906
4 6 58 41 121676.438 43619.8555 146930.047
4 6 59 41 124407.367 42977.0898 144764.938
0 16 8482 27236 159242.469 -26881.4004 118020.109
0 16 8483 27236 159244.453 -26881.7344 118016.727
0 16 8482 27237 159243.391 -26876.6953 118020.789
0 16 8483 27237 159245.422 -26877.0371 118017.438
0 9 84 218 164919.25 -24158.0938 110483.016
0 9 85 218 165192.781 -24198.1602 110020.969
0 9 84 219 164987.344 -23523.5859 110528.633
0 9 85 219 165276.109 -23564.7578 110076.477
0 18 33860 108924 159207.031 -26901.5312 118078.266
0 18 33861 108924 159207.484 -26901.6074 118077.391
0 18 33860 108925 159207.156 -26900.3398 118078.359
0 18 33861 108925 159207.609 -26900.416 118077.477
0 19 67740 217826 159210.672 -26915.8145 118069.125
0 19 67741 217826 159210.922 -26915.8574 118068.703
0 19 67740 217827 159210.75 -26915.2188 118069.18
0 19 67741 217827 159210.984 -26915.2598 118068.75
3 4 0 8 -133934.703 -142863.688 8928.98047
3 4 1 8 -123544.281 -152054.5 9503.40625
3 4 0 9 -133601.984 -142508.781 26720.3965
3 4 1 9 -123236.594 -151675.797 28439.2148
0 15 4232 13596 159194.391 -27084.6152 118069.5
0 15 4233 13596 159199.656 -27085.5117 118063.68
0 15 4232 13597 159194.969 -27074.998 118069.922
0 15 4233 13597 159200.141 -27075.8789 118064.039
0 9 80 202 162529.422 -33966.1094 111421.531
0 9 81 202 162831.641 -34029.2695 110992.672
0 9 80 203 162642.547 -33354.4297 111499.102
0 9 81 203 162923.781 -33412.1016 111055.461
4 7 120 48 128563.398 -35269.6055 145629.344
4 7 121 48 129830.875 -34997.8867 144507.406
4 7 120 49 128669.984 -33021.5 145750.078
4 7 121 49 129944.344 -32768.5742 144633.703
0 11 270 866 159705.734 -24564.1152 117517.844
0 11 271 866 159797.672 -24578.2539 117429.43
0 11 270 867 159682.578 -24404.6133 117500.805
0 11 271 867 159769.781 -24417.9414 117408.953
0 18 33876 108920 159214.594 -26907.668 118064.438
0 18 33877 108920 159215.125 -26907.7578 118063.617
0 18 33876 108921 159214.688 -26906.4727 118064.508
0 18 33877 108921 159215.234 -26906.5625 118063.695
0 15 4248 13624 159281.594 -26827.2461 117978.633
0 15 4249 13624 159286.188 -26828.0195 117972.305
0 15 4248 13625 159282.625 -26817.6953 117979.391
0 15 4249 13625 159287.047 -26818.4414 117972.945
0 12 548 1706 159966.844 -26674.1582 117124.156
0 12 549 1706 160000.766 -26679.8145 117070.875
0 12 548 1707 159965.797 -26595.8789 117123.398
0 12 549 1707 159997.844 -26601.2051 117068.734
0 10 116 434 156259.547 -23652.5684 120704.406
0 10 117 434 156455.266 -23682.1914 120550
0 10 116 435 156242.781 -23344.8672 120691.438
0 10 117 435 156429.688 -23372.7949 120530.297
0 12 518 1714 158713.688 -25845.2227 118531.531
0 12 519 1714 158759.938 -25852.752 118488.555
0 12 518 1715 158715.156 -25767.9648 118532.633
0 12 519 1715 158762.922 -25775.7188 118490.781
4 7 124 40 131249.562 -50981.2383 138842.516
4 7 125 40 132583.766 -50662.0898 137973.359
4 7 124 41 131874.844 -49044.3672 139503.969
4 7 125 41 133240.531 -48746.5391 138656.812
0 8 38 90 159388.75 -46695.9219 111447.602
0 8 39 90 159924.656 -46852.9258 110572.906
0 8 38 91 159630.094 -45519.5195 111616.352
0 8 39 91 160184.141 -45677.5078 110752.305
4 6 50 20 93736.8516 -58268.8555 162139.422
4 6 51 20 97566.5625 -57539.2539 160109.234
4 6 50 21 94554.1094 -53665.8477 163553.047
4 6 51 21 98401.8047 -52985.5898 161479.891
0 12 526 1684 159034.734 -28227.1094 118150.07
0 12 527 1684 159069.438 -28233.2715 118098.18
0 12 526 1685 159038.344 -28150.0957 118152.75
0 12 527 1685 159081.672 -28157.7656 118107.266
0 11 268 834 159313.016 -29482.2422 117540.016
0 11 269 834 159369.406 -29492.6777 117425.984
0 11 268 835 159323.312 -29328.5586 117547.625
0 11 269 835 159386.766 -29340.2402 117438.773
0 19 67720 217800 159204.797 -26930.6113 118076.914
0 19 67721 217800 159205.031 -26930.6484 118076.469
0 19 67720 217801 159204.828 -26930.0098 118076.93
0 19 67721 217801 159205.047 -26930.0449 118076.492
2 4 2 4 -107532.297 156410.609 68429.6406
2 4 3 4 -92506.3594 164455.75 71949.3906
2 4 2 5 -110933.875 161358.359 50424.4883
2 4 3 5 -95714.9922 170159.984 53174.9961
0 16 8460 27242 159201.359 -26845.3105 118096.531
0 16 8461 27242 159203.547 -26845.6797 118093.289
0 16 8460 27243 159201.625 -26840.4941 118096.719
0 16 8461 27243 159203.766 -26840.8594 118093.461
0 17 16932 54470 159211.031 -26882.1641 118075.766
0 17 16933 54470 159212.094 -26882.3457 118074.133
0 17 16932 54471 159211.125 -26879.7539 118075.836
0 17 16933 54471 159212.25 -26879.9434 118074.234
0 19 67712 217802 159202.906 -26929.0762 118080.367
0 19 67713 217802 159203.172 -26929.1191 118079.945
0 19 67712 217803 159202.953 -26928.4785 118080.398
0 19 67713 217803 159203.203 -26928.5195 118079.977
0 8 42 92 162139.688 -44968.4297 108304.25
0 8 43 92 162717.594 -45128.707 107419.039
0 8 42 93 162370.141 -43763.8281 108458.18
0 8 43 93 162925.188 -43913.4258 107556.086
0 18 33866 108924 159209.797 -26902.002 118073.031
0 18 33867 108924 159210.281 -26902.082 118072.18
0 18 33866 108925 159209.906 -26900.8047 118073.102
0 18 33867 108925 159210.391 -26900.8867 118072.25
0 15 4220 13598 159139.672 -27055.8809 118145.469
0 15 4221 13598 159144.375 -27056.6797 118139.242
0 15 4220 13599 159140.531 -27046.3145 118146.109
0 15 4221 13599 159145.344 -27047.1328 118139.977
0 9 44 208 151623.828 -28133.3281 125267.344
0 9 45 208 151961.656 -28196.0117 124952.852
0 9 44 209 151617.594 -27539.9141 125262.188
0 9 45 209 151954.703 -27601.1484 124947.117
0 10 150 432 162171.062 -25180.8594 114501.633
0 10 151 432 162311.391 -25202.6484 114283.711
0 10 150 433 162197.828 -24868.2207 114520.539
0 10 151 433 162348.469 -24891.3184 114309.812
0 9 64 228 158135.953 -16987.2598 118293.102
0 9 65 228 158483.625 -17024.6074 117934.102
0 9 64 229 158091.594 -16364.9502 118259.914
0 9 65 229 158431 -16400.0859 117894.945
0 5 18 16 197578.391 6174.32471 -30871.623
0 5 19 16 194950.219 6092.19434 -42645.3594
0 5 18 17 197355.547 18502.082 -30836.8027
0 5 19 17 193360.656 18127.5605 -42297.6406
0 17 16946 54444 159223.719 -26947.4766 118051.156
0 17 16947 54444 159224.938 -26947.6855 118049.641
0 17 16946 54445 159223.391 -26944.9941 118050.914
0 17 16947 54445 159224.703 -26945.2129 118049.461
0 16 8452 27212 159173.516 -26986.3438 118114.734
0 16 8453 27212 159175.797 -26986.7305 118111.578
0 16 8452 27213 159174.031 -26981.5703 118115.109
0 16 8453 27213 159176.234 -26981.9473 118111.891
0 13 1052 3418 159113.703 -26318.2461 118228.164
0 13 1053 3418 159130.453 -26321.0176 118201.758
0 13 1052 3419 159105.875 -26278.1074 118222.352
0 13 1053 3419 159125.906 -26281.416 118198.375
2 4 4 6 -80237.4688 183399.922 34387.4883
2 4 5 6 -59267.75 189656.797 35560.6484
2 4 4 7 -80976.375 185088.859 11568.0537
2 4 5 7 -60697.332 194231.469 12139.4668
0 15 4216 13622 159145.219 -26823.6992 118188.438
0 15 4217 13622 159149.203 -26824.373 118181.688
0 15 4216 13623 159145.297 -26814 118188.5
0 15 4217 13623 159149.562 -26814.7207 118181.961
0 7 8 68 147509.594 10371.7686 127918.484
0 7 9 68 148665.828 10453.0654 126598.234
0 7 8 69 147379.469 12665.4229 127805.633
0 7 9 69 148515.219 12763.0264 126469.992
0 12 542 1714 159747.5 -26013.5684 117431.578
0 12 543 1714 159798.375 -26021.8535 117390.945
0 12 542 1715 159742.141 -25934.6992 117427.641
0 12 543 1715 159793.125 -25942.9766 117387.094
0 18 33848 108894 159197.562 -26936.3711 118085.82
0 18 33849 108894 159198.156 -26936.4707 118085.055
0 18 33848 108895 159197.688 -26935.1777 118085.914
0 18 33849 108895 159198.297 -26935.2793 118085.141
0 9 48 200 153073.297 -33185.8125 124073.078
0 9 49 200 153401.938 -33257.0625 123740.227
0 9 48 201 153031.672 -32579.0098 124039.344
0 9 49 201 153410 -32659.5508 123746.734
0 8 10 106 144195.219 -24220.293 132366.719
0 8 11 106 144798.375 -24321.6016 131789.141
0 8 10 107 144235.938 -23100.2871 132404.094
0 8 11 107 144815.594 -23193.123 131804.812
2 4 8 12 10974.9102 175598.562 -98774.1875
2 4 9 12 32545.6777 173576.953 -97637.0312
2 4 8 13 10377.8516 166045.625 -114156.375
2 4 9 13 30810.873 164324.656 -112973.203
5 4 6 2 30720.0156 -112640.055 -163840.078
5 4 7 2 10387.9795 -114267.781 -166207.672
5 4 6 3 32452.8809 -97358.6406 -173082.031
5 4 7 3 10964.1758 -98677.5859 -175426.812
0 12 538 1716 159581.875 -25830.7598 117621.516
0 12 539 1716 159620.438 -25837.002 117571.992
0 12 538 1717 159586 -25753.502 117624.539
0 12 539 1717 159627.359 -25760.1758 117577.086
0 6 10 42 156357.141 51304.6836 105052.453
0 6 11 42 158504.047 52009.1406 101541.664
0 6 10 43 155294.578 55808.9922 104338.539
0 6 11 43 157411.281 56569.6758 100841.602
0 9 84 208 164180.406 -30463.1602 109988.039
0 9 85 208 164470.141 -30516.9219 109539.688
0 9 84 209 164251.938 -29834.8242 110035.961
0 9 85 209 164530.578 -29885.4355 109579.938
0 12 524 1684 158949.938 -28212.0605 118242.297
0 12 525 1684 158990.062 -28219.1816 118194.523
0 12 524 1685 158948.422 -28134.1797 118241.164
0 12 525 1685 158991.844 -28141.8652 118195.836
0 10 140 440 160512.203 -22415.2793 116465.398
0 10 141 440 160679.734 -22438.6758 116273.133
0 10 140 441 160508.938 -22101.3281 116463.031
0 10 141 441 160676.312 -22124.373 116270.648
0 16 8444 27224 159160.031 -26925.7676 118143.578
0 16 8445 27224 159161.625 -26926.0391 118139.914
0 16 8444 27225 159160.109 -26920.9277 118143.648
0 16 8445 27225 159161.688 -26921.1914 118139.961
0 16 8468 27210 159208.953 -27002.0684 118063.281
0 16 8469 27210 159211.422 -27002.4863 118060.266
0 16 8468 27211 159209.062 -26997.2285 118063.375
0 16 8469 27211 159211.484 -26997.6387 118060.312
0 15 4240 13598 159237.703 -27072.5508 118023.875
0 15 4241 13598 159242.688 -27073.3965 118017.836
0 15 4240 13599 159238.578 -27062.9785 118024.523
0 15 4241 13599 159244 -27063.8984 118018.805
0 11 276 864 160209.406 -24954.4922 116949.734
0 11 277 864 160297.016 -24968.1387 116857.148
0 11 276 865 160218.562 -24799.4531 116956.422
0 11 277 865 160302.688 -24812.4785 116861.289
0 17 16934 54470 159213.234 -26882.5391 118072.547
0 17 16935 54470 159214.422 -26882.7383 118070.992
0 17 16934 54471 159213.438 -26880.1426 118072.688
0 17 16935 54471 159214.641 -26880.3438 118071.148
0 9 50 222 153525.766 -20090.2852 123240.406
0 9 51 222 153846.188 -20132.2168 122896.664
0 9 50 223 153507.547 -19488.2617 123225.789
0 9 51 223 153848.422 -19531.5391 122898.445
0 11 250 836 157973.328 -28925.7793 119328.484
0 11 251 836 158054.562 -28940.6562 119235.508
0 11 250 837 157963.219 -28769.668 119320.852
0 11 251 837 158041.094 -28783.8496 119225.336
0 14 2102 6792 159046.594 -27171.1074 118226.828
0 14 2103 6792 159055.312 -27172.5957 118213.898
0 14 2102 6793 159046.328 -27151.6465 118226.641
0 14 2103 6793 159056.219 -27153.3359 118214.57
0 13 1044 3414 158934.5 -26443.8125 118405.422
0 13 1045 3414 158957.906 -26447.707 118384.055
0 13 1044 3415 158933.234 -26404.8027 118404.477
0 13 1045 3415 158959.031 -26409.0879 118384.891
0 5 12 26 165377 108528.656 36176.2148
0 5 13 26 166944.219 109557.141 26085.0332
0 5 12 27 161056.422 115759.305 35231.0898
0 5 13 27 162401.5 116726.07 25375.2344
0 12 546 1694 159821.859 -27586.4375 117174.078
0 12 547 1694 159857.812 -27592.6465 117122.383
0 12 546 1695 159824.969 -27508.9355 117176.359
0 12 547 1695 159864.766 -27515.7852 117127.484
0 17 16912 54444 159183.516 -26940.6738 118103.945
0 17 16913 54444 159184.797 -26940.8887 118102.453
0 17 16912 54445 159183.625 -26938.2617 118104.016
0 17 16913 54445 159184.844 -26938.4688 118102.5
0 9 70 228 160209.859 -17210.043 116089.562
0 9 71 228 160603.938 -17252.377 115747.758
0 9 70 229 160175.281 -16580.6445 116064.508
0 9 71 229 160562.109 -16620.6895 115717.617
0 9 48 220 152870.906 -21198.8945 123909.031
0 9 49 220 153187.109 -21242.7441 123566.953
0 9 48 221 152866.125 -20601.0996 123905.164
0 9 49 221 153201.828 -20646.3398 123578.812
0 14 2112 6822 159196.25 -26613.6816 118143.758
0 14 2113 6822 159203.375 -26614.8711 118129.609
0 14 2112 6823 159196.297 -26594.2578 118143.797
0 14 2113 6823 159204.328 -26595.5977 118130.312
0 12 528 1684 159107.188 -28239.9727 118048.523
0 12 529 1684 159157.734 -28248.9434 118008.305
0 12 528 1685 159122.984 -28165.0781 118060.242
0 12 529 1685 159165.203 -28172.5508 118013.844
0 19 67730 217832 159208.5 -26911.8008 118073.578
0 19 67731 217832 159208.75 -26911.8457 118073.172
0 19 67730 217833 159208.547 -26911.2012 118073.617
0 19 67731 217833 159208.781 -26911.2422 118073.188
0 17 16930 54470 159209.016 -26881.8262 118079.133
0 17 16931 54470 159210 -26881.9922 118077.43
0 17 16930 54471 159209.016 -26879.3984 118079.141
0 17 16931 54471 159210.062 -26879.5762 118077.484
0 17 16920 54438 159193.312 -26956.9043 118091.773
0 17 16921 54438 159194.625 -26957.1289 118090.32
0 17 16920 54439 159193.375 -26954.4902 118091.82
0 17 16921 54439 159194.719 -26954.7168 118090.391
0 6 14 10 151510.609 -101796.188 82857.3672
0 6 15 10 153111.859 -102872.031 78948.3047
0 6 14 11 153318.062 -98219.3828 83845.8125
0 6 15 11 154963.578 -99273.5469 79903.1016
1 4 10 2 -155677.125 -107028.023 48649.1016
1 4 11 2 -151156.438 -103920.047 66130.9375
1 4 10 3 -163934.344 -92213.0703 51229.4844
1 4 11 3 -158659.562 -89246.0078 69413.5547
0 12 536 1686 159463.891 -28147.5566 117690.266
0 12 537 1686 159491.984 -28152.5137 117633.125
0 12 536 1687 159461.422 -28069.2598 117688.453
0 12 537 1687 159501.469 -28076.3086 117640.125
0 10 124 408 157585.625 -31855.6875 119266.461
0 10 125 408 157722.047 -31883.2637 119061.656
0 10 124 409 157623.062 -31555.3965 119294.797
0 10 125 409 157767.531 -31584.3223 119096
0 6 6 6 131229.375 -104573.414 104573.414
0 6 7 6 132957.781 -105950.734 101795.805
0 6 6 7 132798.859 -101674.125 105824.094
0 6 7 7 134597.469 -103051.18 103051.18
0 19 67720 217832 159206.047 -26911.3887 118077.828
0 19 67721 217832 159206.297 -26911.4297 118077.414
0 19 67720 217833 159206.078 -26910.7852 118077.859
0 19 67721 217833 159206.328 -26910.8262 118077.438
4 5 24 28 77463.1797 113916.438 145813.047
4 5 25 28 84447.4375 111115.047 142227.266
4 5 24 29 75440 119816.477 142004.703
4 5 25 29 82929.9766 117847.859 139671.547
0 8 10 100 143945.234 -30925.7344 132137.234
0 8 11 100 144560.469 -31057.9141 131572.625
0 8 10 101 143977.219 -29807.7871 132166.594
0 8 11 101 144585.281 -29933.6699 131595.188
0 8 42 120 164879.844 -9660.92871 110134.578
0 8 43 120 165642.656 -9705.625 109350.039
0 8 42 121 164771.391 -8367.29688 110062.133
0 8 43 121 165508.094 -8404.70801 109261.203
0 14 2136 6808 159381.953 -26917.1074 117814.625
0 14 2137 6808 159392.312 -26918.8574 117802.828
0 14 2136 6809 159384.266 -26898.043 117816.344
0 14 2137 6809 159394.391 -26899.752 117804.367
0 7 20 36 155788.5 -66940.375 105887.508
0 7 21 36 156841.422 -67392.7969 104152.508
0 7 20 37 156435.875 -64774.2266 106327.5
0 7 21 37 157510.906 -65219.3594 104597.086
0 16 8446 27232 159167.141 -26888.1133 118139.148
0 16 8447 27232 159168.688 -26888.375 118135.438
0 16 8446 27233 159167.953 -26883.3926 118139.758
0 16 8447 27233 159169.438 -26883.6426 118136
0 10 112 416 155793.219 -29059.0879 121561.305
0 10 113 416 155971.906 -29092.416 121396.102
0 10 112 417 155780.656 -28752.4844 121551.508
0 10 113 417 155955.156 -28784.6934 121383.07
0 16 8444 27226 159160.266 -26916.0957 118143.766
0 16 8445 27226 159161.781 -26916.3516 118140.031
0 16 8444 27227 159160.562 -26911.291 118143.984
0 16 8445 27227 159162.062 -26911.541 118140.242
0 13 1072 3392 159461.531 -27387.9863 117707.992
0 13 1073 3392 159480.688 -27391.2734 117683.195
0 13 1072 3393 159461.344 -27349.0215 117707.852
0 13 1073 3393 159480.984 -27352.3906 117683.43
0 9 44 212 151583.109 -25757.2852 125233.703
0 9 45 212 151946.875 -25819.0996 124940.688
0 9 44 213 151590.906 -25166.457 125240.148
0 9 45 213 151915.062 -25220.2715 124914.531
0 19 67724 217800 159205.75 -26930.7715 118075.188
0 19 67725 217800 159206.016 -26930.8145 118074.781
0 19 67724 217801 159205.766 -26930.166 118075.211
0 19 67725 217801 159206 -26930.209 118074.766
0 11 284 852 160765.266 -26925.041 116099.523
0 11 285 852 160829.562 -26935.8105 115988.898
0 11 284 853 160780.734 -26770.623 116110.711
0 11 285 853 160849.484 -26782.0664 116003.273
0 10 114 432 155942.75 -24213.7676 121068.836
0 10 115 432 156105.234 -24238.9961 120890.094
0 10 114 433 155924.141 -23906.3379 121054.383
0 10 115 433 156104.938 -23934.0586 120889.859
0 7 24 38 161369.031 -64295.4766 99594.9453
0 7 25 38 162435.688 -64720.4727 97715.2266
0 7 24 39 162023.641 -62024.6719 99998.9609
0 7 25 39 163091.219 -62433.3594 98109.5625
0 16 8484 27222 159251.719 -26951.0039 118017.25
0 16 8485 27222 159254.016 -26951.3906 118014.086
0 16 8484 27223 159251.047 -26946.0273 118016.75
0 16 8485 27223 159253.344 -26946.416 118013.594
0 7 0 36 134230.406 -57677.125 133181.734
0 7 1 36 135338.812 -58153.3984 132166.812
0 7 0 37 134730.75 -55786.9492 133678.172
0 7 1 37 135848.75 -56249.875 132664.797
0 8 28 88 153124.219 -47253.1758 119030.148
0 8 29 88 153710.406 -47434.0703 118284.969
0 8 28 89 153348.75 -46124.4258 119204.695
0 8 29 89 153930.547 -46299.4219 118454.367
0 14 2096 6810 159016.672 -26816.5918 118321.055
0 14 2097 6810 159029.906 -26818.8262 118311.5
0 14 2096 6811 159018.594 -26797.5039 118322.484
0 14 2097 6811 159031.719 -26799.7168 118312.852
0 9 78 200 161768.656 -35070.9375 112163.82
0 9 79 200 162078.547 -35138.1211 111745.555
0 9 78 201 161861.562 -34458.8086 112228.227
0 9 79 201 162184.109 -34527.4766 111818.328
0 6 18 38 179042.438 36367.9922 75533.5234
0 6 19 38 181501.594 36867.5117 70899.0625
0 6 18 39 177692.703 41646.7266 74964.1016
0 6 19 39 180045.031 42198.0508 70330.0859
0 6 20 36 186826.969 26272.543 67140.9453
0 6 21 36 188454.688 26501.4395 61836.6914
0 6 20 37 185676.812 31913.2031 66727.6016
0 6 21 37 187959.125 32305.4766 61674.0938
0 13 1040 3410 158831.391 -26581.7676 118483.711
0 13 1041 3410 158855.688 -26585.834 118463.062
0 13 1040 3411 158830.641 -26542.8672 118483.164
0 13 1041 3411 158857.188 -26547.3008 118464.172
0 17 16916 54440 159188.328 -26951.2031 118097.789
0 17 16917 54440 159189.531 -26951.4082 118096.266
0 17 16916 54441 159188.359 -26948.7793 118097.82
0 17 16917 54441 159189.547 -26948.9824 118096.266
4 5 26 30 87774.6328 121212.594 133751.828
4 5 27 30 93755.6328 118213.625 130442.617
4 5 26 31 85537.375 126269.469 130342.672
4 5 27 31 92080.2578 124108.172 128111.664
0 12 548 1698 159904.531 -27288.3965 117078.539
0 12 549 1698 159941.531 -27294.709 117027.539
0 12 548 1699 159920.578 -27213.0488 117090.289
0 12 549 1699 159953.641 -27218.6738 117036.391
0 10 134 408 158943.156 -32130.1094 117189.531
0 10 135 408 159091.562 -32160.1094 116988.219
0 10 134 409 158997.016 -31830.457 117229.25
0 10 135 409 159147.953 -31860.6738 117029.695
0 19 67704 217818 159200.797 -26919.002 118083.656
0 19 67705 217818 159201.141 -26919.0605 118083.312
0 19 67704 217819 159200.812 -26918.3965 118083.672
0 19 67705 217819 159201.156 -26918.4551 118083.312
0 13 1066 3388 159342.297 -27523.1152 117853.391
0 13 1067 3388 159360.172 -27526.2012 117827.695
0 13 1066 3389 159341.234 -27484.0293 117852.602
0 13 1067 3389 159357.812 -27486.8867 117825.953
4 5 18 2 23286.5703 -125747.477 149034.047
4 5 19 2 32380.1172 -124894.742 148023.391
4 5 18 3 24001.7461 -120008.742 153611.188
4 5 19 3 33364.7539 -119159.828 152524.578
0 14 2134 6800 159369.922 -27070.707 117844.641
0 14 2135 6800 159379.172 -27072.2793 117832.023
0 14 2134 6801 159367.844 -27050.9004 117843.094
0 14 2135 6801 159377.438 -27052.5312 117830.75
0 17 16944 54442 159221.953 -26952.0391 118054.711
0 17 16945 54442 159223.125 -26952.2363 118053.156
0 17 16944 54443 159221.625 -26949.5527 118054.477
0 17 16945 54443 159222.844 -26949.7617 118052.953
0 17 16922 54468 159198.562 -26884.9219 118090.812
0 17 16923 54468 159199.859 -26885.1387 118089.352
0 17 16922 54469 159198.859 -26882.5391 118091.023
0 17 16923 54469 159200.141 -26882.7559 118089.555
0 7 10 34 144370.156 -66545.6172 120684.422
0 7 11 34 145340.891 -66993.0625 119224.945
0 7 10 35 144864.953 -64510.1719 121098.039
0 7 11 35 145823.25 -64936.9141 119620.641
0 10 140 410 159852.156 -31689.4395 115986.477
0 10 141 410 159983 -31715.3828 115768.953
0 10 140 411 159897.922 -31386.2129 116019.688
0 10 141 411 160026.234 -31411.3984 115800.227
0 14 2128 6820 159320.969 -26673.4258 117925.125
0 14 2129 6820 159328.375 -26674.666 117911.172
0 14 2128 6821 159325.484 -26654.7324 117928.477
0 14 2129 6821 159331.5 -26655.7422 117913.477
3 4 6 0 -27256.6797 -145368.953 -136283.406
3 4 7 0 -9179.84668 -146877.547 -137697.703
3 4 6 1 -28936.7871 -154329.516 -125392.742
3 4 7 1 -9748.23633 -155971.781 -126727.086
0 17 16910 54448 159182.266 -26930.7461 118107.867
0 17 16911 54448 159183.203 -26930.9043 118106.141
0 17 16910 54449 159182.516 -26928.3594 118108.055
0 17 16911 54449 159183.422 -26928.5098 118106.297
0 15 4218 13624 159154.688 -26805.8672 118176.047
0 15 4219 13624 159159.844 -26806.7383 118170.156
0 15 4218 13625 159155.641 -26796.3164 118176.75
0 15 4219 13625 159160.766 -26797.1797 118170.852
0 15 4226 13596 159164.438 -27079.5195 118105.57
0 15 4227 13596 159168.594 -27080.2266 118098.938
0 15 4226 13597 159165.281 -27069.9492 118106.195
0 15 4227 13597 159169.562 -27070.6797 118099.656
1 4 12 8 -173052.469 10815.7793 97342.0078
1 4 13 8 -162873.891 10179.6182 111975.812
1 4 12 9 -172703.25 32381.8594 97145.5781
1 4 13 9 -162635.156 30494.0918 111811.664
0 15 4242 13628 159262.516 -26785.1484 118022.82
0 15 4243 13628 159265.781 -26785.6973 118015.516
0 15 4242 13629 159262.469 -26775.4199 118022.789
0 15 4243 13629 159266.328 -26776.0684 118015.922
0 14 2106 6820 159137.734 -26642.748 118216.875
0 14 2107 6820 159147.781 -26644.4316 118204.914
0 14 2106 6821 159138.281 -26623.416 118217.289
0 14 2107 6821 159147.562 -26624.9668 118204.75
0 11 282 844 160451.344 -28125.9922 116186.211
0 11 283 844 160524.703 -28138.8496 116082.555
0 11 282 845 160464.25 -27971.5508 116195.547
0 11 283 845 160542.719 -27985.2305 116095.586
0 15 4250 13622 159290.219 -26848.1387 117965.57
0 15 4251 13622 159294.312 -26848.832 117958.875
0 15 4250 13623 159290.969 -26838.5469 117966.133
0 15 4251 13623 159295.234 -26839.2637 117959.555
0 18 33852 108892 159199.734 -26939.168 118082.578
0 18 33853 108892 159200.344 -26939.2695 118081.805
0 18 33852 108893 159199.844 -26937.9707 118082.656
0 18 33853 108893 159200.453 -26938.0742 118081.898
0 14 2136 6806 159377.875 -26955.3281 117811.609
0 14 2137 6806 159387.703 -26956.9902 117799.422
0 14 2136 6807 159380.016 -26936.2344 117813.188
0 14 2137 6807 159390.75 -26938.0488 117801.664
0 12 522 1716 158898.438 -25720.1348 118359.164
0 12 523 1716 158948.672 -25728.2637 118318.961
0 12 522 1717 158908.094 -25644.1055 118366.352
0 12 523 1717 158954.344 -25651.5684 118323.195
0 12 516 1686 158639.766 -28002.084 118631.25
0 12 517 1686 158669.219 -28007.2871 118575.805
0 12 516 1687 158641.797 -27924.9844 118632.766
0 12 517 1687 158675.594 -27930.9336 118580.562
0 15 4212 13606 159113.141 -26973.6797 118203.469
0 15 4213 13606 159117.891 -26974.4844 118197.281
0 15 4212 13607 159113.828 -26964.084 118203.977
0 15 4213 13607 159118.688 -26964.9062 118197.883
0 15 4212 13616 159121.75 -26878.0156 118209.859
0 15 4213 13616 159128.125 -26879.0938 118204.883
0 15 4212 13617 159122.203 -26868.3828 118210.195
0 15 4213 13617 159128.781 -26869.4961 118205.375
0 5 14 24 177010.781 94036.9766 16594.7598
0 5 15 24 177692.609 94399.2031 5552.89404
0 5 14 25 172543.422 102447.656 16175.9463
0 5 15 25 173139.844 102801.789 5410.62012
3 5 20 28 42616.5 -151525.328 118379.164
3 5 21 28 51368.457 -149435.516 116746.5
3 5 20 29 41333.9766 -146965.266 124001.93
3 5 21 29 49887.3359 -145126.797 122450.734
0 11 284 850 160722.859 -27231.8516 116068.898
0 11 285 850 160810.5 -27246.7012 115975.156
0 11 284 851 160740.453 -27077.8594 116081.609
0 11 285 851 160820.984 -27091.4238 115982.711
0 8 30 88 154258.438 -47603.1875 117501.531
0 8 31 88 154864.266 -47790.1445 116753.125
0 8 30 89 154519.859 -46476.6758 117700.672
0 8 31 89 155103.703 -46652.2812 116933.648
0 8 14 114 146699.031 -15472.1641 130080.789
0 8 15 114 147303.891 -15535.957 129466.32
0 8 14 115 146699.328 -14326.1064 130081.039
0 8 15 115 147295.328 -14384.3096 129458.789
0 13 1074 3394 159501.047 -27316.8906 117659.281
0 13 1075 3394 159522.703 -27320.5996 117636.305
0 13 1074 3395 159503.266 -27278.3301 117660.922
0 13 1075 3395 159526.562 -27282.3145 117639.148
0 19 67718 217800 159204.312 -26930.5273 118077.766
0 19 67719 217800 159204.562 -26930.5723 118077.352
0 19 67718 217801 159204.328 -26929.9219 118077.781
0 19 67719 217801 159204.594 -26929.9668 118077.359
0 16 8474 27212 159225.891 -26995.2207 118046.695
0 16 8475 27212 159228.641 -26995.6895 118043.875
0 16 8474 27213 159225.969 -26990.375 118046.742
0 16 8475 27213 159228.734 -26990.8438 118043.945
0 15 4250 13606 159285.188 -27002.8457 117961.844
0 15 4251 13606 159288.734 -27003.4473 117954.742
0 15 4250 13607 159285.656 -26993.2012 117962.195
0 15 4251 13607 159289.062 -26993.7793 117954.992
0 7 2 66 140995.25 5507.62695 135487.625
0 7 3 66 142085.484 5550.21436 134315.188
0 7 2 67 140933.312 7707.29053 135428.109
0 7 3 67 142012.109 7766.2876 134245.828
0 15 4244 13600 159256.297 -27056.2695 117998.766
0 15 4245 13600 159260.328 -27056.9531 117992.039
0 15 4244 13601 159257.312 -27046.7207 117999.516
0 15 4245 13601 159261 -27047.3477 117992.539
0 7 8 34 142415.219 -65644.5156 123500.695
0 7 9 34 143415.25 -66105.4688 122127.047
0 7 8 35 142897.062 -63633.8477 123918.555
0 7 9 35 143881.25 -64072.1172 122523.875
0 17 16950 54450 159227.844 -26933.5996 118044.508
0 17 16951 54450 159228.875 -26933.7734 118042.844
0 17 16950 54451 159227.75 -26931.1523 118044.43
0 17 16951 54451 159228.703 -26931.3125 118042.703
0 12 540 1688 159608.328 -28017.1855 117485.133
0 12 541 1688 159644.094 -28023.4629 117433.508
0 12 540 1689 159615.453 -27940.5 117490.383
0 12 541 1689 159654.281 -27947.2949 117441.008
1 4 12 14 -142996.219 116184.422 80435.3672
1 4 13 14 -137652.203 111842.406 94635.8828
1 4 12 15 -135697.984 127216.852 76330.1094
1 4 13 15 -131092.328 122899.055 90125.9766
0 16 8478 27240 159237.891 -26861.1895 118036.164
0 16 8479 27240 159239.859 -26861.5215 118032.758
0 16 8478 27241 159238.75 -26856.4727 118036.789
0 16 8479 27241 159240.906 -26856.8398 118033.539
0 10 146 414 160874.547 -30635.291 114843.055
0 10 147 414 161035.984 -30666.0332 114643.781
0 10 146 415 160906.344 -30327.0742 114865.758
0 10 147 415 161076.328 -30359.1133 114672.508
0 13 1050 3386 159013.062 -27543.8887 118231.031
0 13 1051 3386 159032.031 -27547.1738 118206.305
0 13 1050 3387 159014.703 -27505.3516 118232.25
0 13 1051 3387 159032.406 -27508.4102 118206.578
0 14 2106 6790 159081.422 -27215.8965 118175.047
0 14 2107 6790 159091.031 -27217.5371 118162.758
0 14 2106 6791 159082.078 -27196.5879 118175.539
0 14 2107 6791 159090.516 -27198.0293 118162.383
4 5 22 26 64390.4688 104015.367 158499.609
4 5 23 26 72615.7109 101662 154913.516
4 5 22 27 62646.5859 110836.266 154206.984
4 5 23 27 71301.7266 109329.312 152110.359
4 5 18 20 29801.5352 53642.7656 190729.828
4 5 19 20 41177.3203 52942.2695 188239.188
4 5 18 21 29273.875 64402.5234 187352.797
4 5 19 21 40520.1367 63674.5 185234.906
0 13 1060 3386 159222.719 -27580.2051 117998.188
0 13 1061 3386 159249.078 -27584.7715 117978.836
0 13 1060 3387 159220.266 -27540.9082 117996.375
0 13 1061 3387 159247.312 -27545.5859 117977.531
0 5 10 28 152620.188 119234.523 52463.1914
0 5 11 28 154819.344 120952.617 43542.9414
0 5 10 29 148407.016 125218.414 51014.9102
0 5 11 29 150395.172 126895.914 42298.6406
0 9 56 226 155425.188 -17910.3242 121122.367
0 9 57 226 155761.484 -17949.0781 120775.992
0 9 56 227 155416.188 -17302.1934 121115.344
0 9 57 227 155736.5 -17337.8535 120756.625
0 10 118 436 156604.828 -23093.0957 120359.375
0 10 119 436 156786.359 -23119.8633 120192.664
0 10 118 437 156565.359 -22781.4824 120329.047
0 10 119 437 156740.828 -22807.0156 120157.766
0 7 12 34 146280.828 -67426.3203 117710.344
0 7 13 34 147242.062 -67869.3906 116183.195
0 7 12 35 146824.438 -65382.7578 118147.797
0 7 13 35 147803.688 -65818.8281 116626.344
0 8 16 116 147893.844 -13287.3369 128829.406
0 8 17 116 148512.953 -13342.9609 128208.445
0 8 16 117 147887.109 -12131.3643 128823.531
0 8 17 117 148486.562 -12180.5381 128185.664
0 9 82 204 163305.75 -32852.5234 110677.93
0 9 83 204 163573.438 -32906.375 110220.383
0 9 82 205 163378.031 -32228.8691 110726.914
0 9 83 205 163649.812 -32282.4824 110271.844
0 17 16942 54468 159220.75 -26888.666 118058.68
0 17 16943 54468 159221.594 -26888.8086 118056.867
0 17 16942 54469 159221.094 -26886.2949 118058.938
0 17 16943 54469 159221.891 -26886.4297 118057.086
0 9 46 202 152327.734 -31834.1172 124658.836
0 9 47 202 152699.641 -31911.8398 124366.703
0 9 46 203 152323.812 -31238.2812 124655.625
0 9 47 203 152694.891 -31314.3828 124362.828
0 8 26 88 151968.25 -46896.4531 120506.07
0 8 27 88 152554.016 -47077.2188 119778.75
0 8 26 89 152202.391 -45779.625 120691.742
0 8 27 89 152789.25 -45956.1406 119963.43
0 7 32 60 179338.734 -9807.58691 88268.2891
0 7 33 60 180497.781 -9870.97168 86018.4766
0 7 32 61 179410.406 -7008.21924 88303.5547
0 7 33 61 180584.594 -7054.08545 86059.8438
0 11 254 834 158288.984 -29292.7344 118948.594
0 11 255 834 158361.984 -29306.2461 118848.805
0 11 254 835 158291.891 -29138.6934 118950.797
0 11 255 835 158365.047 -29152.1602 118851.109
0 5 18 6 170463.109 -101212.461 -26634.8594
0 5 19 6 169246.469 -100490.094 -37022.6641
0 5 18 7 175212.078 -93081.4141 -27376.8887
0 5 19 7 173547.531 -92197.125 -37963.5234
0 15 4246 13626 159276.359 -26806.9199 117994.188
0 15 4247 13626 159279.734 -26807.4844 117986.961
0 15 4246 13627 159276.391 -26797.2012 117994.203
0 15 4247 13627 159279.938 -26797.7988 117987.117
0 8 32 122 157732.984 -6777.58936 117683.594
0 8 33 122 158413.672 -6806.8374 116953.852
0 8 32 123 157664.047 -5542.87646 117632.156
0 8 33 123 158330.5 -5566.30664 116892.438
0 9 54 196 154620.578 -35937.207 121703.312
0 9 55 196 154906.625 -36003.6875 121323.344
0 9 54 197 154757.062 -35364.4062 121810.734
0 9 55 197 155011.281 -35422.4961 121405.312
0 15 4252 13618 159293.047 -26887.5059 117948.211
0 15 4253 13618 159297.594 -26888.2773 117941.859
0 15 4252 13619 159294.062 -26877.957 117948.977
0 15 4253 13619 159298.422 -26878.6914 117942.477
0 16 8444 27222 159159.641 -26935.4199 118143.305
0 16 8445 27222 159161.281 -26935.6953 118139.656
0 16 8444 27223 159159.828 -26930.5918 118143.438
0 16 8445 27223 159161.453 -26930.8672 118139.789
0 7 26 66 170853.984 6673.98389 100109.758
0 7 27 66 172310.656 6730.88525 98270.9141
0 7 26 67 170514.016 9324.98633 99910.5625
0 7 27 67 171899.547 9400.75586 98036.4609
0 10 126 440 157934.781 -22055.3457 118913.781
0 10 127 440 158130.016 -22082.6094 118751.938
0 10 126 441 157911.75 -21743.707 118896.445
0 10 127 441 158111.969 -21771.2773 118738.383
0 18 33880 108916 159216.531 -26912.8574 118061.023
0 18 33881 108916 159217.125 -26912.9551 118060.242
0 18 33880 108917 159216.578 -26911.6484 118061.039
0 18 33881 108917 159217.156 -26911.7461 118060.266
0 15 4234 13596 159204.844 -27086.3945 118057.812
0 15 4235 13596 159210.172 -27087.3027 118052.047
0 15 4234 13597 159205.391 -27076.7715 118058.219
0 15 4235 13597 159211.188 -27077.7559 118052.797
0 8 34 122 159087.609 -6835.79541 116208.531
0 8 35 122 159759.672 -6864.67383 115451.32
0 8 34 123 158990.781 -5589.51953 116137.805
0 8 35 123 159674.234 -5613.54736 115389.586
0 19 67714 217830 159204.312 -26912.3066 118080.195
0 19 67715 217830 159204.609 -26912.3574 118079.812
0 19 67714 217831 159204.359 -26911.7109 118080.234
0 19 67715 217831 159204.641 -26911.7578 118079.828
0 10 118 410 156763.109 -31077.0625 120481.023
0 10 119 410 156913.656 -31106.9043 120290.25
0 10 118 411 156808.891 -30779.8711 120516.211
0 10 119 411 156962.328 -30809.9883 120327.57
0 9 80 224 164052.547 -20186.1523 112465.703
0 9 81 224 164398.141 -20228.6777 112060.445
0 9 80 225 164034.453 -19543.166 112453.312
0 9 81 225 164371.391 -19583.3105 112042.211
0 11 244 842 157477.734 -27912.3125 119876.852
0 11 245 842 157573.469 -27929.2832 119795.852
0 11 244 843 157462.328 -27755.8105 119865.117
0 11 245 843 157568.875 -27774.5938 119792.352
0 9 82 222 164621.984 -21542.3301 111569.984
0 9 83 222 164897.766 -21578.4199 111112.75
0 9 82 223 164671.812 -20905.6016 111603.75
0 9 83 223 164991.188 -20946.1484 111175.703
1 4 12 12 -157152.062 88398.0391 88398.0391
1 4 13 12 -150066.688 84412.5156 103170.852
1 4 12 13 -150265.953 103307.852 84524.6016
1 4 13 13 -144060.125 99041.3359 99041.3359
0 13 1078 3404 159596.141 -26943.5391 117573.578
0 13 1079 3404 159613.719 -26946.5059 117547.555
0 13 1078 3405 159599.391 -26905.123 117575.977
0 13 1079 3405 159616.078 -26907.9355 117549.289
0 17 16948 54446 159225.828 -26942.9766 118047.859
0 17 16949 54446 159227.156 -26943.1992 118046.422
0 17 16948 54447 159225.688 -26940.5195 118047.758
0 17 16949 54447 159226.984 -26940.7402 118046.297
3 5 26 18 106522.391 -162319.844 25362.4746
3 5 27 18 113372.531 -157735.703 24646.2012
3 5 26 19 105792.859 -161208.156 35264.2852
3 5 27 19 112662.414 -156747.703 34288.5586
0 17 16936 54470 159215.656 -26882.9473 118069.477
0 17 16937 54470 159216.812 -26883.1426 118067.906
0 17 16936 54471 159215.859 -26880.5508 118069.617
0 17 16937 54471 159217.016 -26880.748 118068.062
0 6 24 26 193247.906 -33214.4844 45292.4805
0 6 25 26 194491.047 -33428.1484 39505.9922
0 6 24 27 194053.328 -27288.75 45481.25
0 6 25 27 195327.422 -27467.9199 39675.8828
0 16 8474 27242 159232.594 -26850.5762 118051.664
0 16 8475 27242 159234.297 -26850.8613 118048.07
0 16 8474 27243 159233.547 -26845.8789 118052.367
0 16 8475 27243 159235.219 -26846.1621 118048.758
0 15 4214 13620 159135.078 -26841.418 118200.328
0 15 4215 13620 159140.516 -26842.3359 118194.664
0 15 4214 13621 159135.953 -26831.8535 118200.992
0 15 4215 13621 159140.484 -26832.6152 118194.641
0 12 522 1684 158865.453 -28197.0664 118334.586
0 12 523 1684 158905.734 -28204.2168 118287.008
0 12 522 1685 158865.438 -28119.4922 118334.578
0 12 523 1685 158910.25 -28127.4219 118290.367
1 4 12 10 -169277.125 52899.1016 95218.3828
1 4 13 10 -160103.703 50032.4102 110071.297
1 4 12 11 -163611.859 71580.1875 92031.6719
1 4 13 11 -155592.688 68071.7969 106969.977
0 9 50 198 153704.844 -34523.5469 123384.156
0 9 51 198 153972.469 -34583.6562 122997.531
0 9 50 199 153732.797 -33929.3086 123406.594
0 9 51 199 154022.125 -33993.1641 123037.211
0 15 4252 13610 159293.562 -26965.375 117948.609
0 15 4253 13610 159297.359 -26966.0195 117941.695
0 15 4252 13611 159293.188 -26955.5898 117948.32
0 15 4253 13611 159297.062 -26956.2441 117941.461
0 18 33880 108902 159215.578 -26929.7012 118060.297
0 18 33881 108902 159216.141 -26929.7969 118059.508
0 18 33880 108903 159215.531 -26928.4785 118060.273
0 18 33881 108903 159216.125 -26928.5781 118059.508
0 14 2096 6798 158991.594 -27045.2637 118302.406
0 14 2097 6798 159001.703 -27046.9824 118290.508
0 14 2096 6799 158994.016 -27026.2656 118304.211
0 14 2097 6799 159004.469 -27028.041 118292.57
0 19 67704 217810 159200.859 -26923.8711 118083.703
0 19 67705 217810 159201.156 -26923.9199 118083.32
0 19 67704 217811 159200.859 -26923.2617 118083.703
0 19 67705 217811 159201.156 -26923.3145 118083.32
0 17 16918 54466 159193.453 -26888.916 118096.734
0 17 16919 54466 159194.531 -26889.0977 118095.109
0 17 16918 54467 159193.797 -26886.5469 118096.992
0 17 16919 54467 159194.844 -26886.7207 118095.344
0 18 33858 108924 159206.047 -26901.3672 118079.961
0 18 33859 108924 159206.547 -26901.4512 118079.125
0 18 33858 108925 159206.188 -26900.1738 118080.062
0 18 33859 108925 159206.672 -26900.2578 118079.211
0 14 2136 6810 159383.844 -26878.5117 117816.016
0 14 2137 6810 159394.391 -26880.293 117804.359
0 14 2136 6811 159386.125 -26859.4414 117817.719
0 14 2137 6811 159397.219 -26861.3105 117806.453
0 14 2100 6816 159073.188 -26709.6133 118285.438
0 14 2101 6816 159084.484 -26711.5137 118274.43
0 14 2100 6817 159074.484 -26690.416 118286.414
0 14 2101 6817 159084.438 -26692.0859 118274.391
0 11 284 854 160791.375 -26615.3672 116118.383
0 11 285 854 160872.484 -26628.793 116019.859
0 11 284 855 160813.297 -26461.9551 116134.219
0 11 285 855 160886.625 -26474.0176 116030.047
0 10 148 416 161232.828 -30073.6992 114469.008
0 10 149 416 161380.109 -30101.1719 114258.375
0 10 148 417 161272.891 -29766.1895 114497.453
0 10 149 417 161414.594 -29792.3438 114282.797
0 5 16 0 141062.406 -136654.203 -4408.2002
0 5 17 0 140603.828 -136209.953 -13181.6084
0 5 16 1 145751.641 -132087.438 -4554.73877
0 5 17 1 145235.875 -131620.016 -13615.8643
0 9 44 206 151635.359 -29320.1191 125276.883
0 9 45 206 151982.094 -29387.1621 124969.648
0 9 44 207 151632.5 -28727.25 125274.5
0 9 45 207 151973.625 -28791.877 124962.68
0 17 16912 54460 159184.953 -26902.0508 118105
0 17 16913 54460 159186.078 -26902.2441 118103.414
0 17 16912 54461 159184.891 -26899.6133 118104.953
0 17 16913 54461 159186.047 -26899.8086 118103.391
0 11 260 866 158792.141 -24423.5957 118396.289
0 11 261 866 158894.375 -24439.3203 118317.344
0 11 260 867 158764.75 -24264.3398 118375.875
0 11 261 867 158864.625 -24279.6035 118295.18
0 18 33872 108894 159211.531 -26938.7363 118067.031
0 18 33873 108894 159212.078 -26938.8262 118066.219
0 18 33872 108895 159211.5 -26937.5137 118066.992
0 18 33873 108895 159212.047 -26937.6074 118066.195
2 5 28 2 102859.438 131660.078 111088.195
2 5 29 2 108080.055 128094.875 108080.055
2 5 28 3 105088.391 134513.141 105088.391
2 5 29 3 110499.953 130962.906 102314.773
0 9 62 228 157446.859 -16913.2363 119007.68
0 9 63 228 157782.094 -16949.248 118644.75
0 9 62 229 157396.688 -16293.0166 118969.773
0 9 63 229 157719.484 -16326.4307 118597.656
0 7 32 46 174765.156 -47787.3477 86017.2266
0 7 33 46 175828.547 -48078.1172 83793.2891
0 7 32 47 175282.781 -45190.0938 86271.9922
0 7 33 47 176358.984 -45467.5508 84046.0781
0 17 16910 54456 159182.906 -26911.4258 118108.352
0 17 16911 54456 159184.078 -26911.623 118106.781
0 17 16910 54457 159182.969 -26909.002 118108.391
0 17 16911 54457 159184.125 -26909.2012 118106.82
0 18 33868 108924 159210.766 -26902.1641 118071.312
0 18 33869 108924 159211.281 -26902.252 118070.477
0 18 33868 108925 159210.875 -26900.9688 118071.398
0 18 33869 108925 159211.406 -26901.0566 118070.562
0 17 16928 54470 159206.953 -26881.4785 118082.461
0 17 16929 54470 159208.031 -26881.6602 118080.828
0 17 16928 54471 159206.875 -26879.0371 118082.398
0 17 16929 54471 159207.984 -26879.2246 118080.797
4 5 16 12 6153.01318 -43071.0938 196896.422
4 5 17 12 18322.7324 -42753.0391 195442.469
4 5 16 13 6225.56934 -31127.8457 199218.219
4 5 17 13 18552.3477 -30920.5801 197891.719
3 5 24 20 89532.7188 -168532.188 47399.6758
3 5 25 20 97468.0312 -164156.688 46169.0703
3 5 24 21 88851.7734 -167250.391 57492.3242
3 5 25 21 96689.25 -162845.062 55977.9883
0 12 530 1684 159196.266 -28255.7832 117959.148
0 12 531 1684 159230.203 -28261.8047 117906.539
0 12 530 1685 159207.781 -28180.0898 117967.688
0 12 531 1685 159246.312 -28186.9102 117918.477
3 4 4 2 -66418.1953 -151813.016 -104371.453
3 4 5 2 -49214.0078 -157484.828 -108270.82
3 4 4 3 -69518.9062 -158900.359 -89381.4531
3 4 5 3 -51449.3242 -164637.828 -92608.7812
4 7 120 56 129479.469 -17187.5391 146667.016
4 7 121 56 130744.781 -17053.668 145524.625
4 7 120 57 129545.445 -14903.458 146741.734
4 7 121 57 130829.711 -14789.4453 145619.156
0 18 33842 108900 159194.062 -26928.4902 118090.5
0 18 33843 108900 159194.797 -26928.6133 118089.836
0 18 33842 108901 159194.078 -26927.2793 118090.516
0 18 33843 108901 159194.797 -26927.4023 118089.836
4 7 124 62 134576.75 -3336.61377 142362.188
4 7 125 62 135699.547 -3309.74512 141215.781
4 7 124 63 134567.781 -1112.13037 142352.688
4 7 125 63 135699.094 -1103.24463 141215.312
0 13 1038 3394 158783.391 -27193.9844 118525.453
0 13 1039 3394 158804.734 -27197.6387 118502.602
0 13 1038 3395 158783.656 -27155.2598 118525.641
0 13 1039 3395 158803.438 -27158.6445 118501.641
0 16 8456 27210 159181.812 -26997.4648 118101.469
0 16 8457 27210 159183.891 -26997.8184 118098.148
0 16 8456 27211 159182.391 -26992.7051 118101.891
0 16 8457 27211 159184.516 -26993.0645 118098.602
0 7 6 34 140085.25 -64570.543 125857.844
0 7 7 34 141281.094 -65121.7539 124724.719
0 7 6 35 140710.766 -62660.2695 126419.836
0 7 7 35 141897.141 -63188.5703 125268.57
0 19 67736 217830 159209.891 -26913.2539 118070.969
0 19 67737 217830 159210.125 -26913.2891 118070.531
0 19 67736 217831 159209.922 -26912.6504 118071
0 19 67737 217831 159210.188 -26912.6953 118070.594
0 14 2126 6792 159280.5 -27211.0664 117934.062
0 14 2127 6792 159290.672 -27212.8047 117922.148
0 14 2126 6793 159277.578 -27191.125 117931.891
0 14 2127 6793 159287.797 -27192.8691 117920.023
0 8 30 122 156444.938 -6722.24365 119167.047
0 8 31 122 157070.188 -6749.10986 118416.195
0 8 30 123 156384.656 -5497.89844 119121.133
0 8 31 123 157017.891 -5520.16016 118376.773
0 19 67742 217812 159210.266 -26924.25 118067.609
0 19 67743 217812 159210.547 -26924.2949 118067.203
0 19 67742 217813 159210.328 -26923.6504 118067.648
0 19 67743 217813 159210.594 -26923.6934 118067.234
4 5 16 10 5931.40479 -65245.4492 189804.953
4 5 17 10 17676.1289 -64812.4688 188545.359
4 5 16 11 6052.00684 -54468.0586 193664.219
4 5 17 11 18025.1133 -54075.3359 192267.859
0 11 244 854 157418.094 -26057 119831.453
0 11 245 854 157498.609 -26070.3281 119738.938
0 11 244 855 157400.328 -25900.3477 119817.93
0 11 245 855 157489.047 -25914.9473 119731.664
0 17 16950 54460 159227.516 -26909.2441 118044.25
0 17 16951 54460 159228.516 -26909.416 118042.578
0 17 16950 54461 159227.422 -26906.8008 118044.195
0 17 16951 54461 159228.453 -26906.9766 118042.531
4 7 122 42 129698.734 -47667.0547 141892.625
4 7 123 42 131106.906 -47374.7617 141022.547
4 7 122 43 130345.93 -45676.7812 142600.672
4 7 123 43 131689.891 -45372.1445 141649.625
0 13 1078 3406 159599.062 -26866.0996 117575.727
0 13 1079 3406 159617.469 -26869.2012 117550.32
0 13 1078 3407 159600.359 -26827.3555 117576.68
0 13 1079 3407 159619.609 -26830.5918 117551.898
0 16 8454 27240 159187.406 -26852.6738 118115.336
0 16 8455 27240 159189.75 -26853.0684 118112.211
0 16 8454 27241 159187.5 -26847.8301 118115.398
0 16 8455 27241 159189.969 -26848.2461 118112.367
0 8 32 88 155431.484 -47965.1836 115966.461
0 8 33 88 156006.875 -48142.7461 115176.953
0 8 32 89 155664.109 -46820.8477 116140.016
0 8 33 89 156250.891 -46997.3359 115357.102
0 12 508 1694 158317.188 -27326.7227 119008.453
0 12 509 1694 158362.047 -27334.4648 118964.852
0 12 508 1695 158324.891 -27250.7441 119014.25
0 12 509 1695 158366.766 -27257.9531 118968.398
4 6 56 10 104811.961 -91977.8438 136897.25
4 6 57 10 107854.5 -90936.1484 135346.828
4 6 56 11 105895.68 -88606.5938 138312.734
4 6 57 11 108923.125 -87565.6562 136687.844
0 11 274 836 159725.656 -29246.6426 116908.57
0 11 275 836 159794.531 -29259.2539 116802.945
0 11 274 837 159753.484 -29095.7266 116928.945
0 11 275 837 159819.078 -29107.6758 116820.883
0 18 33852 108922 159202.125 -26903.1328 118084.336
0 18 33853 108922 159202.812 -26903.2461 118083.633
0 18 33852 108923 159202.281 -26901.9453 118084.453
0 18 33853 108923 159202.953 -26902.0586 118083.742
0 8 48 116 169427.516 -15222.0029 105230.367
0 8 49 116 169959.141 -15269.7676 104232.75
0 8 48 117 169521.797 -13906.085 105288.93
0 8 49 117 170100 -13953.5156 104319.148
0 9 52 224 154147.641 -18967.3867 122535.336
0 9 53 224 154471.906 -19007.2852 122189.695
0 9 52 225 154127.219 -18362.8125 122519.102
0 9 53 225 154464.75 -18403.0254 122184.023
0 8 50 100 168355.859 -36170.2031 101934.211
0 8 51 100 168938.375 -36295.3555 100967.078
0 8 50 101 168522.188 -34889.3594 102034.922
0 8 51 101 169109.734 -35011 101069.492
0 18 33882 108910 159217.062 -26920.2324 118058.984
0 18 33883 108910 159217.641 -26920.332 118058.195
0 18 33882 108911 159217.172 -26919.0371 118059.055
0 18 33883 108911 159217.781 -26919.1387 118058.289
0 16 8480 27216 159244.078 -26978.8652 118031.016
0 16 8481 27216 159246.5 -26979.2754 118027.961
0 16 8480 27217 159243.906 -26973.9766 118030.883
0 16 8481 27217 159246.547 -26974.4277 118027.992
4 7 120 46 128468.227 -39791.043 145521.531
4 7 121 46 129679.664 -39467.7227 144339.094
4 7 120 47 128483.883 -37521.8438 145539.281
4 7 121 47 129704.5 -37219.5547 144366.75
0 19 67732 217802 159207.656 -26929.8789 118071.742
0 19 67733 217802 159207.922 -26929.9238 118071.336
0 19 67732 217803 159207.672 -26929.2754 118071.758
0 19 67733 217803 159207.906 -26929.3145 118071.328
0 13 1078 3402 159588.969 -27020.2539 117568.289
0 13 1079 3402 159607.469 -27023.3828 117542.945
0 13 1078 3403 159591.094 -26981.6484 117569.852
0 13 1079 3403 159609.109 -26984.6953 117544.156
0 8 18 90 148120.172 -43394.5781 126712.172
0 8 19 90 148625.984 -43542.7695 125983.742
0 8 18 91 148358.625 -42305.3906 126916.164
0 8 19 91 148878.641 -42453.6758 126197.906
4 6 58 8 108581.742 -96289.4766 131117.578
4 6 59 8 111429.539 -95221.6016 129663.461
4 6 58 9 109697.641 -93139.5078 132465.078
4 6 59 9 112544.742 -92082.0625 130961.156
0 19 67726 217800 159206.25 -26930.8555 118074.352
0 19 67727 217800 159206.484 -26930.8965 118073.906
0 19 67726 217801 159206.25 -26930.248 118074.336
0 19 67727 217801 159206.484 -26930.2871 118073.906
0 16 8444 27228 159160.906 -26906.4902 118144.234
0 16 8445 27228 159162.328 -26906.7305 118140.438
0 16 8444 27229 159161.266 -26901.6934 118144.508
0 16 8445 27229 159162.641 -26901.9238 118140.656
0 13 1070 3390 159418.875 -27458.5 117754.359
0 13 1071 3390 159440.359 -27462.1992 117731.289
0 13 1070 3391 159422.844 -27420.2617 117757.273
0 13 1071 3391 159441.297 -27423.4375 117731.984
0 6 24 28 194668.094 -21291.8223 45625.332
0 6 25 28 195962.344 -21433.3809 39804.8516
0 6 24 29 195111.094 -15243.0547 45729.1641
0 6 25 29 196431.891 -15346.2402 39900.2266
0 14 2124 6822 159298.297 -26630.7422 117986.141
0 14 2125 6822 159306.844 -26632.168 117973.023
0 14 2124 6823 159298.859 -26611.3887 117986.555
0 14 2125 6823 159307.266 -26612.791 117973.32
0 11 272 866 159874.938 -24590.1387 117330.086
0 11 273 866 159969.562 -24604.6914 117243.305
0 11 272 867 159864.969 -24432.4883 117322.781
0 11 273 867 159955.375 -24446.3047 117232.906
0 19 67742 217824 159211.062 -26917.0918 118068.195
0 19 67743 217824 159211.312 -26917.1367 118067.781
0 19 67742 217825 159211.125 -26916.5 118068.242
0 19 67743 217825 159211.375 -26916.5391 118067.828
0 8 10 108 144239.875 -21974.043 132407.703
0 8 11 108 144856.953 -22068.0508 131842.469
0 8 10 109 144273.906 -20852.0879 132438.938
0 8 11 109 144878.312 -20939.4434 131861.906
0 13 1044 3388 158891 -27445.1621 118373.023
0 13 1045 3388 158912.609 -27448.8945 118350.32
0 13 1044 3389 158899.234 -27407.7891 118379.148
0 13 1045 3389 158916.906 -27410.8379 118353.523
0 7 14 34 148265.938 -68341.3281 114674.43
0 7 15 34 149255.094 -68797.2656 113107.375
0 7 14 35 148816.953 -66270.0469 115100.609
0 7 15 35 149856.703 -66733.0703 113563.289
0 18 33882 108908 159216.859 -26922.6289 118058.828
0 18 33883 108908 159217.422 -26922.7246 118058.031
0 18 33882 108909 159216.953 -26921.4297 118058.898
0 18 33883 108909 159217.531 -26921.5273 118058.109
4 6 50 32 98144.4688 2652.55298 169763.391
4 6 51 32 102025.969 2616.05054 167427.234
4 6 50 33 98035.3672 7948.81396 169574.703
4 6 51 33 101915.219 7839.63184 167245.484
0 9 72 228 160958.188 -17290.4297 115374.32
0 9 73 228 161326.891 -17330.0371 115008.422
0 9 72 229 160935.688 -16659.3594 115358.203
0 9 73 229 161288.906 -16695.9219 114981.352
0 9 46 218 152236.062 -22300.2051 124583.805
0 9 47 218 152584.906 -22351.3047 124273.25
0 9 46 219 152239.703 -21706.0508 124586.789
0 9 47 219 152535.547 -21748.2324 124233.047
0 14 2098 6814 159048.391 -26744.2812 118305.836
0 14 2099 6814 159060.469 -26746.3125 118295.406
0 14 2098 6815 159048.047 -26724.8086 118305.57
0 14 2099 6815 159060.578 -26726.9141 118295.469
0 19 67708 217804 159201.938 -26927.6992 118082.078
0 19 67709 217804 159202.219 -26927.7441 118081.672
0 19 67708 217805 159201.969 -26927.0957 118082.102
0 19 67709 217805 159202.25 -26927.1426 118081.711
0 8 36 122 160408.422 -6892.54932 114666.961
0 8 37 122 161123.016 -6923.25439 113919.008
0 8 36 123 160325.312 -5636.43701 114607.547
0 8 37 123 161018.969 -5660.82324 113845.445
5 4 6 4 34043.9922 -79435.9844 -181567.953
5 4 7 4 11502.1123 -80514.7891 -184033.797
5 4 6 5 35428.8008 -59048 -188953.594
5 4 7 5 11968.5859 -59842.9297 -191497.375
0 15 4216 13600 159121.781 -27033.416 118171.039
0 15 4217 13600 159126.844 -27034.2734 118165.078
0 15 4216 13601 159123.297 -27023.9609 118172.156
0 15 4217 13601 159128.188 -27024.791 118166.086
0 7 22 68 164745.312 11583.6553 106827.039
0 7 23 68 166095.109 11678.5615 105107.062
0 7 22 69 164457.219 14133.043 106640.234
0 7 23 69 165784.625 14247.1152 104910.578
0 6 0 4 119208.789 -102445.047 117346.156
0 6 1 4 120643.586 -103678.078 114988.414
0 6 0 5 120445.555 -99743.9766 118563.586
0 6 1 5 121912.141 -100958.492 116197.508
0 15 4214 13602 159116.438 -27013.082 118186.484
0 15 4215 13602 159121.156 -27013.8867 118180.289
0 15 4214 13603 159118.141 -27003.6602 118187.758
0 15 4215 13603 159122.625 -27004.4199 118181.375
0 8 22 120 151487.594 -8876.22559 124858.914
0 8 23 120 152114.484 -8912.95801 124187.211
0 8 22 121 151443.312 -7690.48047 124822.414
0 8 23 121 152056 -7721.59375 124139.469
0 8 12 112 145507.094 -17620 131297.422
0 8 13 112 146095.672 -17691.2734 130687.141
0 8 12 113 145504.812 -16482.9668 131295.359
0 8 13 113 146102.906 -16550.7188 130693.609
0 10 110 422 155308.875 -27148.7188 121790.07
0 10 111 422 155482.094 -27178.998 121622.219
0 10 110 423 155316.734 -26846.7383 121796.219
0 10 111 423 155492.828 -26877.1758 121630.617
0 14 2136 6804 159376.172 -26993.9492 117810.344
0 14 2137 6804 159387.125 -26995.8066 117798.992
0 14 2136 6805 159376.141 -26974.4883 117810.336
0 14 2137 6805 159386.812 -26976.2969 117798.766
0 8 24 88 150853.734 -46552.5195 121979.391
0 8 25 88 151425.844 -46729.0703 121258.977
0 8 24 89 151092.344 -45445.7422 122172.32
0 8 25 89 151652.562 -45614.2461 121440.523
0 6 24 24 191094.281 -44787.7188 44787.7188
0 6 25 24 192282.656 -45066.25 39057.4141
0 6 24 25 192249.297 -39050.6367 45058.4297
0 6 25 25 193460.172 -39296.5977 39296.5977
0 13 1074 3414 159527.094 -26542.4102 117678.5
0 13 1075 3414 159551.594 -26546.4863 117657.609
0 13 1074 3415 159528.531 -26503.7012 117679.562
0 13 1075 3415 159551.156 -26507.4609 117657.289
0 5 8 30 139954.203 126833.492 65603.5312
0 5 9 30 142101.016 128779.039 57728.5312
0 5 8 31 136149.109 131894.453 63819.8906
0 5 9 31 138183.906 133865.656 56137.2109
0 19 67706 217806 159201.438 -26926.3984 118082.914
0 19 67707 217806 159201.703 -26926.4434 118082.508
0 19 67706 217807 159201.453 -26925.793 118082.93
0 19 67707 217807 159201.734 -26925.8418 118082.531
0 10 144 412 160517.172 -31194.2559 115214.961
0 10 145 412 160663.297 -31222.6523 115006.055
0 10 144 413 160529.5 -30883.1152 115223.805
0 10 145 413 160684.438 -30912.9238 115021.188
0 8 46 118 168149.031 -12479.8115 107063.641
0 8 47 118 168878.188 -12533.9268 106208.547
0 8 46 119 168071.984 -11161.0293 107014.578
0 8 47 119 168813.812 -11210.293 106168.062
4 7 122 60 132181.047 -7908.26758 144608.312
4 7 123 60 133383.156 -7846.06787 143470.953
4 7 122 61 132203.516 -5649.72314 144632.906
4 7 123 61 133401.391 -5605.10059 143490.578
0 7 34 54 180473.922 -26789.0977 83187.2031
0 7 35 54 181570.484 -26951.8711 80855.6094
0 7 34 55 180759.016 -24007.0566 83318.6094
0 7 35 55 181879.828 -24155.9141 80993.3594
0 11 284 848 160692.453 -27540.5527 116046.945
0 11 285 848 160764.453 -27552.8926 115941.938
0 11 284 849 160710.031 -27386.6211 116059.633
0 11 285 849 160790.906 -27400.4023 115961.023
0 18 33874 108922 159213.734 -26905.0957 118066.227
0 18 33875 108922 159214.281 -26905.1855 118065.422
0 18 33874 108923 159213.859 -26903.9023 118066.328
0 18 33875 108923 159214.438 -26904 118065.531
0 16 8484 27234 159246.188 -26891.75 118013.156
0 16 8485 27234 159248.156 -26892.082 118009.742
0 16 8484 27235 159246.156 -26886.8828 118013.117
0 16 8485 27235 159248.516 -26887.2793 118010.008
0 12 508 1704 158334.25 -26556.5488 119021.273
0 12 509 1704 158377.922 -26563.875 118976.766
0 12 508 1705 158318.938 -26476.6797 119009.766
0 12 509 1705 158371.891 -26485.5332 118972.242
4 5 16 14 6263.00635 -18789.0195 200416.203
4 5 17 14 18702.1055 -18702.1055 199489.125
4 5 16 15 6282.01025 -6282.01025 201024.328
4 5 17 15 18771.8008 -6257.2666 200232.531
0 9 44 214 151615.328 -24578.2656 125260.32
0 9 45 214 151943.391 -24631.4473 124937.828
0 9 44 215 151596.734 -23983.0781 125244.953
0 9 45 215 151932.641 -24036.2188 124928.992
0 11 254 864 158261.438 -24651.0723 118927.906
0 11 255 864 158352.625 -24665.2773 118841.789
0 11 254 865 158236.922 -24492.7266 118909.484
0 11 255 865 158336.547 -24508.1465 118829.727
0 10 152 426 162212.109 -27088.1562 113896.977
0 10 153 426 162363.906 -27113.5039 113686.438
0 10 152 427 162259.172 -26779.1016 113930.023
0 10 153 427 162390.719 -26800.8145 113705.219
0 18 33868 108892 159209.203 -26940.7695 118070.156
0 18 33869 108892 159209.781 -26940.8672 118069.375
0 18 33868 108893 159209.203 -26939.5547 118070.156
0 18 33869 108893 159209.781 -26939.6523 118069.367
0 16 8482 27218 159248.953 -26969.9727 118024.922
0 16 8483 27218 159251.062 -26970.3301 118021.617
0 16 8482 27219 159248.672 -26965.0645 118024.703
0 16 8483 27219 159250.812 -26965.4258 118021.43
4 7 126 64 136789.266 1094.31421 140072.219
4 7 127 64 137876.859 1085.64453 138962.5
4 7 126 65 136739.875 3281.75659 140021.625
4 7 127 65 137832.875 3255.89502 138918.172
1 4 10 4 -171819.906 -75171.2109 53693.7227
1 4 11 4 -165752.594 -72516.7578 72516.7578
1 4 10 5 -179252.469 -56016.3945 56016.3945
1 4 11 5 -172141.094 -53794.0938 75311.7266
0 7 6 68 145230.328 10211.5078 130480.367
0 7 7 68 146375.859 10292.0527 129222.43
0 7 6 69 145108.281 12470.2432 130370.719
0 7 7 69 146232.078 12566.8193 129095.5
1 4 8 0 -142987.984 -134051.234 8936.74902
1 4 9 0 -142663.828 -133747.328 26749.4668
1 4 8 1 -152398.172 -123823.523 9524.88574
1 4 9 1 -151307.75 -122937.555 28370.2051
0 7 34 52 179755.984 -32299.9062 82856.2734
0 7 35 52 180850.688 -32496.6055 80535.0703
0 7 34 53 180113.984 -29549.9512 83021.2891
0 7 35 53 181239.672 -29734.6328 80708.2891
0 18 33842 108912 159194.031 -26913.9121 118090.477
0 18 33843 108912 159194.672 -26914.0195 118089.742
0 18 33842 108913 159194.062 -26912.7012 118090.508
0 18 33843 108913 159194.688 -26912.8105 118089.766
0 8 10 98 143833.266 -33149.0742 132034.453
0 8 11 98 144465.859 -33294.8633 131486.5
0 8 10 99 143876.547 -32035.0098 132074.156
0 8 11 99 144500.844 -32174.0137 131518.344
0 6 22 18 179252.719 -75622.2344 53215.6484
0 6 23 18 180592.422 -76187.4297 47969.8594
0 6 22 19 181052.234 -70723.5312 53749.8828
0 6 23 19 182448.719 -71269.0391 48462.9414
0 10 110 424 155322.484 -26544.3711 121800.742
0 10 111 424 155505.453 -26575.6406 121640.5
0 10 110 425 155311.625 -26239.1719 121792.219
0 10 111 425 155493.016 -26269.8145 121630.766
0 14 2102 6818 159096.422 -26674.6738 118263.875
0 14 2103 6818 159106.875 -26676.4297 118252.227
0 14 2102 6819 159097.672 -26655.4648 118264.805
0 14 2103 6819 159108.281 -26657.2402 118253.266
0 15 4224 13596 159154.562 -27077.8418 118117.664
0 15 4225 13596 159159.641 -27078.7031 118111.719
0 15 4224 13597 159156.656 -27068.4844 118119.234
0 15 4225 13597 159161.25 -27069.2656 118112.914
0 19 67738 217806 159209.125 -26927.7012 118069.195
0 19 67739 217806 159209.391 -26927.7441 118068.781
0 19 67738 217807 159209.125 -26927.0898 118069.195
0 19 67739 217807 159209.375 -26927.1328 118068.766
0 19 67716 217800 159203.828 -26930.4473 118078.625
0 19 67717 217800 159204.078 -26930.4883 118078.203
0 19 67716 217801 159203.875 -26929.8477 118078.656
0 19 67717 217801 159204.109 -26929.8867 118078.211
4 6 54 12 100555.016 -87147.6875 143011.578
4 6 55 12 103795.523 -86128.2031 141338.594
4 6 54 13 101566.586 -83510.3047 144450.25
4 6 55 13 104809.062 -82509.2578 142718.719
3 5 28 16 120304.547 -153989.828 4812.18213
3 5 29 16 126202.562 -149573.406 4674.16895
3 5 28 17 120152.883 -153795.688 14418.3457
3 5 29 17 126078.922 -149426.875 14008.7695
2 4 8 14 9801.80273 156828.844 -127423.445
2 4 9 14 29061.8965 154996.781 -125934.883
2 4 8 15 9237.32715 147797.234 -138559.906
2 4 9 15 27582.0039 147104.016 -137910.016
4 5 20 24 48278.9141 91193.5078 171658.359
4 5 21 24 57770.0117 89280.9219 168058.203
4 5 20 25 46965.8281 99150.0703 166989.594
4 5 21 25 56726.0586 97981.375 165021.266
4 6 60 42 126324.758 46540.6992 141838.328
4 6 61 42 128821.32 45851.6523 139738.375
4 6 60 43 125594.992 50678.6797 141018.938
4 6 61 43 128091.094 49933.8203 138946.281
0 10 122 408 157271.875 -31792.2617 119643.344
0 10 123 408 157420.188 -31822.2422 119448.719
0 10 122 409 157337.906 -31498.3125 119693.594
0 10 123 409 157481.172 -31526.9922 119494.992
2 4 6 10 -35646.3008 190113.594 -59410.5
2 4 7 10 -12016.7666 192268.266 -60083.832
2 4 6 11 -34273.4219 182791.594 -79971.3203
2 4 7 11 -11535.915 184574.641 -80751.4062
0 12 548 1708 159976.062 -26519.4707 117130.906
0 12 549 1708 160019.5 -26526.6699 117084.57
0 12 548 1709 159987.703 -26443.2812 117139.43
0 12 549 1709 160036.406 -26451.3301 117096.945
4 6 60 6 111866.359 -100090.953 125604.336
4 6 61 6 114548.844 -99016.7969 124256.375
4 6 60 7 113033.266 -97168.9375 126914.539
4 6 61 7 115708.695 -96097.0547 125514.516
3 4 2 4 -104187.273 -151545.125 -66300.9922
3 4 3 4 -89365.75 -158872.438 -69506.6953
3 4 2 5 -107157.359 -155865.25 -48707.8906
3 4 3 5 -92383.9297 -164238.094 -51324.4062
0 12 512 1710 158440.438 -26110.1797 118791.656
0 12 513 1710 158480.078 -26116.7129 118743.984
0 12 512 1711 158421.672 -26029.7324 118777.57
0 12 513 1711 158471.281 -26037.8828 118737.391
0 10 110 420 155392.828 -27770.3984 121855.898
0 10 111 420 155572.312 -27802.4766 121692.797
0 10 110 421 155335.406 -27456.7461 121810.867
0 10 111 421 155519.672 -27489.3164 121651.617
0 8 18 118 149070.188 -11063.8037 127524.883
0 8 19 118 149681.406 -11109.166 126878.367
0 8 18 119 149051.812 -9897.97168 127509.164
0 8 19 119 149664.781 -9938.67578 126864.281
0 16 8470 27210 159214 -27002.9238 118057.312
0 16 8471 27210 159216.641 -27003.373 118054.422
0 16 8470 27211 159214.125 -26998.084 118057.414
0 16 8471 27211 159216.906 -26998.5586 118054.617
0 6 22 34 191327.031 14947.4248 56800.2109
0 6 23 34 193058.547 15082.6992 51281.1758
0 6 22 35 190783.031 20866.8945 56638.7148
0 6 23 35 192443.5 21048.5059 51117.8008
0 14 2122 6790 159241.219 -27243.2363 117982.742
0 14 2123 6790 159252.906 -27245.2344 117971.953
0 14 2122 6791 159243.016 -27224.1016 117984.062
0 14 2123 6791 159253.094 -27225.8242 117972.086
0 10 112 430 155630.594 -24773.2285 121434.414
0 10 113 430 155797.266 -24799.7598 121260.18
0 10 112 431 155616.031 -24466.9727 121423.047
0 10 113 431 155787.906 -24493.998 121252.898
0 19 67732 217832 159209 -26911.8848 118072.742
0 19 67733 217832 159209.234 -26911.9297 118072.32
0 19 67732 217833 159209.016 -26911.2812 118072.75
0 19 67733 217833 159209.266 -26911.3242 118072.328
0 17 16938 54438 159213.719 -26960.3613 118063.18
0 17 16939 54438 159215.125 -26960.5996 118061.789
0 17 16938 54439 159213.906 -26957.9648 118063.32
0 17 16939 54439 159215.312 -26958.2012 118061.938
0 13 1068 3418 159417.688 -26368.5254 117831.312
0 13 1069 3418 159439 -26372.0488 117808.133
0 13 1068 3419 159420.453 -26330.0645 117833.359
0 13 1069 3419 159439.547 -26333.2168 117808.547
0 14 2110 6822 159178.781 -26610.7598 118169.641
0 14 2111 6822 159188.188 -26612.332 118157.195
0 14 2110 6823 159180.062 -26591.543 118170.609
0 14 2111 6823 159189.031 -26593.041 118157.828
0 18 33882 108912 159217.312 -26917.8457 118059.164
0 18 33883 108912 159217.891 -26917.9453 118058.383
0 18 33882 108913 159217.422 -26916.6504 118059.25
0 18 33883 108913 159218 -26916.748 118058.461
5 4 8 0 -9191.25684 -137868.859 -147060.109
5 4 9 0 -27288.3613 -136441.812 -145537.922
5 4 8 1 -9790.16309 -127272.117 -156642.609
5 4 9 1 -29052.5625 -125894.43 -154946.984
0 11 270 834 159425.141 -29502.9941 117311.375
0 11 271 834 159495.312 -29515.9766 117207.25
0 11 270 835 159458.328 -29353.4141 117335.797
0 11 271 835 159522.562 -29365.2363 117227.273
0 16 8458 27242 159197.016 -26844.5781 118103.023
0 16 8459 27242 159199.203 -26844.9453 118099.789
0 16 8458 27243 159197.312 -26839.7695 118103.234
0 16 8459 27243 159199.484 -26840.1328 118099.992
0 5 18 18 194930.734 30457.9258 -30457.9258
0 5 19 18 192295.75 30046.209 -42064.6953
0 5 18 19 192757.188 42165.6367 -30118.3086
0 5 19 19 190325.359 41633.6719 -41633.6719
3 4 0 6 -132537.688 -141373.531 -26507.5371
3 4 1 6 -121916.859 -150051.516 -28134.6602
3 4 0 7 -133715.516 -142629.875 -8914.36719
3 4 1 7 -123196.617 -151626.594 -9476.66211
0 19 67718 217832 159205.516 -26911.2988 118078.664
0 19 67719 217832 159205.781 -26911.3418 118078.258
0 19 67718 217833 159205.562 -26910.6973 118078.695
0 19 67719 217833 159205.828 -26910.7441 118078.281
0 15 4224 13628 159183.797 -26771.9082 118139.359
0 15 4225 13628 159188.422 -26772.6875 118133.086
0 15 4224 13629 159185.969 -26762.5566 118140.977
0 15 4225 13629 159189.844 -26763.2109 118134.133
0 7 4 34 137688.703 -63465.8867 128007.469
0 7 5 34 138829.641 -63991.7891 126898.969
0 7 4 35 138268.656 -61572.7578 128546.641
0 7 5 35 139456.234 -62101.6094 127471.727
0 13 1076 3396 159549.406 -27247.2695 117617.055
0 13 1077 3396 159566.594 -27250.2051 117590.773
0 13 1076 3397 159547.25 -27207.9492 117615.469
0 13 1077 3397 159565.172 -27211.0039 117589.711
0 10 152 428 162282.031 -26465.918 113946.078
0 10 153 428 162419.75 -26488.377 113725.555
0 10 152 429 162299.766 -26151.8164 113958.523
0 10 153 429 162428.25 -26172.5215 113731.492
0 16 8478 27214 159237.578 -26987.4844 118035.922
0 16 8479 27214 159240.453 -26987.9707 118033.203
0 16 8478 27215 159238.297 -26982.748 118036.453
0 16 8479 27215 159241.281 -26983.2539 118033.812
0 17 16942 54440 159219.547 -26956.4883 118057.789
0 17 16943 54440 159220.844 -26956.709 118056.32
0 17 16942 54441 159219.578 -26954.0664 118057.812
0 17 16943 54441 159220.875 -26954.2832 118056.336
0 12 512 1688 158498.25 -27822.3242 118834.984
0 12 513 1688 158536.469 -27829.0352 118786.242
0 12 512 1689 158492.891 -27743.9961 118830.984
0 12 513 1689 158535.312 -27751.4219 118785.375
0 10 136 408 159234.422 -32188.9922 116782.281
0 10 137 408 159352.797 -32212.9199 116557.859
0 10 136 409 159290.172 -31889.1465 116823.164
0 10 137 409 159420.891 -31915.3145 116607.664
0 10 152 424 162119.672 -27705.998 113832.062
0 10 153 424 162249.844 -27728.2441 113606.586
0 10 152 425 162172.656 -27398.3125 113869.281
0 10 153 425 162316.75 -27422.6523 113653.422
0 15 4220 13626 159166.141 -26788.3672 118165.117
0 15 4221 13626 159170.25 -26789.0605 118158.469
0 15 4220 13627 159166.328 -26778.6855 118165.258
0 15 4221 13627 159170.984 -26779.4688 118159.008
4 5 16 8 5669.60693 -85044.1016 181427.422
4 5 17 8 16816.7559 -84083.7812 179378.734
4 5 16 9 5798.40967 -75379.3203 185549.109
4 5 17 9 17331.1406 -75101.6094 184865.484
0 5 16 22 186195.609 75641.9688 -5818.61279
0 5 17 22 185728.172 75452.0703 -17412.0156
0 5 16 23 182092.141 85355.6875 -5690.37939
0 5 17 23 181632.141 85140.0625 -17028.0137
0 13 1036 3400 158741.125 -26954.2109 118571.406
0 13 1037 3400 158762.156 -26957.7832 118548.352
0 13 1036 3401 158744.953 -26916.1055 118574.273
0 13 1037 3401 158765.781 -26919.6367 118551.062
0 12 510 1690 158408.016 -27651.7891 118922.031
0 12 511 1690 158447.141 -27658.6191 118874.039
0 12 510 1691 158406.578 -27574.1914 118920.953
0 12 511 1691 158448.297 -27581.4551 118874.914
0 6 16 40 171845.109 45646.3594 83237.4766
0 6 17 40 174078.797 46239.6836 78879.4531
0 6 16 41 170580.562 50641.1055 82624.9609
0 6 17 41 172756.766 51287.168 78280.4062
0 9 76 198 161057.844 -36175.1016 112929.234
0 9 77 198 161335.406 -36237.4453 112493.633
0 9 76 199 161128.75 -35561.6211 112978.953
0 9 77 199 161413.281 -35624.4141 112547.93
0 19 67708 217826 159202.297 -26914.3945 118082.336
0 19 67709 217826 159202.609 -26914.4512 118081.969
0 19 67708 217827 159202.312 -26913.793 118082.359
0 19 67709 217827 159202.656 -26913.8496 118082
0 13 1046 3416 158977.438 -26373.334 118359.797
0 13 1047 3416 159002.484 -26377.4863 118339.609
0 13 1046 3417 158966.562 -26332.7188 118351.695
0 13 1047 3417 158990.828 -26336.7363 118330.945
0 9 72 196 159739.703 -37127 114500.922
0 9 73 196 160016.781 -37191.4023 114074.469
0 9 72 197 159797.016 -36516.1133 114542
0 9 73 197 160089.672 -36582.9883 114126.422
0 17 16928 54436 159201.578 -26963.1641 118078.469
0 17 16929 54436 159202.594 -26963.3359 118076.789
0 17 16928 54437 159201.797 -26960.7715 118078.641
0 17 16929 54437 159202.75 -26960.9336 118076.914
0 8 28 122 155163.406 -6667.17822 120615.305
0 8 29 122 155803.938 -6694.7002 119895.992
0 8 28 123 155094.344 -5452.53564 120561.625
0 8 29 123 155735.438 -5475.07373 119843.281
0 11 248 860 157740.938 -25186.1719 119461.031
0 11 249 860 157833.641 -25200.9766 119377.109
0 11 248 861 157733.328 -25030.9238 119455.266
0 11 249 861 157826.016 -25045.6328 119371.336
0 16 8448 27214 159165.797 -26975.3184 118128.438
0 16 8449 27214 159167.797 -26975.6602 118125.062
0 16 8448 27215 159165.75 -26970.4551 118128.406
0 16 8449 27215 159167.781 -26970.7969 118125.047
0 10 148 436 161965.125 -23883.5312 114988.922
0 10 149 436 162092.234 -23902.2715 114762.562
0 10 148 437 161973.812 -23568.457 114995.086
0 10 149 437 162103.375 -23587.3086 114770.461
2 5 30 6 122613.695 135297.875 80333.1094
2 5 31 6 127395.344 131504.859 78081.0156
2 5 30 7 125244.922 138201.297 73419.4375
2 5 31 7 130109.344 134306.422 71350.2891
0 13 1076 3412 159572.625 -26627.9004 117634.164
0 13 1077 3412 159595.906 -26631.7891 117612.367
0 13 1076 3413 159575.359 -26589.4004 117636.188
0 13 1077 3413 159597.125 -26593.0254 117613.258
0 6 12 8 144825.953 -106356.562 88253.3125
0 6 13 8 146293.484 -107434.289 84575.9219
0 6 12 9 146550.531 -103043.336 89304.2266
0 6 13 9 148107.703 -104138.227 85624.7656
2 4 0 4 -131186.094 139931.844 61220.1836
2 4 1 4 -120363.078 148139.172 64810.8867
2 4 0 5 -134572.688 143544.203 44857.5625
2 4 1 5 -123822.086 152396.422 47623.8828
0 16 8444 27220 159159.438 -26945.0996 118143.148
0 16 8445 27220 159161.141 -26945.3848 118139.555
0 16 8444 27221 159159.469 -26940.2461 118143.164
0 16 8445 27221 159161.141 -26940.5293 118139.547
0 17 16938 54470 159217.875 -26883.3203 118066.258
0 17 16939 54470 159218.828 -26883.4824 118064.547
0 17 16938 54471 159218.078 -26880.9277 118066.422
0 17 16939 54471 159219.094 -26881.0996 118064.742
0 6 8 6 134708.219 -107345.609 98926.3516
0 6 9 6 136563.766 -108824.25 96021.3984
0 6 8 7 136480.391 -104492.789 100227.781
0 6 9 7 138418.031 -105976.305 97325.1797
0 18 33846 108918 159197.297 -26907.1758 118088.047
0 18 33847 108918 159197.984 -26907.291 118087.344
0 18 33846 108919 159197.453 -26905.9863 118088.164
0 18 33847 108919 159198.125 -26906.1016 118087.453
0 12 520 1684 158784.875 -28182.7637 118429.641
0 12 521 1684 158824.219 -28189.75 118381.438
0 12 520 1685 158787.703 -28105.7344 118431.75
0 12 521 1685 158826.531 -28112.6074 118383.156
0 12 514 1712 158517.406 -25968.0625 118694.547
0 12 515 1712 158565.453 -25975.9316 118653.102
0 12 514 1713 158515.156 -25890.293 118692.875
0 12 515 1713 158563.156 -25898.1328 118651.391
0 6 12 42 160672.234 52720.5781 97909.6406
0 6 13 42 162846.719 53434.082 94145.7578
0 6 12 43 159498.969 57319.9414 97194.6875
0 6 13 43 161621.641 58082.7812 93437.5156
0 15 4236 13596 159215.859 -27088.2715 118046.547
0 15 4237 13596 159220.625 -27089.0801 118040.367
0 15 4236 13597 159217.219 -27078.7832 118047.555
0 15 4237 13597 159222.031 -27079.6035 118041.406
0 13 1036 3402 158747.188 -26877.7305 118575.93
0 13 1037 3402 158769.094 -26881.4375 118553.539
0 13 1036 3403 158744.453 -26838.5117 118573.891
0 13 1037 3403 158766.766 -26842.2812 118551.789
0 5 18 4 159712.531 -114793.383 -24955.082
0 5 19 4 158184.234 -113694.914 -34602.8008
0 5 18 5 165628.75 -108693.859 -25879.4902
0 5 19 5 163621.625 -107376.688 -35792.2266
0 13 1050 3418 159069.422 -26310.9219 118272.93
0 13 1051 3418 159093 -26314.8184 118251.609
0 13 1050 3419 159063.625 -26271.1309 118268.625
0 13 1051 3419 159085.891 -26274.8086 118246.336
0 6 2 4 122098.008 -104927.977 112559.102
0 6 3 4 123561.234 -106185.438 110046.719
0 6 2 5 123419.922 -102207.117 113777.742
0 6 3 5 124941.586 -103467.242 111276.102
0 19 67740 217808 159209.656 -26926.5742 118068.375
0 19 67741 217808 159209.906 -26926.6172 118067.953
0 19 67740 217809 159209.656 -26925.9668 118068.367
0 19 67741 217809 159209.938 -26926.0156 118067.969
0 13 1048 3386 158972.484 -27536.8594 118278.469
0 13 1049 3386 158994.109 -27540.6055 118255.75
0 13 1048 3387 158970.547 -27497.7129 118277.039
0 13 1049 3387 158994.016 -27501.7715 118255.672
0 19 67704 217820 159200.812 -26917.791 118083.672
0 19 67705 217820 159201.156 -26917.8496 118083.328
0 19 67704 217821 159200.844 -26917.1875 118083.695
0 19 67705 217821 159201.156 -26917.2402 118083.328
4 6 50 18 91997.1562 -67133.0625 159130.219
4 6 51 18 95792.6094 -66317.9609 157198.125
4 6 50 19 92879.3125 -62756.2969 160656.109
4 6 51 19 96686.6641 -61978.6289 158665.297
0 13 1062 3386 159270.75 -27588.5234 117956.016
0 13 1063 3386 159290.453 -27591.9395 117931.719
0 13 1062 3387 159269.031 -27549.3438 117954.734
0 13 1063 3387 159289.328 -27552.8535 117930.883
0 11 280 862 160513.75 -25315.4004 116544.891
0 11 281 862 160585.109 -25326.6543 116439.883
0 11 280 863 160520.938 -25159.7754 116550.109
0 11 281 863 160602.703 -25172.5918 116452.648
3 5 22 22 69780.3516 -171767.016 69780.3516
3 5 23 22 78472.1094 -167407.172 68009.1562
3 5 22 23 68138.0938 -167724.547 78620.8828
3 5 23 23 76838.6562 -163922.453 76838.6562
0 18 33882 108906 159216.719 -26925.0332 118058.727
0 18 33883 108906 159217.297 -26925.1348 118057.938
0 18 33882 108907 159216.75 -26923.8262 118058.75
0 18 33883 108907 159217.344 -26923.9258 118057.977
0 13 1038 3408 158782.516 -26651.1172 118524.797
0 13 1039 3408 158807.281 -26655.2754 118504.508
0 13 1038 3409 158780.641 -26612.0391 118523.383
0 13 1039 3409 158805.219 -26616.1582 118502.977
3 5 20 26 45226.0703 -160803.797 105527.492
3 5 21 26 54355.4141 -158124.844 103769.422
3 5 20 27 43913.2656 -156136.047 112222.797
3 5 21 27 52859.4414 -153772.906 110524.281
0 10 142 440 160855.375 -22463.2012 116086.055
0 10 143 440 161047.812 -22490.0762 115910.398
0 10 142 441 160850.281 -22148.3281 116082.375
0 10 143 441 161048.094 -22175.5684 115910.594
0 13 1072 3416 159486.047 -26457.707 117726.094
0 13 1073 3416 159506.125 -26461.0391 117701.969
0 13 1072 3417 159487.078 -26418.9414 117726.852
0 13 1073 3417 159506.156 -26422.1016 117701.992
0 15 4234 13630 159228.766 -26760.0371 118075.562
0 15 4235 13630 159233.266 -26760.7891 118069.172
0 15 4234 13631 159230.141 -26750.5469 118076.586
0 15 4235 13631 159234.156 -26751.2227 118069.836
0 17 16910 54446 159181.5 -26935.4766 118107.305
0 17 16911 54446 159182.641 -26935.668 118105.719
0 17 16910 54447 159181.906 -26933.1152 118107.594
0 17 16911 54447 159182.922 -26933.2871 118105.93
0 17 16930 54436 159203.594 -26963.5059 118075.109
0 17 16931 54436 159204.578 -26963.6719 118073.406
0 17 16930 54437 159203.719 -26961.0977 118075.195
0 17 16931 54437 159204.75 -26961.2734 118073.539
0 14 2136 6812 159390.062 -26840.6484 117820.609
0 14 2137 6812 159399.406 -26842.2227 117808.062
0 14 2136 6813 159392.312 -26821.5703 117822.281
0 14 2137 6813 159402.641 -26823.3105 117810.469
0 9 78 226 163282.812 -18815.793 113213.672
0 9 79 226 163674.312 -18860.9062 112845.766
0 9 78 227 163248.141 -18174.1094 113189.633
0 9 79 227 163655.141 -18219.418 112832.547
0 13 1078 3408 159602.672 -26788.7793 117578.391
0 13 1079 3408 159623.656 -26792.3008 117554.867
0 13 1078 3409 159607.703 -26750.6582 117582.094
0 13 1079 3409 159628.812 -26754.1934 117558.664
0 9 84 220 165065.016 -22889.877 110580.664
0 9 85 220 165348.109 -22929.1328 110124.43
0 9 84 221 165118.031 -22252.2344 110616.18
0 9 85 221 165395.016 -22289.5625 110155.664
0 11 284 856 160840.234 -26309.3164 116153.664
0 11 285 856 160908.312 -26320.4531 116045.703
0 11 284 857 160850.094 -26153.8477 116160.789
0 11 285 857 160921.375 -26165.4395 116055.117
0 17 16926 54436 159199.469 -26962.8066 118081.773
0 17 16927 54436 159200.547 -26962.9883 118080.133
0 17 16926 54437 159199.891 -26960.4473 118082.078
0 17 16927 54437 159200.859 -26960.6113 118080.375
0 12 532 1684 159269.156 -28268.7207 117857.609
0 12 533 1684 159309.953 -28275.959 117810.016
0 12 532 1685 159284.406 -28193.6523 117868.898
0 12 533 1685 159325.25 -28200.8789 117821.336
0 11 246 858 157581.375 -25468.4746 119647.977
0 11 247 858 157655.156 -25480.3984 119550.023
0 11 246 859 157584.484 -25315.0859 119650.336
0 11 247 859 157658.641 -25327 119552.672
5 4 6 14 28996.4746 125651.383 -154647.859
5 4 7 14 9756.48828 126834.352 -156103.812
5 4 6 15 27361.1992 136805.984 -145926.391
5 4 7 15 9179.4541 137691.812 -146871.266
0 7 34 56 181005.609 -21211.5957 83432.2734
0 7 35 56 182131.203 -21343.5 81105.2969
0 7 34 57 181219.047 -18405.0605 83530.6562
0 7 35 57 182360.797 -18521.0195 81207.5469
0 17 16946 54466 159223.609 -26894.0078 118051.078
0 17 16947 54466 159224.562 -26894.168 118049.359
0 17 16946 54467 159223.844 -26891.6191 118051.258
0 17 16947 54467 159224.797 -26891.7793 118049.531
0 19 67736 217804 159208.656 -26928.834 118070.055
0 19 67737 217804 159208.891 -26928.875 118069.633
0 19 67736 217805 159208.641 -26928.2246 118070.031
0 19 67737 217805 159208.891 -26928.2656 118069.617
0 8 34 88 156566.875 -48315.5586 114367.203
0 8 35 88 157163.453 -48499.6602 113575.148
0 8 34 89 156842.75 -47175.3555 114568.727
0 8 35 89 157437.047 -47354.1133 113772.867
0 12 530 1718 159266.078 -25624.1094 118010.883
0 12 531 1718 159309.172 -25631.0391 117965.016
0 12 530 1719 159258.469 -25545.1211 118005.242
0 12 531 1719 159306.109 -25552.7617 117962.758
0 17 16948 54464 159225.234 -26899.1426 118047.422
0 17 16949 54464 159226.234 -26899.3105 118045.742
0 17 16948 54465 159225.344 -26896.7305 118047.508
0 17 16949 54465 159226.344 -26896.8984 118045.812
0 17 16926 54470 159204.406 -26881.0488 118085.43
0 17 16927 54470 159205.75 -26881.2754 118083.992
0 17 16926 54471 159204.344 -26878.6074 118085.375
0 17 16927 54471 159205.656 -26878.832 118083.938
0 14 2094 6804 158978.969 -26926.6758 118331.828
0 14 2095 6804 158992.953 -26929.043 118322.812
0 14 2094 6805 158982.453 -26907.8574 118334.406
0 14 2095 6805 158996.844 -26910.2949 118325.719
0 12 510 1708 158369.531 -26253.1523 118893.141
0 12 511 1708 158412.016 -26260.1953 118847.688
0 12 510 1709 158358.812 -26174.0527 118885.086
0 12 511 1709 158401.484 -26181.1035 118839.781
0 19 67710 217828 159203 -26913.3027 118081.656
0 19 67711 217828 159203.312 -26913.3535 118081.281
0 19 67710 217829 159203.047 -26912.7031 118081.688
0 19 67711 217829 159203.359 -26912.7539 118081.312
0 9 62 194 156649.75 -37632.6562 118405.188
0 9 63 194 156935.562 -37701.3164 118008.188
0 9 62 195 156786.672 -37053.1016 118508.68
0 9 63 195 157048.828 -37115.0547 118093.359
0 14 2132 6818 159354.578 -26717.957 117872.195
0 14 2133 6818 159364.719 -26719.6582 117860.258
0 14 2132 6819 159353.984 -26698.4043 117871.758
0 14 2133 6819 159365.109 -26700.2695 117860.539
0 12 540 1716 159661.094 -25843.582 117523.969
0 12 541 1716 159702.016 -25850.2031 117476.109
0 12 540 1717 159667.234 -25766.6094 117528.5
0 12 541 1717 159705.609 -25772.8027 117478.758
4 5 18 0 21914.4141 -135869.359 140252.25
4 5 19 0 30477.416 -134971.406 139325.328
4 5 18 1 22588.0605 -131010.758 144563.594
4 5 19 1 31408.5996 -130121.344 143582.172
0 13 1078 3400 159585.422 -27097.5742 117565.68
0 13 1079 3400 159604.203 -27100.7637 117540.539
0 13 1078 3401 159586.312 -27058.7637 117566.328
0 13 1079 3401 159605.219 -27061.9688 117541.289
0 8 52 106 170491.312 -28637.2109 100563.234
0 8 53 106 171063.344 -28733.2969 99564.2109
0 8 52 107 170632.688 -27327.8926 100646.625
0 8 53 107 171229.062 -27423.4043 99660.6641
0 16 8446 27216 159162.016 -26964.9629 118135.344
0 16 8447 27216 159164.031 -26965.3047 118131.977
0 16 8446 27217 159162.641 -26960.2109 118135.805
0 16 8447 27217 159164.359 -26960.5039 118132.227
0 8 12 94 144877.188 -37917.0781 130729.031
0 8 13 94 145514.016 -38083.7461 130166.836
0 8 12 95 144926.594 -36797.7695 130773.609
0 8 13 95 145589.688 -36966.1328 130234.531
0 10 150 418 161616.5 -29513.9512 114110.086
0 10 151 418 161758.953 -29539.9629 113894.734
0 10 150 419 161658.797 -29205.9355 114139.961
0 10 151 419 161814.281 -29234.0254 113933.688
0 12 548 1696 159906.266 -27444.8516 117079.812
0 12 549 1696 159933.5 -27449.5254 117021.664
0 12 548 1697 159898.25 -27365.4004 117073.938
0 12 549 1697 159938.516 -27372.2891 117025.32
0 15 4232 13630 159221.172 -26758.7559 118089.359
0 15 4233 13630 159225.281 -26759.4492 118082.695
0 15 4232 13631 159223.031 -26749.3535 118090.742
0 15 4233 13631 159226.625 -26749.957 118083.688
0 9 60 228 156724.375 -16835.627 119685.992
0 9 61 228 157076.047 -16873.4023 119340.977
0 9 60 229 156706.016 -16221.5205 119671.977
0 9 61 229 157054.656 -16257.6104 119324.727
0 12 532 1718 159353.406 -25638.1562 117919.961
0 12 533 1718 159392.625 -25644.4688 117871.164
0 12 532 1719 159352.688 -25560.2324 117919.438
0 12 533 1719 159392.734 -25566.6543 117871.227
0 8 50 114 170311.562 -17962.5488 103118.336
0 8 51 114 170917.625 -18026.4688 102149.992
0 8 50 115 170420.688 -16642.6445 103184.398
0 8 51 115 170993.109 -16698.5469 102195.102
0 7 16 34 150260.422 -69260.6641 111521.414
0 7 17 34 151323.016 -69750.4531 109945.617
0 7 16 35 150908.5 -67201.4375 112002.398
0 7 17 35 151936.812 -67659.3594 110391.586
0 8 14 92 146094.359 -40518.3594 129544.617
0 8 15 92 146718.453 -40691.4492 128951.766
0 8 14 93 146121.406 -39384.2852 129568.594
0 8 15 93 146829.203 -39575.0586 129049.109
0 18 33856 108924 159204.953 -26901.1836 118081.578
0 18 33857 108924 159205.5 -26901.2734 118080.773
0 18 33856 108925 159205.062 -26899.9863 118081.664
0 18 33857 108925 159205.656 -26900.0859 118080.883
0 16 8486 27228 159252 -26921.8906 118007.734
0 16 8487 27228 159254.484 -26922.3086 118004.711
0 16 8486 27229 159250.844 -26916.8359 118006.883
0 16 8487 27229 159253.469 -26917.2793 118003.961
0 10 120 438 156894.531 -22522.9453 119969.156
0 10 121 438 157098.234 -22552.1875 119818.078
0 10 120 439 156890.703 -22215.9688 119966.234
0 10 121 439 157080.578 -22242.8535 119804.609
0 8 38 122 161819.344 -6953.17529 113147.117
0 8 39 122 162496.109 -6982.25488 112350.82
0 8 38 123 161719.188 -5685.44043 113077.086
0 8 39 123 162403.844 -5709.51025 112287.039
0 18 33870 108924 159211.797 -26902.3379 118069.641
0 18 33871 108924 159212.328 -26902.4277 118068.828
0 18 33870 108925 159211.922 -26901.1445 118069.742
0 18 33871 108925 159212.469 -26901.2383 118068.938
5 4 6 6 36426.3711 -36426.3711 -194273.984
5 4 7 6 12322.7139 -36968.1406 -197163.422
5 4 6 7 37109.7305 -12369.9102 -197918.562
5 4 7 7 12578.4453 -12578.4453 -201255.125
0 15 4252 13620 159296.25 -26868.6016 117950.594
0 15 4253 13620 159300.047 -26869.2441 117943.68
0 15 4252 13621 159296.219 -26858.875 117950.562
0 15 4253 13621 159300.469 -26859.5918 117943.992
0 13 1036 3398 158742.688 -27031.9883 118572.57
0 13 1037 3398 158761.453 -27035.1836 118547.836
0 13 1036 3399 158739.422 -26992.6797 118570.141
0 13 1037 3399 158760.328 -26996.2324 118546.992
0 15 4236 13630 159237.625 -26761.5234 118062.688
0 15 4237 13630 159241.391 -26762.1562 118055.758
0 15 4236 13631 159238.016 -26751.8691 118062.984
0 15 4237 13631 159241.859 -26752.5176 118056.117
0 8 52 108 170785.062 -26018.0371 100736.508
0 8 53 108 171356.078 -26105.0273 99734.5938
0 8 52 109 170918.344 -24703.043 100815.117
0 8 53 109 171507.812 -24788.2383 99822.9062
0 11 242 848 157288.094 -26957.0879 120039.695
0 11 243 848 157371.062 -26971.3105 119949.344
0 11 242 849 157279.922 -26802.0957 120033.461
0 11 243 849 157362.922 -26816.2422 119943.125
0 9 44 204 151627.953 -30503.2793 125270.758
0 9 45 204 152000.422 -30578.2109 124984.727
0 9 44 205 151645.531 -29914.4512 125285.266
0 9 45 205 151999.953 -29984.3652 124984.344
4 6 62 4 114758.789 -103471.039 120402.672
4 6 63 4 117284.703 -102391.398 119146.367
4 6 62 5 115950.328 -100743.727 121652.805
4 6 63 5 118477.156 -99671.2656 120357.75
0 17 16918 54438 159190.688 -26956.4629 118094.695
0 17 16919 54438 159191.984 -26956.6816 118093.219
0 17 16918 54439 159190.75 -26954.041 118094.727
0 17 16919 54439 159192.031 -26954.2617 118093.258
0 11 282 860 160690.172 -25657.0723 116359.141
0 11 283 860 160764.547 -25668.9492 116256.016
0 11 282 861 160668.641 -25496.7344 116343.555
0 11 283 861 160751.047 -25509.8086 116246.242
0 8 22 88 149739.422 -46208.6484 123418.039
0 8 23 88 150274.641 -46373.8125 122685.156
0 8 22 89 149969.422 -45107.9922 123607.609
0 8 23 89 150533.484 -45277.6484 122896.477
0 8 40 90 160498 -47020.8984 109715.43
0 8 41 90 161084.219 -47192.6406 108857.703
0 8 40 91 160752.344 -45839.5352 109889.297
0 8 41 91 161310.188 -45998.6055 109010.406
4 6 54 38 111125.203 32102.8359 158044.719
4 6 55 38 114422.578 31648.7988 155809.469
4 6 54 39 110618.008 36872.6719 157323.391
4 6 55 39 113906.859 36353.25 155107.219
0 9 64 194 157228.078 -37771.5898 117613.969
0 9 65 194 157506.359 -37838.4414 117206.875
0 9 64 195 157310.531 -37176.9023 117675.648
0 9 65 195 157605.797 -37246.6836 117280.883
0 6 2 44 138012.312 53911.0547 127230.094
0 6 3 44 139993.688 54685.0391 124681.883
0 6 2 45 137187.234 57875.8633 126469.477
0 6 3 45 139124.219 58693.0352 123907.516
0 9 84 206 164038.141 -31718.3105 109892.734
0 9 85 206 164308.375 -31770.5664 109431.945
0 9 84 207 164109.469 -31091.0527 109940.523
0 9 85 207 164384.172 -31143.0977 109482.438
0 18 33850 108892 159198.516 -26938.9609 118084.094
0 18 33851 108892 159199.125 -26939.0645 118083.336
0 18 33850 108893 159198.625 -26937.7637 118084.172
0 18 33851 108893 159199.25 -26937.8691 118083.422
0 18 33848 108920 159199 -26905.0332 118086.883
0 18 33849 108920 159199.734 -26905.1582 118086.211
0 18 33848 108921 159199.172 -26903.8477 118087.008
0 18 33849 108921 159199.875 -26903.9668 118086.32
0 18 33844 108916 159195.641 -26909.3242 118089.25
0 18 33845 108916 159196.312 -26909.4355 118088.531
0 18 33844 108917 159195.766 -26908.1309 118089.344
0 18 33845 108917 159196.453 -26908.2461 118088.641
0 7 34 50 178920.219 -37740.9844 82471.0391
0 7 35 50 179986.641 -37965.9336 80150.2969
0 7 34 51 179357.141 -35030.6914 82672.4297
0 7 35 51 180457.281 -35245.5664 80359.8828
0 6 0 44 134123.047 52391.8203 132027.375
0 6 1 44 136060.375 53148.5859 129682.539
0 6 0 45 133363.578 56262.7656 131279.781
0 6 1 45 135271.219 57067.5508 128930.383
0 14 2134 6816 159376.469 -26760.5391 117849.484
0 14 2135 6816 159385.406 -26762.0391 117836.625
0 14 2134 6817 159375.234 -26740.877 117848.578
0 14 2135 6817 159384.594 -26742.4492 117836.039
0 9 60 194 156081 -37496.0195 119194.672
0 9 61 194 156370.031 -37565.457 118804.57
0 9 60 195 156187.5 -36911.5 119276
0 9 61 195 156475.969 -36979.6719 118885.047
0 10 110 426 155302.922 -25934.375 121785.398
0 10 111 426 155477.375 -25963.5078 121618.539
0 10 110 427 155291.812 -25629.2129 121776.688
0 10 111 427 155470.203 -25658.6543 121612.922
0 12 528 1718 159182.281 -25610.627 118104.234
0 12 529 1718 159226.375 -25617.7188 118059.195
0 12 528 1719 159178.109 -25532.2324 118101.133
0 12 529 1719 159219.438 -25538.8613 118054.062
2 5 26 0 85548.6172 130359.797 126286.055
2 5 27 0 92055.9688 128077.867 124075.438
2 5 26 1 87746.9688 133709.672 121174.391
2 5 27 1 94286.4844 131181.188 118882.961
0 16 8486 27226 159253.594 -26931.8789 118008.914
0 16 8487 27226 159255.859 -26932.2598 118005.734
0 16 8486 27227 159252.906 -26926.9023 118008.406
0 16 8487 27227 159255.266 -26927.3008 118005.289
0 11 246 838 157627.734 -28554.6348 119683.172
0 11 247 838 157702.766 -28568.2246 119586.133
0 11 246 839 157639.828 -28402.8789 119692.344
0 11 247 839 157710.312 -28415.5801 119591.852
0 10 146 438 161631.984 -23203.0293 115383.773
0 10 147 438 161808.203 -23228.3262 115193.531
0 10 146 439 161617.312 -22885.2637 115373.297
0 10 147 439 161789.828 -22909.6914 115180.453
0 19 67728 217800 159206.719 -26930.9355 118073.477
0 19 67729 217800 159206.953 -26930.9746 118073.039
0 19 67728 217801 159206.703 -26930.3262 118073.469
0 19 67729 217801 159206.953 -26930.3672 118073.047
0 19 67710 217802 159202.406 -26928.9902 118081.211
0 19 67711 217802 159202.672 -26929.0371 118080.805
0 19 67710 217803 159202.438 -26928.3906 118081.242
0 19 67711 217803 159202.688 -26928.4316 118080.812
0 14 2094 6806 158984.078 -26888.7266 118335.625
0 14 2095 6806 158999.406 -26891.3184 118327.625
0 14 2094 6807 158985.234 -26869.5137 118336.477
0 14 2095 6807 159000.062 -26872.0215 118328.117
0 16 8448 27236 159172.516 -26869.5918 118133.414
0 16 8449 27236 159173.859 -26869.8203 118129.57
0 16 8448 27237 159172.891 -26864.7988 118133.703
0 16 8449 27237 159174.422 -26865.0547 118129.977
3 4 4 0 -60403.543 -138065.234 -129436.156
3 4 5 0 -44757.0586 -143222.578 -134271.172
3 4 4 1 -63328.3516 -144750.516 -117609.797
3 4 5 1 -47103.1289 -150730.016 -122468.141
0 8 46 94 164875.922 -43151.1211 104979.594
0 8 47 94 165447.719 -43300.7734 104051.109
0 8 46 95 165101.328 -41920.2617 105123.117
0 8 47 95 165667.562 -42064.0312 104189.367
0 10 114 412 156110.688 -30337.918 121199.219
0 10 115 412 156282.219 -30371.252 121027.148
0 10 114 413 156135.406 -30037.7656 121218.398
0 10 115 413 156312.75 -30071.8867 121050.789
0 14 2104 6790 159064.266 -27212.9609 118201.133
0 14 2105 6790 159073.109 -27214.4727 118188.289
0 14 2104 6791 159063.297 -27193.375 118200.406
0 14 2105 6791 159073.422 -27195.1094 118188.531
0 11 258 866 158597.594 -24393.6738 118560.992
0 11 259 866 158693.75 -24408.4609 118477.898
0 11 258 867 158569.062 -24234.4297 118539.664
0 11 259 867 158679 -24251.2344 118466.891
0 19 67706 217824 159201.531 -26915.4824 118082.992
0 19 67707 217824 159201.891 -26915.5449 118082.641
0 19 67706 217825 159201.578 -26914.8828 118083.039
0 19 67707 217825 159201.891 -26914.9355 118082.656
0 15 4212 13604 159109.844 -26992.543 118201.016
0 15 4213 13604 159114.438 -26993.3203 118194.711
0 15 4212 13605 159111.172 -26983.0566 118202.016
0 15 4213 13605 159116.047 -26983.8828 118195.914
2 5 28 4 107283.742 137323.188 98701.0469
2 5 29 4 112917.352 133827.984 96188.8594
2 5 28 5 109532.492 140201.594 92007.2969
2 5 29 5 115378.242 136744.578 89738.6328
2 4 2 6 -113526.227 165129.062 30961.6992
2 4 3 6 -98136.6172 174465.094 32712.2051
2 4 2 7 -114500.828 166546.656 10409.166
2 4 3 7 -99061.7109 176109.703 11006.8564
0 11 242 846 157303.422 -27266.9512 120051.391
0 11 243 846 157393.438 -27282.5527 119966.383
0 11 242 847 157297.266 -27112.2734 120046.695
0 11 243 847 157383.625 -27127.1582 119958.906
0 11 252 834 158134.094 -29264.0723 119141.062
0 11 253 834 158213.438 -29278.7559 119046.344
0 11 252 835 158139.672 -29110.6719 119145.266
0 11 253 835 158214.891 -29124.5176 119047.438
2 4 4 8 -80977.4688 185091.359 -11568.21
2 4 5 8 -60546.1914 193747.812 -12109.2383
2 4 4 9 -79942.2031 182725.031 -34260.9414
2 4 5 9 -59611.9766 190758.312 -35767.1836
0 18 33844 108896 159195.297 -26933.5586 118088.992
0 18 33845 108896 159195.953 -26933.666 118088.266
0 18 33844 108897 159195.375 -26932.3555 118089.047
0 18 33845 108897 159196.016 -26932.4648 118088.312
0 6 24 30 195380.328 -9158.45312 45792.2656
0 6 25 30 196723.234 -9221.40234 39959.4062
0 6 24 31 195439.203 -3053.73755 45806.0625
0 6 25 31 196792.047 -3074.87573 39973.3828
0 15 4212 13618 159122.984 -26858.8027 118210.781
0 15 4213 13618 159128.453 -26859.7227 118205.125
0 15 4212 13619 159123.578 -26849.1895 118211.211
0 15 4213 13619 159128.906 -26850.0898 118205.469
0 15 4218 13598 159130.641 -27054.3457 118158.188
0 15 4219 13598 159134.625 -27055.0234 118151.445
0 15 4218 13599 159131.641 -27044.8008 118158.922
0 15 4219 13599 159135.922 -27045.5293 118152.391
4 5 16 6 5304.80811 -100791.359 169753.859
4 5 17 6 15819.3398 -100189.148 168739.625
4 5 16 7 5478.88965 -93141.125 175324.469
4 5 17 7 16297.3994 -92351.9219 173838.922
0 19 67744 217818 159211.156 -26920.752 118067.047
0 19 67745 217818 159211.422 -26920.7988 118066.641
0 19 67744 217819 159211.234 -26920.1582 118067.109
0 19 67745 217819 159211.484 -26920.2031 118066.688
0 14 2094 6802 158973.328 -26964.5312 118327.625
0 14 2095 6802 158986.859 -26966.8262 118318.289
0 14 2094 6803 158976.672 -26945.6914 118330.109
0 14 2095 6803 158989.578 -26947.8809 118320.312
0 14 2132 6796 159348.719 -27144.9121 117867.859
0 14 2133 6796 159360.766 -27146.9668 117857.336
0 14 2132 6797 159350.609 -27125.7852 117869.266
0 14 2133 6797 159359.969 -27127.377 117856.734
0 14 2098 6794 159007.344 -27125.582 118275.305
0 14 2099 6794 159018.141 -27127.4238 118263.914
0 14 2098 6795 159006.734 -27106.0664 118274.852
0 14 2099 6795 159017.328 -27107.875 118263.328
0 17 16950 54448 159228.078 -26938.4941 118044.672
0 17 16951 54448 159229.234 -26938.6895 118043.094
0 17 16950 54449 159227.953 -26936.0469 118044.586
0 17 16951 54449 159229.062 -26936.2324 118042.977
0 11 250 862 157903.141 -24903.6699 119275.477
0 11 251 862 158002.625 -24919.3594 119196.312
0 11 250 863 157894.172 -24748.0586 119268.688
0 11 251 863 157989.188 -24762.9531 119186.188
0 10 150 434 162223.797 -24555.3594 114538.875
0 10 151 434 162374.109 -24578.1113 114327.852
0 10 150 435 162203.125 -24235.4277 114524.273
0 10 151 435 162350.406 -24257.4336 114311.172
4 5 16 16 6281.77295 6281.77295 201016.734
4 5 17 16 18773.2129 6257.73779 200247.609
4 5 16 17 6257.40771 18772.2227 200237.047
4 5 17 17 18697.0332 18697.0332 199435.031
0 18 33878 108898 159214.625 -26934.3984 118062.023
0 18 33879 108898 159215.188 -26934.4922 118061.234
0 18 33878 108899 159214.547 -26933.1699 118061.977
0 18 33879 108899 159215.125 -26933.2676 118061.188
0 11 280 840 160263.062 -28719.0156 116362.875
0 11 281 840 160326.922 -28730.459 116252.672
0 11 280 841 160287.328 -28566.834 116380.484
0 11 281 841 160346.219 -28577.3301 116266.664
4 6 52 14 95699.1641 -81694.4062 149384.062
4 6 53 14 99181.6641 -80729.2656 147619.219
4 6 52 15 96650.3828 -77791.7734 150868.891
4 6 53 15 100140.062 -76851.6719 149045.672
0 15 4252 13608 159293.031 -26984.7305 117948.211
0 15 4253 13608 159297.094 -26985.418 117941.492
0 15 4252 13609 159293.531 -26975.0918 117948.578
0 15 4253 13609 159297.453 -26975.7559 117941.758
4 6 52 36 104919.516 23031.1133 163776.812
4 6 53 36 108531.57 22715.9102 161535.359
4 6 52 37 104559.984 28052.6777 163215.594
4 6 53 37 108133.102 27661.957 160942.297
0 15 4244 13628 159269.328 -26786.293 118008.422
0 15 4245 13628 159272.781 -26786.875 118001.258
0 15 4244 13629 159270.469 -26776.7637 118009.273
0 15 4245 13629 159273.516 -26777.2773 118001.805
5 4 6 12 32537.9023 97613.7109 -173535.484
5 4 7 12 10956.3252 98606.9219 -175301.203
5 4 6 13 30746.2969 112736.422 -163980.25
5 4 7 13 10356.4502 113920.961 -165703.203
0 6 4 44 141965.328 55455.2109 122001.461
0 6 5 44 143982.422 56243.1367 119235.453
0 6 4 45 141067.531 59512.8633 121229.914
0 6 5 45 143034.578 60342.7109 118450.508
0 10 124 440 157570.484 -22004.4727 119255.008
0 10 125 440 157744.453 -22028.7676 119078.57
0 10 124 441 157562.203 -21695.5781 119248.742
0 10 125 441 157726.828 -21718.2441 119065.266
0 15 4242 13598 159246.875 -27074.1055 118011.227
0 15 4243 13598 159251.031 -27074.8125 118004.578
0 15 4242 13599 159248.078 -27064.5918 118012.117
0 15 4243 13599 159251.734 -27065.2129 118005.109
0 12 520 1716 158809.062 -25705.668 118447.68
0 12 521 1716 158854.172 -25712.9688 118403.758
0 12 520 1717 158810.375 -25628.3359 118448.656
0 12 521 1717 158857.094 -25635.875 118405.938
4 7 120 58 129616.336 -12617.5195 146822.047
4 7 121 58 130877.703 -12518.7373 145672.578
4 7 120 59 129661.633 -10327.0332 146873.359
4 7 121 59 130923.617 -10246.1963 145723.672
0 7 22 36 157894.719 -67845.3828 102384.852
0 7 23 36 158957.672 -68302.125 100590.406
0 7 22 37 158574.094 -65659.5859 102825.398
0 7 23 37 159627.922 -66095.9297 101014.547
0 8 48 96 166425.141 -40956.1875 103365.617
0 8 49 96 167025.906 -41104.0312 102433.859
0 8 48 97 166666.188 -39713.4258 103515.32
0 8 49 97 167222.812 -39846.0586 102554.617
0 9 52 196 154127.016 -35822.4883 122518.938
0 9 53 196 154381.438 -35881.625 122118.133
0 9 52 197 154205.953 -35238.4688 122581.688
0 9 53 197 154510.234 -35308.0039 122220
0 14 2096 6812 159019.781 -26778.2949 118323.375
0 14 2097 6812 159032.562 -26780.4473 118313.477
0 14 2096 6813 159019.781 -26758.8828 118323.375
0 14 2097 6813 159033.641 -26761.2129 118314.273
0 12 538 1686 159525.969 -28158.5156 117580.305
0 12 539 1686 159548.516 -28162.4941 117519.008
0 12 538 1687 159537.219 -28082.6035 117588.602
0 12 539 1687 159564.172 -28087.3438 117530.539
0 10 110 418 155400.203 -28378.7461 121861.688
0 10 111 418 155598.078 -28414.8848 121712.953
0 10 110 419 155407.141 -28076.4844 121867.117
0 10 111 419 155582.594 -28108.1836 121700.844
0 6 24 22 188490.047 -55957.9844 44177.3555
0 6 25 22 189644.891 -56300.832 38521.6211
0 6 24 23 189862.859 -50432.3203 44499.1094
0 6 25 23 191016.406 -50738.7344 38800.207
0 16 8444 27230 159161.859 -26896.9355 118144.938
0 16 8445 27230 159163.172 -26897.1602 118141.062
0 16 8444 27231 159162.938 -26892.2617 118145.75
0 16 8445 27231 159164.297 -26892.4902 118141.898
0 17 16932 54436 159205.609 -26963.8477 118071.75
0 17 16933 54436 159206.688 -26964.0312 118070.117
0 17 16932 54437 159205.797 -26961.4492 118071.883
0 17 16933 54437 159206.891 -26961.6348 118070.266
0 9 74 228 161720.812 -17372.3535 114657.531
0 9 75 228 162071.578 -17410.0332 114273.117
0 9 74 229 161655.203 -16733.8398 114611.016
0 9 75 229 162004.547 -16770.002 114225.859
1 4 10 6 -185479.5 -34777.4062 57962.3438
1 4 11 6 -177182.312 -33221.6875 77517.2656
1 4 10 7 -191292.109 -11955.7568 59778.7852
1 4 11 7 -181166.672 -11322.917 79260.4141
0 16 8484 27220 159252.672 -26960.8848 118017.961
0 16 8485 27220 159254.859 -26961.252 118014.711
0 16 8484 27221 159252.344 -26955.9668 118017.719
0 16 8485 27221 159254.625 -26956.3516 118014.531
0 18 33876 108896 159213.656 -26936.6641 118063.734
0 18 33877 108896 159214.188 -26936.7539 118062.922
0 18 33876 108897 159213.578 -26935.4375 118063.695
0 18 33877 108897 159214.125 -26935.5293 118062.891
0 16 8454 27210 159177.609 -26996.7539 118108.062
0 16 8455 27210 159179.828 -26997.1289 118104.852
0 16 8454 27211 159178 -26991.9609 118108.344
0 16 8455 27211 159180.297 -26992.3477 118105.195
0 7 2 34 135392.359 -62407.4141 130103.602
0 7 3 34 136540.078 -62936.4453 129073.055
0 7 2 35 135956.938 -60543.3242 130646.117
0 7 3 35 137096.234 -61050.668 129598.773
0 7 0 66 138838.328 5423.37207 137753.656
0 7 1 66 139916.422 5465.48535 136637.141
0 7 0 67 138764.609 7588.68945 137680.5
0 7 1 67 139838.297 7647.40674 136560.828
0 19 67704 217808 159200.844 -26925.084 118083.695
0 19 67705 217808 159201.156 -26925.1367 118083.328
0 19 67704 217809 159200.859 -26924.4785 118083.711
0 19 67705 217809 159201.156 -26924.5273 118083.312
4 7 126 36 131742.188 -57966.5586 134903.984
4 7 127 36 133028.344 -57610.7031 134075.812
4 7 126 37 132210.609 -56057.2969 135383.656
4 7 127 37 133527.516 -55724.0781 134578.906
0 16 8450 27212 159169.375 -26985.6406 118121.383
0 16 8451 27212 159171.391 -26985.9824 118118.016
0 16 8450 27213 159169.812 -26980.8574 118121.703
0 16 8451 27213 159171.891 -26981.2109 118118.391
0 9 86 214 165167.953 -26775.2734 109359.25
0 9 87 214 165467.656 -26823.8594 108911.328
0 9 86 215 165266.625 -26145.6973 109424.578
0 9 87 215 165563.422 -26192.6504 108974.352
0 14 2136 6802 159384.625 -27034.293 117816.594
0 14 2137 6802 159395.281 -27036.1035 117805.016
0 14 2136 6803 159379.875 -27014.0332 117813.094
0 14 2137 6803 159390.297 -27015.8008 117801.344
0 18 33840 108906 159192.672 -26920.9688 118091.906
0 18 33841 108906 159193.359 -26921.082 118091.203
0 18 33840 108907 159192.656 -26919.75 118091.891
0 18 33841 108907 159193.328 -26919.8652 118091.172
0 7 28 40 166906.906 -61286.125 92581.1719
0 7 29 40 167966.25 -61675.1055 90544.3047
0 7 28 41 167570.938 -58911.6562 92949.5078
0 7 29 41 168637.484 -59286.6133 90906.1406
0 16 8450 27238 159176.828 -26860.6055 118126.906
0 16 8451 27238 159178.781 -26860.9336 118123.5
0 16 8450 27239 159177.484 -26855.8574 118127.391
0 16 8451 27239 159179.438 -26856.1875 118123.992
0 14 2130 6794 159322.656 -27179.3711 117887.484
0 14 2131 6794 159335.562 -27181.5742 117877.586
0 14 2130 6795 159323.125 -27160.0039 117887.836
0 14 2131 6795 159335.344 -27162.0859 117877.422
0 16 8476 27242 159235.891 -26851.1309 118044.391
0 16 8477 27242 159237.703 -26851.4375 118040.875
0 16 8476 27243 159236.828 -26846.4336 118045.086
0 16 8477 27243 159238.781 -26846.7617 118041.68
0 17 16910 54458 159182.875 -26906.5605 118108.328
0 17 16911 54458 159184.031 -26906.7559 118106.75
0 17 16910 54459 159182.812 -26904.1191 118108.273
0 17 16911 54459 159183.906 -26904.3066 118106.664
0 10 152 430 162340.469 -25841.3047 113987.109
0 10 153 430 162467.125 -25861.4668 113758.719
0 10 152 431 162408.703 -25534.9609 114035.016
0 10 153 431 162538.281 -25555.332 113808.539
0 11 242 850 157270.188 -26646.8535 120026.023
0 11 243 850 157345.453 -26659.6055 119929.812
0 11 242 851 157262.984 -26492.0566 120020.531
0 11 243 851 157337.594 -26504.623 119923.82
0 17 16924 54436 159197.297 -26962.4395 118085.016
0 17 16925 54436 159198.406 -26962.627 118083.406
0 17 16924 54437 159197.844 -26960.1035 118085.422
0 17 16925 54437 159198.906 -26960.2812 118083.773
0 16 8486 27230 159250.031 -26911.8359 118006.266
0 16 8487 27230 159252.688 -26912.2852 118003.383
0 16 8486 27231 159249.828 -26906.9414 118006.125
0 16 8487 27231 159252.391 -26907.373 118003.164
0 12 534 1718 159437.141 -25651.6309 117826.219
0 12 535 1718 159477.047 -25658.0508 117777.836
0 12 534 1719 159435.516 -25573.5195 117825.031
0 12 535 1719 159480.094 -25580.6699 117780.094
0 10 152 422 162027.906 -28323.2363 113767.641
0 10 153 422 162177.391 -28349.3672 113555.852
0 10 152 423 162083.812 -28016.4395 113806.891
0 10 153 423 162210.656 -28038.3652 113579.141
0 10 112 414 155771.125 -29663.4453 121544.062
0 10 113 414 155957.125 -29698.8672 121384.609
0 10 112 415 155805 -29365.5898 121570.492
0 10 113 415 155978.188 -29398.2344 121400.992
0 11 278 838 160061.016 -28995.4277 116528.797
0 11 279 838 160126.625 -29007.3125 116420.188
0 11 278 839 160099.672 -28846.082 116556.938
0 11 279 839 160164.656 -28857.791 116447.836
0 15 4230 13630 159213.234 -26757.4258 118102.914
0 15 4231 13630 159216.719 -26758.0098 118095.781
0 15 4230 13631 159214.906 -26747.9883 118104.156
0 15 4231 13631 159219.172 -26748.7051 118097.586
0 8 10 110 144301.078 -19728.6621 132463.891
0 8 11 110 144878.797 -19807.6465 131862.344
0 8 10 111 144301.562 -18601.373 132464.328
0 8 11 111 144888.781 -18677.0703 131871.422
0 9 86 212 165013.422 -28039.3906 109256.922
0 9 87 212 165322.062 -28091.834 108815.5
0 9 86 213 165108.781 -27410.6387 109320.07
0 9 87 213 165407.281 -27460.1914 108871.586
0 12 546 1712 159944.078 -26201.7773 117263.688
0 12 547 1712 159988.516 -26209.0586 117218.156
0 12 546 1713 159947.156 -26124.1836 117265.953
0 12 547 1713 159988.625 -26130.9551 117218.227
4 7 120 44 128071.438 -44201.6484 145072.078
4 7 121 44 129489.594 -43913.8594 144127.547
4 7 120 45 128360.781 -42029.6406 145399.828
4 7 121 45 129666.383 -41718.75 144324.328
0 7 30 42 170321.266 -57217.3047 89152.5391
0 7 31 42 171349.438 -57562.6992 87013.3828
0 7 30 43 170936.766 -54753.1836 89474.7109
0 7 31 43 171982.625 -55088.1836 87334.9297
0 8 52 104 170181.734 -31244.3047 100380.633
0 8 53 104 170759.344 -31350.3496 99387.2734
0 8 52 105 170334.734 -29941.6543 100470.883
0 8 53 105 170912.891 -30043.2832 99476.6406
3 5 30 14 131136.062 -144701.859 -13565.8008
3 5 31 14 136064.828 -140454.016 -13167.5635
3 5 30 15 131511 -145115.578 -4534.86182
3 5 31 15 136471.5 -140873.797 -4402.30615
4 7 124 38 130144.805 -54854.4219 137673.844
4 7 125 38 131441.891 -54500.2969 136785.062
4 7 124 39 130692.836 -52925.1992 138253.578
4 7 125 39 132013.922 -52590.918 137380.344
5 4 6 8 36959.1211 12319.707 -197115.312
5 4 7 8 12517.9717 12517.9717 -200287.547
5 4 6 9 36564.9375 36564.9375 -195013
5 4 7 9 12348.1514 37044.457 -197570.422
0 17 16920 54468 159196.234 -26884.5273 118093.953
0 17 16921 54468 159197.375 -26884.7168 118092.352
0 17 16920 54469 159196.531 -26882.1465 118094.156
0 17 16921 54469 159197.641 -26882.3379 118092.562
0 13 1036 3404 158741.469 -26799.25 118571.664
0 13 1037 3404 158763.859 -26803.0293 118549.625
0 13 1036 3405 158741.297 -26760.4668 118571.539
0 13 1037 3405 158764.016 -26764.2949 118549.742
0 19 67744 217816 159211.031 -26921.9473 118066.961
0 19 67745 217816 159211.297 -26921.9941 118066.555
0 19 67744 217817 159211.094 -26921.3496 118067.008
0 19 67745 217817 159211.359 -26921.3984 118066.594
0 19 67744 217820 159211.297 -26919.5625 118067.148
0 19 67745 217820 159211.562 -26919.6074 118066.742
0 19 67744 217821 159211.359 -26918.9629 118067.195
0 19 67745 217821 159211.625 -26919.0117 118066.797
0 11 278 864 160376.828 -24980.5703 116758.719
0 11 279 864 160454.094 -24992.6035 116658.266
0 11 278 865 160387.5 -24825.6055 116766.492
0 11 279 865 160471.578 -24838.6172 116670.977
0 11 284 846 160645.156 -27846.207 116012.789
0 11 285 846 160713 -27857.9668 115904.844
0 11 284 847 160663.672 -27692.5176 116026.156
0 11 285 847 160742.781 -27706.1543 115926.312
0 18 33882 108914 159217.562 -26915.459 118059.344
0 18 33883 108914 159218.109 -26915.5527 118058.539
0 18 33882 108915 159217.656 -26914.2617 118059.414
0 18 33883 108915 159218.219 -26914.3535 118058.617
1 4 8 2 -162270.578 -111561.023 10141.9111
1 4 9 2 -159476.078 -109639.805 29901.7656
1 4 8 3 -171973.641 -96735.1641 10748.3525
1 4 9 3 -168032.047 -94518.0234 31506.0078
1 4 10 14 -152192.828 123656.672 47560.2617
1 4 11 14 -147875.484 120148.828 64695.5234
1 4 10 15 -143356.609 134396.828 44798.9414
1 4 11 15 -139820.359 131081.578 61171.4102
0 11 274 866 160057.031 -24618.1465 117151.117
0 11 275 866 160136.516 -24630.3711 117052.906
0 11 274 867 160036.172 -24458.6523 117135.852
0 11 275 867 160118.781 -24471.2793 117039.953
0 8 44 120 166377.516 -9748.68262 108535.328
0 8 45 120 167165.766 -9794.86914 107743.555
0 8 44 121 166286.797 -8444.25098 108476.141
0 8 45 121 167037.766 -8482.38672 107661.062
0 13 1060 3420 159264.812 -26265.4727 118029.375
0 13 1061 3420 159284.062 -26268.6484 118004.758
0 13 1060 3421 159260.234 -26225.8359 118025.984
0 13 1061 3421 159277.453 -26228.6738 117999.859
3 4 2 2 -96470.5859 -140320.844 -96470.5859
3 4 3 2 -82210.8359 -146152.594 -100479.906
3 4 2 3 -100485.312 -146160.453 -82215.2578
3 4 3 3 -85880.1328 -152675.797 -85880.1328
0 18 33860 108890 159204.484 -26942.4023 118076.383
0 18 33861 108890 159205.078 -26942.498 118075.594
0 18 33860 108891 159204.547 -26941.1973 118076.43
0 18 33861 108891 159205.141 -26941.2969 118075.648
0 6 4 4 125046.766 -107462.062 107462.062
0 6 5 4 126562.367 -108764.539 104809.461
0 6 4 5 126489.578 -104749.18 108701.984
0 6 5 5 128054.523 -106045.156 106045.156
0 14 2126 6822 159314.359 -26633.4238 117959.133
0 14 2127 6822 159320.469 -26634.4473 117944.211
0 14 2126 6823 159314.938 -26614.0723 117959.562
0 14 2127 6823 159323.062 -26615.4316 117946.141
0 18 33840 108904 159192.672 -26923.3965 118091.898
0 18 33841 108904 159193.359 -26923.5137 118091.203
0 18 33840 108905 159192.656 -26922.1816 118091.898
0 18 33841 108905 159193.344 -26922.2988 118091.195
0 19 67714 217800 159203.328 -26930.3613 118079.469
0 19 67715 217800 159203.578 -26930.4062 118079.047
0 19 67714 217801 159203.375 -26929.7617 118079.5
0 19 67715 217801 159203.625 -26929.8027 118079.078
0 11 248 836 157800.125 -28894.0684 119505.859
0 11 249 836 157888.906 -28910.3223 119418.906
0 11 248 837 157802.031 -28740.3105 119507.305
0 11 249 837 157879.156 -28754.3555 119411.531
4 6 48 26 89944.5547 -29981.5195 174437.922
4 6 49 26 94271.4609 -29628.1719 172382.094
4 6 48 27 90319.7734 -24632.666 175165.625
4 6 49 27 94306.9141 -24250.3496 172446.922
4 6 56 40 116477.102 40410.4258 152133.359
4 6 57 40 119462.367 39820.793 149913.562
4 6 56 41 115834.812 44915.543 151294.453
4 6 57 41 118829.266 44269.7266 149119.078
5 4 6 10 35538.625 59231.0391 -189539.312
5 4 7 10 12009.5566 60047.7812 -192152.906
5 4 6 11 34172.25 79735.25 -182252
5 4 7 11 11533.8779 80737.1484 -184542.047
0 12 514 1686 158567.266 -27989.291 118731.891
0 12 515 1686 158607.016 -27996.3066 118684.203
0 12 514 1687 158573.312 -27912.9316 118736.422
0 12 515 1687 158615.469 -27920.3516 118690.531
0 18 33846 108894 159196.344 -26936.1641 118087.344
0 18 33847 108894 159196.938 -26936.2656 118086.57
0 18 33846 108895 159196.469 -26934.9707 118087.422
0 18 33847 108895 159197.078 -26935.0742 118086.672
0 18 33858 108890 159203.328 -26942.2051 118077.945
0 18 33859 108890 159203.922 -26942.3047 118077.172
0 18 33858 108891 159203.375 -26940.998 118077.984
0 18 33859 108891 159203.953 -26941.0938 118077.195
0 15 4238 13630 159245.266 -26762.8105 118048.914
0 15 4239 13630 159250.219 -26763.6406 118042.875
0 15 4238 13631 159245.781 -26753.1758 118049.297
0 15 4239 13631 159250.5 -26753.9688 118043.07
0 16 8482 27238 159244.438 -26872.0137 118021.57
0 16 8483 27238 159246.562 -26872.373 118018.289
0 16 8482 27239 159245.344 -26867.3066 118022.25
0 16 8483 27239 159247.547 -26867.6758 118019.016
0 9 66 194 157783.922 -37905.1211 116797.078
0 9 67 194 158095.516 -37979.9805 116410.172
0 9 66 195 157879.656 -37311.4023 116867.953
0 9 67 195 158176.562 -37381.5664 116469.844
0 15 4222 13596 159145.875 -27076.3613 118130.641
0 15 4223 13596 159150.109 -27077.082 118124.078
0 15 4222 13597 159147.062 -27066.8535 118131.539
0 15 4223 13597 159151.594 -27067.6211 118125.172
0 15 4210 13610 159104.422 -26933.3574 118216.414
0 15 4211 13610 159109.953 -26934.2949 118210.812
0 15 4210 13611 159105.188 -26923.7734 118216.977
0 15 4211 13611 159111.5 -26924.8418 118211.953
4 6 48 24 88540.7734 -40245.8047 171715.438
4 6 49 24 92746.6953 -39748.582 169593.953
4 6 48 25 89196.6719 -35138.082 172987.484
4 6 49 25 93450.9062 -34710.3398 170881.656
0 8 26 122 153882.766 -6612.14941 122024.227
0 8 27 122 154548.328 -6640.74805 121344.578
0 8 26 123 153833.625 -5408.21289 121985.25
0 8 27 123 154478.656 -5430.89062 121289.883
0 6 18 12 161562.766 -98452.3125 68159.2891
0 6 19 12 163000.609 -99328.4922 63672.1094
0 6 18 13 163508.516 -94528.3594 68980.1562
0 6 19 13 165028.141 -95406.8906 64464.1172
0 13 1068 3388 159381.812 -27529.9395 117804.797
0 13 1069 3388 159404.312 -27533.8242 117782.508
0 13 1068 3389 159377.094 -27490.2148 117801.312
0 13 1069 3389 159399.266 -27494.0391 117778.781
0 14 2100 6792 159028.297 -27167.9805 118252.055
0 14 2101 6792 159038.172 -27169.6699 118239.992
0 14 2100 6793 159028.5 -27148.6055 118252.211
0 14 2101 6793 159037.703 -27150.1738 118239.633
0 12 544 1690 159745.125 -27885.1953 117273.828
0 12 545 1690 159772.438 -27889.9629 117215.859
0 12 544 1691 159748.328 -27807.7539 117276.188
0 12 545 1691 159781.984 -27813.6113 117222.859
0 13 1058 3420 159221.359 -26258.3086 118074.922
0 13 1059 3420 159243.562 -26261.9688 118052.516
0 13 1058 3421 159215.828 -26218.5234 118070.82
0 13 1059 3421 159237.984 -26222.1738 118048.367
0 7 4 68 143022.812 10056.291 132966.516
0 7 5 68 144106.734 10132.5049 131722.562
0 7 4 69 142888.953 12279.5195 132842.078
0 7 5 69 143994.891 12374.5615 131620.328
0 12 508 1692 158318.25 -27481.5117 119009.242
0 12 509 1692 158364.25 -27489.498 118966.508
0 12 508 1693 158318.375 -27404.2324 119009.344
0 12 509 1693 158363.328 -27412.0117 118965.812
0 15 4210 13612 159106.328 -26914.2578 118217.828
0 15 4211 13612 159112.391 -26915.2832 118212.617
0 15 4210 13613 159107.234 -26904.6992 118218.508
0 15 4211 13613 159113.016 -26905.6797 118213.086
0 9 58 194 155518.297 -37360.8398 119979.93
0 9 59 194 155798.391 -37428.1289 119587.43
0 9 58 195 155655.578 -36785.793 120085.859
0 9 59 195 155926.484 -36849.8125 119685.758
0 9 54 226 154771.562 -17835.0039 121822.141
0 9 55 226 155076.422 -17870.1348 121456.344
0 9 54 227 154749.875 -17228.0137 121805.07
0 9 55 227 155067.656 -17263.3906 121449.477
0 9 44 216 151599.188 -23391.2812 125246.984
0 9 45 216 151941.938 -23444.168 124936.641
0 9 44 217 151578.719 -22796.0195 125230.07
0 9 45 217 151923.797 -22847.9141 124921.711
2 4 6 12 -32673.5586 174258.984 -98020.6719
2 4 7 12 -10975.7256 175611.609 -98781.5234
2 4 6 13 -31054.6035 165624.547 -113866.875
2 4 7 13 -10378.083 166049.328 -114158.922
0 12 544 1714 159841.469 -26028.873 117344.555
0 12 545 1714 159892.297 -26037.1484 117303.797
0 12 544 1715 159840.938 -25950.7363 117344.164
0 12 545 1715 159891.172 -25958.8945 117302.977
0 10 142 410 160119.594 -31742.457 115555.062
0 10 143 410 160272.719 -31772.8164 115352.539
0 10 142 411 160162.297 -31438.1074 115585.875
0 10 143 411 160310.391 -31467.1777 115379.648
0 19 67740 217828 159210.797 -26914.6211 118069.219
0 19 67741 217828 159211.047 -26914.6621 118068.789
0 19 67740 217829 159210.844 -26914.0195 118069.242
0 19 67741 217829 159211.109 -26914.0645 118068.836
0 11 244 840 157478.922 -28220.1016 119877.758
0 11 245 840 157569.078 -28236.2559 119792.5
0 11 244 841 157471.984 -28065.0742 119872.469
0 11 245 841 157568.641 -28082.3027 119792.18
0 12 516 1714 158610.531 -25828.4238 118609.383
0 12 517 1714 158662.062 -25836.8145 118570.453
0 12 516 1715 158606.75 -25750.3633 118606.57
0 12 517 1715 158659.812 -25758.9785 118568.773
0 14 2130 6820 159336.578 -26676.0391 117897.789
0 14 2131 6820 159345.844 -26677.5898 117885.188
0 14 2130 6821 159339.172 -26657.0215 117899.703
0 14 2131 6821 159347.625 -26658.4395 117886.516
0 14 2114 6788 159153.703 -27267.1152 118073.312
0 14 2115 6788 159162.703 -27268.6582 118060.57
0 14 2114 6789 159155.672 -27248.0273 118074.773
0 14 2115 6789 159164.547 -27249.5469 118061.93
5 4 8 2 -10393.4766 -114328.25 -166295.625
5 4 9 2 -30839.1602 -113076.922 -164475.516
5 4 8 3 -10968.9961 -98720.9609 -175503.938
5 4 9 3 -32569.7832 -97709.3516 -173705.516
0 16 8446 27234 159168.719 -26878.666 118140.328
0 16 8447 27234 159170.109 -26878.9023 118136.5
0 16 8446 27235 159169.469 -26873.9355 118140.875
0 16 8447 27235 159170.766 -26874.1543 118136.984
0 14 2104 6820 159119.406 -26639.6797 118242.109
0 14 2105 6820 159128.328 -26641.1738 118229.312
0 14 2104 6821 159119.891 -26620.3379 118242.469
0 14 2105 6821 159129.688 -26621.9766 118230.328
0 8 52 110 171035.266 -23383.7266 100884.078
0 8 53 110 171628.516 -23464.8379 99893.1641
0 8 52 111 171135.344 -22060.4141 100943.109
0 8 53 111 171718.938 -22135.6445 99945.7891
0 14 2112 6788 159135.641 -27264.0234 118098.773
0 14 2113 6788 159144.062 -27265.4668 118085.602
0 14 2112 6789 159135.516 -27244.5742 118098.68
0 14 2113 6789 159145.859 -27246.3477 118086.93
0 13 1040 3390 158816.594 -27354.7617 118472.672
0 13 1041 3390 158836.25 -27358.1465 118448.562
0 13 1040 3391 158820.953 -27316.7402 118475.938
0 13 1041 3391 158839.828 -27319.9863 118451.242
0 18 33878 108920 159215.656 -26907.8496 118062.797
0 18 33879 108920 159216.203 -26907.9414 118061.984
0 18 33878 108921 159215.766 -26906.6543 118062.883
0 18 33879 108921 159216.297 -26906.7422 118062.062
0 6 6 44 145968.344 57018.8867 116318.531
0 6 7 44 148011.125 57816.8477 113321.023
0 6 6 45 144998.859 61171.3906 115545.969
0 6 7 45 146972.891 62004.1875 112526.125
0 8 10 96 143701.359 -35364.0078 131913.359
0 8 11 96 144315.438 -35515.1289 131349.609
0 8 10 97 143763.594 -34256.168 131970.484
0 8 11 97 144380.078 -34403.0664 131408.438
0 15 4248 13602 159273.156 -27039.6895 117972.375
0 15 4249 13602 159276.156 -27040.1973 117964.875
0 15 4248 13603 159274.891 -27030.2637 117973.664
0 15 4249 13603 159278.453 -27030.8691 117966.578
0 17 16944 54468 159222.406 -26888.9473 118055.047
0 17 16945 54468 159223.25 -26889.0898 118053.25
0 17 16944 54469 159222.703 -26886.5684 118055.273
0 17 16945 54469 159223.562 -26886.7109 118053.469
0 17 16912 54442 159183.578 -26945.543 118103.984
0 17 16913 54442 159184.781 -26945.7461 118102.445
0 17 16912 54443 159183.562 -26943.1113 118103.969
0 17 16913 54443 159184.781 -26943.3164 118102.445
0 14 2134 6798 159370.469 -27109.7109 117845.047
0 14 2135 6798 159380.031 -27111.3379 117832.672
0 14 2134 6799 159369.422 -27090.0762 117844.266
0 14 2135 6799 159379.625 -27091.8125 117832.359
0 11 262 832 158850.75 -29706.9512 118129.727
0 11 263 832 158933.812 -29722.4863 118036.305
0 11 262 833 158860.453 -29553.6289 118136.953
0 11 263 833 158942.344 -29568.8652 118042.633
0 18 33840 108908 159192.656 -26918.5371 118091.891
0 18 33841 108908 159193.312 -26918.6504 118091.172
0 18 33840 108909 159192.656 -26917.3242 118091.906
0 18 33841 108909 159193.328 -26917.4355 118091.18
3 4 0 4 -127425.742 -135920.797 -59465.3516
3 4 1 4 -116784.75 -143735.078 -62884.0938
3 4 0 5 -130419.305 -139113.922 -43473.1016
3 4 1 5 -119733.594 -147364.422 -46051.3828
0 11 260 832 158695.016 -29677.8281 118323.875
0 11 261 832 158765.609 -29691.0273 118221.461
0 11 260 833 158705.438 -29524.793 118331.656
0 11 261 833 158785.938 -29539.7676 118236.594
1 4 6 0 -141558.047 -132710.672 -26542.1348
1 4 7 0 -142819.562 -133893.344 -8926.22266
1 4 6 1 -150581.266 -122347.289 -28233.9902
1 4 7 1 -152160.172 -123630.141 -9510.01074
0 19 67742 217810 159210.219 -26925.4531 118067.578
0 19 67743 217810 159210.484 -26925.5 118067.156
0 19 67742 217811 159210.25 -26924.8516 118067.586
0 19 67743 217811 159210.516 -26924.8945 118067.18
0 14 2096 6796 158988.734 -27083.5898 118300.273
0 14 2097 6796 158997.359 -27085.0605 118287.273
0 14 2096 6797 158990.016 -27064.4004 118301.219
0 14 2097 6797 158998.703 -27065.8828 118288.281
0 17 16950 54462 159227.359 -26904.3594 118044.141
0 17 16951 54462 159228.391 -26904.5332 118042.469
0 17 16950 54463 159227.297 -26901.9219 118044.094
0 17 16951 54463 159228.344 -26902.0977 118042.438
0 12 526 1718 159087.344 -25595.3516 118189.156
0 12 527 1718 159134.656 -25602.9629 118146.609
0 12 526 1719 159078.766 -25516.2988 118182.789
0 12 527 1719 159132.078 -25524.8477 118144.688
0 16 8476 27212 159230.953 -26996.082 118040.734
0 16 8477 27212 159233.156 -26996.4531 118037.5
0 16 8476 27213 159231.312 -26991.2832 118040.992
0 16 8477 27213 159233.812 -26991.7051 118037.992
0 13 1062 3420 159304.078 -26271.9473 117980.688
0 13 1063 3420 159324.797 -26275.3672 117957.141
0 13 1062 3421 159296.062 -26231.7363 117974.758
0 13 1063 3421 159317.578 -26235.2793 117951.797
0 10 120 408 157014.422 -31740.2188 120060.82
0 10 121 408 157129.922 -31763.5684 119842.258
0 10 120 409 157043.5 -31439.373 120083.07
0 10 121 409 157188.688 -31468.4375 119887.07
0 18 33842 108898 159194.047 -26930.918 118090.492
0 18 33843 108898 159194.719 -26931.0312 118089.781
0 18 33842 108899 159194.047 -26929.7031 118090.5
0 18 33843 108899 159194.766 -26929.8223 118089.812
0 16 8466 27244 159215.656 -26838.002 118077.977
0 16 8467 27244 159218.016 -26838.4004 118074.875
0 16 8466 27245 159216.562 -26833.2969 118078.648
0 16 8467 27245 159218.75 -26833.6641 118075.406
0 11 282 842 160415.078 -28432.9453 116159.945
0 11 283 842 160483.109 -28445.0039 116052.477
0 11 282 843 160429.719 -28278.8711 116170.539
0 11 283 843 160497.156 -28290.7598 116062.648
0 5 18 2 149280.734 -125955.609 -23325.1133
0 5 19 2 148198.547 -125042.523 -32418.4316
0 5 18 3 154300.984 -120547.648 -24109.5293
0 5 19 3 153085.672 -119598.18 -33487.4922
4 6 48 28 90172.7578 -19127.5547 174880.5
4 6 49 28 94218.4531 -18843.6895 172285.172
4 6 48 29 90149.2344 -13658.9746 174834.891
4 6 49 29 94214.3281 -13459.1885 172277.625
0 18 33862 108890 159205.656 -26942.5977 118074.805
0 18 33863 108890 159206.25 -26942.6973 118074.039
0 18 33862 108891 159205.719 -26941.3945 118074.859
0 18 33863 108891 159206.297 -26941.4902 118074.07
0 16 8468 27244 159220.5 -26838.8184 118071.852
0 16 8469 27244 159223.047 -26839.25 118068.891
0 16 8468 27245 159221.016 -26834.0469 118072.234
0 16 8469 27245 159223.422 -26834.4531 118069.156
0 10 134 442 159355.672 -21631.2871 117493.688
0 10 135 442 159551.188 -21657.8262 117326.211
0 10 134 443 159341.469 -21318.1465 117483.211
0 10 135 443 159537.469 -21344.3691 117316.133
0 8 16 90 147042.562 -43078.875 128087.859
0 8 17 90 147566.719 -43232.4375 127391.578
0 8 16 91 147239.844 -41986.3633 128259.711
0 8 17 91 147826.344 -42153.6055 127615.719
0 10 116 410 156437.547 -31012.5215 120841.891
0 10 117 410 156610.5 -31046.8086 120669.625
0 10 116 411 156448.109 -30709.0547 120850.055
0 10 117 411 156632.578 -30745.2617 120686.625
0 12 546 1692 159819.188 -27742.0508 117172.117
0 12 547 1692 159849.266 -27747.2734 117116.133
0 12 546 1693 159817.469 -27663.7168 117170.875
0 12 547 1693 159847.219 -27668.8672 117114.625
4 7 118 52 126412.898 -26674.2812 148448.172
4 7 119 52 127742.352 -26469.1367 147306.5
4 7 118 53 126537.789 -24378.8418 148594.844
4 7 119 53 127853.625 -24188.5234 147434.797
0 8 44 92 163277.453 -45283.9844 106513.023
0 8 45 92 163855.094 -45444.1875 105609.734
0 8 44 93 163503.078 -44069.1875 106660.203
0 8 45 93 164095.5 -44228.8672 105764.672
0 16 8486 27224 159254.891 -26941.8184 118009.875
0 16 8487 27224 159256.969 -26942.1699 118006.555
0 16 8486 27225 159254.25 -26936.8477 118009.398
0 16 8487 27225 159256.406 -26937.2109 118006.141
0 18 33882 108904 159216.719 -26927.4629 118058.719
0 18 33883 108904 159217.297 -26927.5605 118057.93
0 18 33882 108905 159216.703 -26926.248 118058.719
0 18 33883 108905 159217.297 -26926.3477 118057.938
0 9 86 216 165332.672 -25510.3145 109468.312
0 9 87 216 165635.375 -25557.0215 109021.719
0 9 86 217 165382.094 -24871.916 109501.031
0 9 87 217 165668.891 -24915.0469 109043.781
0 6 20 14 168477.234 -92135.9844 60546.5078
0 6 21 14 169860.438 -92892.4219 55735.457
0 6 20 15 170472.609 -87899.9375 61263.5898
0 6 21 15 171929.531 -88651.1641 56414.3789
0 9 46 200 152314.094 -33021.2188 124647.664
0 9 47 200 152687.672 -33102.2109 124356.961
0 9 46 201 152373.219 -32438.8281 124696.055
0 9 47 201 152726.375 -32514.0117 124388.469
0 7 30 64 177460.109 1386.4071 92889.2734
0 7 31 64 178574.234 1395.11121 90682.2344
0 7 30 65 177181.344 4152.6875 92743.3594
0 7 31 65 178560.312 4185.00732 90675.1562
0 17 16914 54440 159185.984 -26950.8086 118100.914
0 17 16915 54440 159187.156 -26951.0059 118099.359
0 17 16914 54441 159186 -26948.3809 118100.922
0 17 16915 54441 159187.172 -26948.5801 118099.359
0 7 24 68 167412.797 11771.2129 103325.094
0 7 25 68 168761.625 11866.0518 101520.664
0 7 24 69 167078.469 14358.3057 103118.75
0 7 25 69 168440.609 14475.3643 101327.555
0 13 1036 3396 158742.438 -27109.457 118572.391
0 13 1037 3396 158762.078 -27112.8105 118548.297
0 13 1036 3397 158744.266 -27071.0137 118573.75
0 13 1037 3397 158762.312 -27074.0898 118548.469
0 12 518 1684 158701.516 -28167.9688 118522.445
0 12 519 1684 158743.719 -28175.459 118476.453
0 12 518 1685 158702.219 -28090.6035 118522.961
0 12 519 1685 158743.047 -28097.8301 118475.945
4 7 118 50 126165.336 -31251.9648 148157.453
4 7 119 50 127477.289 -31007.9883 147000.844
4 7 118 51 126277.211 -28962.6641 148288.844
4 7 119 51 127610.703 -28741.1504 147154.688
0 11 244 856 157410.781 -25748.3477 119825.891
0 11 245 856 157485.031 -25760.4922 119728.609
0 11 244 857 157411.938 -25594.8105 119826.758
0 11 245 857 157490.5 -25607.5859 119732.766
0 16 8480 27240 159242 -26861.8828 118029.484
0 16 8481 27240 159244.219 -26862.2578 118026.258
0 16 8480 27241 159243.141 -26857.2148 118030.328
0 16 8481 27241 159245.328 -26857.584 118027.086
4 5 24 30 73489.3125 125364.125 138332.828
4 5 25 30 80766.9375 123275.859 136028.531
4 5 24 31 71595.75 130556.953 134768.469
4 5 25 31 78729.5469 128453.477 132597.141
0 11 242 844 157281.812 -27570.3984 120034.898
0 11 243 844 157385.547 -27588.5801 119960.383
0 11 242 845 157296.703 -27419.3965 120046.258
0 11 243 845 157388.312 -27435.3672 119962.484
0 14 2094 6808 158987.047 -26850.4141 118337.836
0 14 2095 6808 159000.781 -26852.7324 118328.648
0 14 2094 6809 158989.203 -26831.3672 118339.438
0 14 2095 6809 159002.719 -26833.6484 118330.078
0 18 33880 108918 159216.609 -26910.4375 118061.07
0 18 33881 108918 159217.203 -26910.5391 118060.297
0 18 33880 108919 159216.688 -26909.2383 118061.133
0 18 33881 108919 159217.25 -26909.332 118060.328
1 4 10 12 -169682.438 95446.375 53025.7656
1 4 11 12 -163798.781 92136.8203 71661.9688
1 4 10 13 -161460.422 111004.039 50456.3828
1 4 11 13 -155962.453 107224.195 68233.5703
0 19 67734 217832 159209.484 -26911.9688 118071.875
0 19 67735 217832 159209.734 -26912.0098 118071.453
0 19 67734 217833 159209.5 -26911.3633 118071.898
0 19 67735 217833 159209.75 -26911.4062 118071.477
0 18 33880 108900 159215.641 -26932.1406 118060.344
0 18 33881 108900 159216.188 -26932.2324 118059.547
0 18 33880 108901 159215.594 -26930.918 118060.32
0 18 33881 108901 159216.172 -26931.0156 118059.531
0 18 33856 108890 159202.109 -26941.998 118079.477
0 18 33857 108890 159202.719 -26942.0996 118078.703
0 18 33856 108891 159202.141 -26940.7891 118079.492
0 18 33857 108891 159202.75 -26940.8906 118078.727
0 17 16940 54470 159219.734 -26883.6367 118062.781
0 17 16941 54470 159220.594 -26883.7793 118060.992
0 17 16940 54471 159219.984 -26881.25 118062.969
0 17 16941 54471 159220.844 -26881.3945 118061.18
0 15 4250 13624 159291.609 -26828.9297 117966.594
0 15 4251 13624 159296.781 -26829.8027 117960.695
0 15 4250 13625 159292.469 -26819.3516 117967.227
0 15 4251 13625 159297.656 -26820.2266 117961.359
0 17 16952 54456 159229.219 -26919.252 118040.648
0 17 16953 54456 159230.125 -26919.4043 118038.898
0 17 16952 54457 159229.406 -26916.8555 118040.797
0 17 16953 54457 159230.375 -26917.0176 118039.078
0 10 132 442 158982.406 -21580.6191 117839.492
0 10 133 442 159172.172 -21606.377 117669.266
0 10 132 443 158963.234 -21267.541 117825.281
0 10 133 443 159137.859 -21290.9043 117643.898
0 17 16952 54454 159229.031 -26924.0781 118040.516
0 17 16953 54454 159229.859 -26924.2188 118038.703
0 17 16952 54455 159229.047 -26921.6523 118040.531
0 17 16953 54455 159229.906 -26921.8008 118038.742
0 17 16914 54464 159188.172 -26892.8809 118102.531
0 17 16915 54464 159189.312 -26893.0762 118100.953
0 17 16914 54465 159188.812 -26890.5605 118103
0 17 16915 54465 159189.844 -26890.7344 118101.344
0 14 2116 6788 159172.156 -27270.2793 118048.148
0 14 2117 6788 159181.594 -27271.8965 118035.711
0 14 2116 6789 159173.969 -27251.1562 118049.492
0 14 2117 6789 159183.453 -27252.7832 118037.102
0 6 16 10 154650.219 -103905.617 74908.7031
0 6 17 10 156093.547 -104875.359 70729.8906
0 6 16 11 156564.609 -100299.203 75835.9844
0 6 17 11 158090.484 -101276.719 71634.7578
4 5 18 22 28716.3984 74662.6406 183784.953
4 5 19 22 39831.4648 73972.7266 182086.703
4 5 18 23 28254.9785 84764.9297 180831.859
4 5 19 23 39024.8438 83624.6562 178399.266
0 14 2094 6800 158972.578 -27003.2148 118327.062
0 14 2095 6800 158985.188 -27005.3594 118317.031
0 14 2094 6801 158972.297 -26983.7617 118326.859
0 14 2095 6801 158985.453 -26985.9941 118317.234
0 14 2108 6822 159157.953 -26607.2754 118193.039
0 14 2109 6822 159169.203 -26609.1582 118181.969
0 14 2108 6823 159158.578 -26587.9551 118193.516
0 14 2109 6823 159169.25 -26589.7344 118182
0 15 4238 13596 159225.125 -27089.8457 118033.977
0 15 4239 13596 159230.438 -27090.748 118028.203
0 15 4238 13597 159225.969 -27080.2715 118034.602
0 15 4239 13597 159230.688 -27081.0723 118028.383
0 8 8 104 142935.578 -26242.0801 133443.766
0 8 9 104 143513.719 -26348.2227 132862.312
0 8 8 105 142980.047 -25133.2129 133485.281
0 8 9 105 143559.172 -25235.0098 132904.391
0 8 8 102 142834.984 -28455.4082 133349.844
0 8 9 102 143430.5 -28574.043 132785.266
0 8 8 103 142880.219 -27348.1641 133392.078
0 8 9 103 143481.844 -27463.3203 132832.797
0 16 8472 27210 159219.297 -27003.8242 118051.523
0 16 8473 27210 159222.031 -27004.2871 118048.695
0 16 8472 27211 159219.781 -26999.0449 118051.891
0 16 8473 27211 159222.656 -26999.5352 118049.164
0 18 33870 108892 159210.359 -26940.9668 118068.586
0 18 33871 108892 159210.953 -26941.0645 118067.812
0 18 33870 108893 159210.375 -26939.752 118068.602
0 18 33871 108893 159210.953 -26939.8535 118067.812
0 12 550 1702 160019.625 -26995.5 117006.531
0 12 551 1702 160059.531 -27002.2324 116957.57
0 12 550 1703 160029.109 -26918.9609 117013.477
0 12 551 1703 160069.156 -26925.6934 116964.594
0 19 67712 217830 159203.703 -26912.2051 118080.953
0 19 67713 217830 159204 -26912.2559 118080.57
0 19 67712 217831 159203.734 -26911.6016 118080.977
0 19 67713 217831 159204.031 -26911.6543 118080.594
0 8 20 120 150244.406 -8803.38379 126181.828
0 8 21 120 150869.688 -8840.02148 125528.297
0 8 20 121 150217.578 -7628.23682 126159.297
0 8 21 121 150827.297 -7659.19824 125493.016
4 7 122 40 128532.305 -51632.6367 140616.531
4 7 123 40 129893.367 -51302.4219 139717.234
4 7 122 41 129108.484 -49657.1055 141246.891
4 7 123 41 130488.383 -49344.3477 140357.25
0 10 138 408 159491.797 -32241.0176 116348.023
0 10 139 408 159635 -32269.9668 116140.703
0 10 138 409 159549.516 -31941.0645 116390.125
0 10 139 409 159683.953 -31967.9785 116176.312
0 13 1038 3392 158779.781 -27270.8926 118522.75
0 13 1039 3392 158804.031 -27275.0586 118502.086
0 13 1038 3393 158781.141 -27232.3613 118523.773
0 13 1039 3393 158803.828 -27236.252 118501.93
0 8 36 88 157732.5 -48675.2656 112754.102
0 8 37 88 158334.703 -48861.1016 111947.586
0 8 36 89 157985.297 -47519.0156 112934.805
0 8 37 89 158567.344 -47694.082 112112.062
0 15 4250 13604 159283.969 -27022.0801 117960.938
0 15 4251 13604 159287.578 -27022.6953 117953.883
0 15 4250 13605 159284.484 -27012.4473 117961.32
0 15 4251 13605 159288.266 -27013.0859 117954.391
4 6 62 44 129751.219 53176.7344 136132.438
4 6 63 44 132058.359 52404.1133 134154.531
4 6 62 45 128987.562 57092.8594 135331.219
4 6 63 45 131289.312 56266.8516 133373.281
0 13 1056 3420 159180.734 -26251.6094 118122.523
0 13 1057 3420 159199.422 -26254.6895 118097.516
0 13 1056 3421 159178 -26212.2949 118120.484
0 13 1057 3421 159195.766 -26215.2207 118094.805
0 19 67742 217826 159211.188 -26915.9004 118068.289
0 19 67743 217826 159211.453 -26915.9434 118067.875
0 19 67742 217827 159211.25 -26915.3047 118068.336
0 19 67743 217827 159211.5 -26915.3457 118067.914
1 4 10 8 -190934.438 11933.4023 59667.0078
1 4 11 8 -184136.984 11508.5615 80559.9297
1 4 10 9 -188508.734 35345.3867 58908.9805
1 4 11 9 -181233.891 33981.3555 79289.8281
0 7 14 70 154205.438 15661.4893 119268.273
0 7 15 70 155415.422 15784.3779 117775.742
0 7 14 71 153988.141 18045.4863 119100.211
0 7 15 71 155187.484 18186.0332 117603.023
0 19 67716 217832 159204.984 -26911.207 118079.484
0 19 67717 217832 159205.25 -26911.252 118079.07
0 19 67716 217833 159205.016 -26910.6074 118079.5
0 19 67717 217833 159205.297 -26910.6523 118079.102
3 5 18 30 22666.8008 -145067.516 131467.438
3 5 19 30 31472.5 -143874.281 130386.078
3 5 18 31 21941.3926 -140424.906 136036.625
3 5 19 31 30498.2793 -139420.703 135063.812
0 9 48 198 153050.188 -34376.5078 124054.359
0 9 49 198 153391.25 -34453.1133 123731.617
0 9 48 199 153038.656 -33776.1094 124045.016
0 9 49 199 153382.156 -33851.918 123724.266
0 15 4210 13608 159103.688 -26952.6523 118215.867
0 15 4211 13608 159109.078 -26953.5664 118210.156
0 15 4210 13609 159103.641 -26942.9375 118215.828
0 15 4211 13609 159108.703 -26943.791 118209.883
0 12 508 1706 158313.906 -26398.5332 119005.984
0 12 509 1706 158359.484 -26406.1328 118962.922
0 12 508 1707 158300.547 -26319.0117 118995.938
0 12 509 1707 158343.078 -26326.084 118950.594
0 11 264 832 159009.438 -29736.6289 117937.172
0 11 265 832 159082.953 -29750.377 117836.344
0 11 264 833 159026.031 -29584.4316 117949.484
0 11 265 833 159093.234 -29596.9355 117843.969
0 14 2110 6788 159115.688 -27260.6055 118122.805
0 14 2111 6788 159125.516 -27262.2891 118110.68
0 14 2110 6789 159115.672 -27241.1758 118122.797
0 14 2111 6789 159126.438 -27243.0195 118111.367
0 10 136 442 159723.844 -21681.2637 117141.211
0 10 137 442 159916.984 -21707.4805 116970.531
0 10 136 443 159727.625 -21369.8086 117143.992
0 10 137 443 159911.547 -21394.416 116966.555
0 9 86 210 164870.75 -29303.2012 109162.469
0 9 87 210 165170.141 -29356.4102 108715.508
0 9 86 211 164972.031 -28676.7793 109229.531
0 9 87 211 165246.516 -28724.4941 108765.773
0 16 8464 27244 159211.172 -26837.2461 118084.383
0 16 8465 27244 159213.391 -26837.6211 118081.164
0 16 8464 27245 159212.109 -26832.5449 118085.078
0 16 8465 27245 159214.406 -26832.9336 118081.914
0 7 26 38 163490.766 -65140.8555 95795.375
0 7 27 38 164537.641 -65557.9688 93837.875
0 7 26 39 164166 -62844.7969 96191.0234
0 7 27 39 165224.188 -63249.8828 94229.4141
0 12 534 1684 159347.625 -28282.6484 117760.078
0 12 535 1684 159384.359 -28289.166 117709.398
0 12 534 1685 159364.609 -28207.8457 117772.617
0 12 535 1685 159405.062 -28215.0078 117724.688
0 19 67734 217802 159208.156 -26929.9648 118070.898
0 19 67735 217802 159208.406 -26930.0059 118070.477
0 19 67734 217803 159208.156 -26929.3555 118070.906
0 19 67735 217803 159208.406 -26929.3965 118070.469
0 7 34 58 181390.719 -15588.2646 83609.7812
0 7 35 58 182502.328 -15683.7939 81270.5703
0 7 34 59 181519.016 -12763.0557 83668.9219
0 7 35 59 182641.625 -12841.9902 81332.5938
0 7 18 34 152352.859 -70225.1484 108313.367
0 7 19 34 153397.016 -70706.4375 106658.859
0 7 18 35 153008.766 -68136.7188 108779.672
0 7 19 35 154064.766 -68606.9688 107123.156
0 19 67738 217830 159210.375 -26913.332 118070.109
0 19 67739 217830 159210.656 -26913.3809 118069.719
0 19 67738 217831 159210.422 -26912.7344 118070.148
0 19 67739 217831 159210.672 -26912.7793 118069.727
0 15 4248 13626 159283.484 -26808.1172 117980.031
0 15 4249 13626 159287.859 -26808.8535 117973.539
0 15 4248 13627 159284.422 -26798.5547 117980.719
0 15 4249 13627 159289.156 -26799.3516 117974.5
2 5 26 2 89938.8203 137049.625 115635.625
2 5 27 2 96527.9375 134299.734 113315.398
2 5 26 3 92129.7812 140388.234 109678.305
2 5 27 3 98738.6562 137375.516 107324.625
0 12 550 1704 160035.891 -26841.957 117018.43
0 12 551 1704 160076.828 -26848.8242 116970.203
0 12 550 1705 160039.031 -26764.3398 117020.727
0 12 551 1705 160084.641 -26771.9688 116975.914
0 8 20 88 148619.062 -45862.9141 124816.797
0 8 21 88 149190.656 -46039.3047 124131.281
0 8 20 89 148882.344 -44781.0156 125037.898
0 8 21 89 149431 -44946.043 124331.266
0 11 258 832 158546.156 -29649.9902 118522.547
0 11 259 832 158622.391 -29664.2441 118424.617
0 11 258 833 158553.328 -29496.4941 118527.898
0 11 259 833 158632.25 -29511.1758 118431.984
0 13 1078 3410 159614.172 -26712.7734 117586.859
0 13 1079 3410 159636.984 -26716.5898 117564.688
0 13 1078 3411 159616.281 -26674.1562 117588.398
0 13 1079 3411 159637.984 -26677.7832 117565.43
0 12 506 1698 158243.016 -27004.8496 119107.227
0 12 507 1698 158283.781 -27011.8066 119060.625
0 12 506 1699 158247.547 -26928.3535 119110.633
0 12 507 1699 158295.281 -26936.4766 119069.273
0 13 1046 3386 158932.062 -27529.8594 118326.016
0 13 1047 3386 158951.547 -27533.2324 118301.711
0 13 1046 3387 158930.172 -27490.7305 118324.602
0 13 1047 3387 158950.062 -27494.168 118300.602
0 8 40 122 163211.062 -7012.97559 111570.07
0 8 41 122 163910.547 -7043.03125 110767.68
0 8 40 123 163138.75 -5735.34668 111520.633
0 8 41 123 163822.25 -5759.37549 110708.008
0 13 1064 3386 159312.328 -27595.7266 117909.016
0 13 1065 3386 159332.594 -27599.2383 117885.125
0 13 1064 3387 159308.922 -27556.2422 117906.492
0 13 1065 3387 159327.469 -27559.4492 117881.328
0 9 48 222 152848.031 -20001.5996 123890.492
0 9 49 222 153168.828 -20043.5781 123552.195
0 9 48 223 152847.672 -19404.4902 123890.203
0 9 49 223 153175.625 -19446.125 123557.688
4 5 16 4 4990.48682 -114781.195 159695.578
4 5 17 4 14917.4111 -114366.812 159119.047
4 5 16 5 5144.06006 -108025.266 164609.922
4 5 17 5 15366.2471 -107563.734 163906.641
0 16 8444 27218 159159.656 -26954.8496 118143.305
0 16 8445 27218 159161.359 -26955.1387 118139.719
0 16 8444 27219 159159.609 -26949.9824 118143.266
0 16 8445 27219 159161.312 -26950.2754 118139.688
0 5 12 28 156517.984 122279.672 34238.3086
0 5 13 28 157729.828 123226.43 24645.2852
0 5 12 29 151921.844 128184.062 33232.9023
0 5 13 29 153013.391 129105.039 23908.3418
0 17 16934 54436 159207.859 -26964.2285 118068.562
0 17 16935 54436 159209.109 -26964.4375 118067.047
0 17 16934 54437 159208.062 -26961.832 118068.703
0 17 16935 54437 159209.328 -26962.0469 118067.211
0 12 542 1688 159672.906 -28028.5215 117376.742
0 12 543 1688 159712.25 -28035.4277 117327.68
0 12 542 1689 159680.469 -27951.8789 117382.297
0 12 543 1689 159712.047 -27957.4062 117327.531
0 19 67744 217822 159211.422 -26918.3691 118067.25
0 19 67745 217822 159211.703 -26918.416 118066.844
0 19 67744 217823 159211.5 -26917.7734 118067.297
0 19 67745 217823 159211.766 -26917.8223 118066.898
0 16 8456 27242 159192.641 -26843.8418 118109.5
0 16 8457 27242 159194.797 -26844.2031 118106.234
0 16 8456 27243 159193.016 -26839.0449 118109.773
0 16 8457 27243 159195.141 -26839.4043 118106.492
0 15 4210 13614 159108.297 -26895.166 118219.297
0 15 4211 13614 159113.844 -26896.1055 118213.695
0 15 4210 13615 159109.578 -26885.6719 118220.234
0 15 4211 13615 159114.672 -26886.5332 118214.312
0 14 2124 6790 159265.047 -27247.3105 117961.508
0 14 2125 6790 159276.547 -27249.2754 117950.586
0 14 2124 6791 159263.359 -27227.5801 117960.25
0 14 2125 6791 159273.906 -27229.3848 117948.625
0 16 8484 27236 159246.578 -26882.0957 118013.438
0 16 8485 27236 159249.109 -26882.5215 118010.453
0 16 8484 27237 159247.562 -26877.4004 118014.164
0 16 8485 27237 159249.922 -26877.7988 118011.062
4 5 22 28 60993.1602 117294.539 150137.016
4 5 23 28 69392.2656 115653.766 148036.828
4 5 22 29 59402.1875 123373.766 146220.766
4 5 23 29 67584.0547 121651.305 144179.312
0 11 272 834 159548.516 -29525.8242 117090.547
0 11 273 834 159624.844 -29539.9473 116990.664
0 11 272 835 159588.406 -29377.3574 117119.82
0 11 273 835 159646.047 -29387.9688 117006.203
0 17 16924 54470 159201.625 -26880.5762 118088.219
0 17 16925 54470 159202.984 -26880.8066 118086.805
0 17 16924 54471 159201.688 -26878.1602 118088.273
0 17 16925 54471 159203.016 -26878.3828 118086.828
1 4 10 10 -184021.422 57506.6914 57506.6914
1 4 11 10 -177906.953 55595.9258 77834.2891
1 4 10 11 -177251.203 77547.3984 55391.0039
1 4 11 11 -171589.703 75070.4922 75070.4922
4 6 48 22 87180.9844 -50195.1055 169078.266
4 6 49 22 91329.5938 -49578.9258 167002.688
4 6 48 23 87884.3359 -45273.7461 170442.344
4 6 49 23 92059.5625 -44714.6484 168337.5
0 7 16 70 156615.531 15906.2666 116238.094
0 7 17 70 157855.156 16032.1641 114691.633
0 7 16 71 156385.594 18326.4375 116067.438
0 7 17 71 157607.375 18469.6152 114511.609
0 18 33840 108902 159192.625 -26925.8184 118091.867
0 18 33841 108902 159193.344 -26925.9414 118091.195
0 18 33840 108903 159192.656 -26924.6113 118091.891
0 18 33841 108903 159193.375 -26924.7285 118091.211
0 16 8470 27244 159225.5 -26839.6621 118065.852
0 16 8471 27244 159227.812 -26840.0527 118062.695
0 16 8470 27245 159225.828 -26834.8574 118066.078
0 16 8471 27245 159228.234 -26835.2637 118063.016
0 10 114 434 155912.312 -23600.0078 121045.203
0 10 115 434 156085.922 -23626.2871 120875.133
0 10 114 435 155903.922 -23294.2402 121038.688
0 10 115 435 156087.25 -23321.6289 120876.156
0 7 12 70 151845.875 15421.8457 122188.477
0 7 13 70 153013.188 15540.4023 120736.969
0 7 12 71 151640.109 17770.3262 122022.906
0 7 13 71 152811.672 17907.6172 120577.961
0 15 4246 13600 159264.031 -27057.582 117985.062
0 15 4247 13600 159267.578 -27058.1875 117977.961
0 15 4246 13601 159264.875 -27048.0039 117985.68
0 15 4247 13601 159268.594 -27048.6387 117978.719
0 13 1042 3414 158885.797 -26435.7129 118446.727
0 13 1043 3414 158911.406 -26439.9707 118427.016
0 13 1042 3415 158885.938 -26396.9434 118446.82
0 13 1043 3415 158909.391 -26400.8398 118425.516
4 7 118 54 126650.742 -22076.7344 148727.469
4 7 119 54 127985.07 -21907.3555 147586.391
4 7 118 55 126752.664 -19768.7637 148847.156
4 7 119 55 128074.18 -19614.9648 147689.156
0 13 1070 3418 159459.453 -26375.4375 117784.32
0 13 1071 3418 159476.578 -26378.2676 117758.031
0 13 1070 3419 159461.078 -26336.7734 117785.531
0 13 1071 3419 159479.938 -26339.8867 117760.516
0 12 506 1700 158246.172 -26850.8516 119109.609
0 12 507 1700 158297.438 -26859.5508 119070.906
0 12 506 1701 158249.25 -26774.1035 119111.922
0 12 507 1701 158300.984 -26782.8574 119073.57
0 8 14 116 146691.125 -13179.2812 130073.781
0 8 15 116 147291.359 -13233.208 129455.305
0 8 14 117 146688.125 -12033.0107 130071.117
0 8 15 117 147284.922 -12081.9668 129449.641
0 12 548 1710 159999.547 -26367.1133 117148.109
0 12 549 1710 160046.062 -26374.7793 117104.023
0 12 548 1711 160013.891 -26291.3457 117158.602
0 12 549 1711 160055.547 -26298.1875 117110.953
0 18 33842 108914 159194.109 -26911.4941 118090.539
0 18 33843 108914 159194.75 -26911.6055 118089.805
0 18 33842 108915 159194.203 -26910.2949 118090.609
0 18 33843 108915 159194.844 -26910.4062 118089.875
0 13 1040 3412 158829.672 -26503.9277 118482.438
0 13 1041 3412 158857.438 -26508.5586 118464.359
0 13 1040 3413 158829.797 -26465.1699 118482.531
0 13 1041 3413 158858.078 -26469.8828 118464.836
4 6 50 34 97866.9688 13225.2656 169283.406
4 6 51 34 101745.398 13044.2822 166966.797
4 6 50 35 97605.7344 18465.9492 168831.547
4 6 51 35 101497.867 18217.5664 166560.594
0 11 242 852 157256.281 -26337.3535 120015.414
0 11 243 852 157330.375 -26349.7656 119918.328
0 11 242 853 157248.203 -26182.4414 120009.258
0 11 243 853 157334.016 -26196.7285 119921.094
0 12 536 1718 159516.938 -25664.4688 117729.422
0 12 537 1718 159551.906 -25670.0957 117677.328
0 12 536 1719 159523.172 -25587.5781 117734.031
0 12 537 1719 159559.719 -25593.4395 117683.078
0 18 33874 108894 159212.641 -26938.9219 118065.422
0 18 33875 108894 159213.172 -26939.0117 118064.602
0 18 33874 108895 159212.594 -26937.7012 118065.391
0 18 33875 108895 159213.141 -26937.791 118064.586
0 14 2136 6814 159395.312 -26802.6172 117824.5
0 14 2137 6814 159404.688 -26804.1914 117811.969
0 14 2136 6815 159396.016 -26783.2793 117825.023
0 14 2137 6815 159406.109 -26784.9746 117813.023
0 9 58 228 156042.469 -16762.375 120384.32
0 9 59 228 156378.547 -16798.4785 120032.75
0 9 58 229 156041.484 -16152.7324 120383.57
0 9 59 229 156370.188 -16186.7578 120026.344
0 17 16922 54436 159195.141 -26962.0762 118088.273
0 17 16923 54436 159196.234 -26962.2578 118086.648
0 17 16922 54437 159195.562 -26959.7168 118088.594
0 17 16923 54437 159196.734 -26959.916 118087.023
0 19 67744 217814 159210.906 -26923.1426 118066.875
0 19 67745 217814 159211.188 -26923.1875 118066.469
0 19 67744 217815 159210.953 -26922.543 118066.906
0 19 67745 217815 159211.25 -26922.5918 118066.508
0 18 33850 108922 159200.734 -26902.8984 118085.727
0 18 33851 108922 159201.422 -26903.0137 118085.031
0 18 33850 108923 159200.859 -26901.7051 118085.836
0 18 33851 108923 159201.562 -26901.8223 118085.148
3 4 2 0 -88403.3203 -128586.648 -120549.984
3 4 3 0 -74959.5781 -133261.484 -124932.633
3 4 2 1 -92345.2031 -134320.297 -109135.242
3 4 3 1 -78480.5703 -139521.016 -113360.82
0 15 4228 13630 159204.75 -26755.998 118116.039
0 15 4229 13630 159209 -26756.7109 118109.484
0 15 4228 13631 159207.219 -26746.6953 118117.883
0 15 4229 13631 159211.109 -26747.3496 118111.055
0 19 67702 217814 159200.203 -26921.3301 118084.438
0 19 67703 217814 159200.516 -26921.3848 118084.07
0 19 67702 217815 159200.188 -26920.7207 118084.414
0 19 67703 217815 159200.5 -26920.7754 118084.047
0 13 1078 3398 159586.094 -27175.6094 117566.172
0 13 1079 3398 159609.609 -27179.6133 117544.523
0 13 1078 3399 159585.234 -27136.502 117565.539
0 13 1079 3399 159608.156 -27140.4004 117543.453
5 4 10 0 -44681.9023 -134045.719 -142982.094
5 4 11 0 -61131.9258 -130996.977 -139730.109
5 4 10 1 -47589.1094 -123731.68 -152285.141
5 4 11 1 -64483.418 -119754.922 -147390.672
0 10 110 428 155307.375 -25328.4473 121788.883
0 10 111 428 155472.594 -25355.3965 121614.805
0 10 110 429 155285.922 -25021.6562 121772.055
0 10 111 429 155455.422 -25048.9707 121601.359
0 6 10 6 138416.188 -110300.398 92998.375
0 6 11 6 140144.531 -111677.672 89780.0938
0 6 10 7 140314.703 -107428.445 94273.9453
0 6 11 7 141784.031 -108553.391 90830.3906
0 8 50 98 167997 -38718.0586 101716.938
0 8 51 98 168577.656 -38851.8828 100751.492
0 8 50 99 168175.641 -37445.3555 101825.094
0 8 51 99 168751.344 -37573.543 100855.297
0 13 1042 3388 158852.016 -27438.4277 118421.547
0 13 1043 3388 158869.812 -27441.5 118396.016
0 13 1042 3389 158859.344 -27400.9082 118427
0 13 1043 3389 158880.375 -27404.5371 118403.898
0 11 284 858 160861.688 -25998.6406 116169.156
0 11 285 858 160928.391 -26009.4238 116060.172
0 11 284 859 160858.984 -25841.1152 116167.211
0 11 285 859 160925.75 -25851.8398 116058.258
0 7 32 62 179526.281 -4207.64697 88360.5859
0 7 33 62 180622.734 -4233.3457 86078.0234
0 7 32 63 179559.797 -1402.81091 88377.0859
0 7 33 63 180635.906 -1411.21802 86084.2969
0 16 8486 27232 159249.812 -26902.0801 118006.109
0 16 8487 27232 159252.141 -26902.4727 118002.984
0 16 8486 27233 159249.781 -26897.2168 118006.102
0 16 8487 27233 159252.016 -26897.5918 118002.883
0 17 16912 54462 159185.031 -26897.2109 118105.062
0 17 16913 54462 159186.172 -26897.4004 118103.477
0 17 16912 54463 159185.406 -26894.8418 118105.344
0 17 16913 54463 159186.516 -26895.0293 118103.734
0 7 0 34 133241.188 -61415.8555 132200.234
0 7 1 34 134304.625 -61906.0352 131156.859
0 7 0 35 133727.641 -59550.5938 132682.906
0 7 1 35 134827.562 -60040.3984 131667.531
0 18 33872 108924 159212.891 -26902.5215 118068.023
0 18 33873 108924 159213.438 -26902.6172 118067.227
0 18 33872 108925 159213 -26901.3281 118068.117
0 18 33873 108925 159213.578 -26901.4258 118067.32
0 5 14 26 167944.953 110213.883 15744.8398
0 5 15 26 168423.703 110528.055 5263.24072
0 5 14 27 163224.016 117317.266 15302.2529
0 5 15 27 163612.516 117596.5 5112.89111
0 17 16908 54452 159180.438 -26920.7207 118111.375
0 17 16909 54452 159181.547 -26920.9102 118109.766
0 17 16908 54453 159180.391 -26918.2812 118111.336
0 17 16909 54453 159181.531 -26918.4746 118109.75
3 5 20 24 47978.082 -170588.734 90625.2656
3 5 21 24 57421.3672 -167043.969 88742.1094
3 5 20 25 46563.9297 -165560.625 98301.625
3 5 21 25 55875.3359 -162546.438 96511.9453
0 17 16946 54442 159224.219 -26952.4199 118051.531
0 17 16947 54442 159225.266 -26952.5977 118049.875
0 17 16946 54443 159224.016 -26949.957 118051.375
0 17 16947 54443 159225.141 -26950.1484 118049.789
0 12 550 1700 159992.547 -27147.1719 116986.734
0 12 551 1700 160035.453 -27154.4531 116939.969
0 12 550 1701 159999.125 -27070.1641 116991.547
0 12 551 1701 160041.719 -27077.3711 116944.547
0 10 130 442 158648.844 -21535.3398 118211.977
0 10 131 442 158816.344 -21558.0781 118026.602
0 10 130 443 158635.641 -21223.7148 118202.148
0 10 131 443 158796.703 -21245.2617 118012
0 5 10 30 144214 130693.93 49573.5625
0 5 11 30 145959.422 132275.734 41051.0898
0 5 10 31 140048.312 135671.812 48141.6094
0 5 11 31 141626.578 137200.75 39832.4766
0 15 4216 13624 159145.797 -26804.3711 118188.867
0 15 4217 13624 159149.906 -26805.0625 118182.203
0 15 4216 13625 159146.453 -26794.7695 118189.367
0 15 4217 13625 159150.969 -26795.5273 118183
0 8 12 114 145521.016 -15347.9209 131309.984
0 8 13 114 146104.219 -15409.4287 130694.789
0 8 12 115 145509.703 -14209.9326 131299.766
0 8 13 115 146110.344 -14268.5889 130700.273
0 14 2128 6792 159301.797 -27214.7051 117910.938
0 14 2129 6792 159312.844 -27216.5918 117899.672
0 14 2128 6793 159298.891 -27194.7617 117908.789
0 14 2129 6793 159309.781 -27196.625 117897.414
0 13 1064 3420 159342.766 -26278.3301 117931.547
0 13 1065 3420 159364.078 -26281.8438 117908.406
0 13 1064 3421 159338.562 -26238.7363 117928.422
0 13 1065 3421 159359.109 -26242.1191 117904.727
0 16 8452 27240 159182.469 -26851.8379 118121.367
0 16 8453 27240 159184.938 -26852.2559 118118.359
0 16 8452 27241 159182.938 -26847.0625 118121.727
0 16 8453 27241 159185.109 -26847.4277 118118.477
0 18 33876 108922 159214.828 -26905.2812 118064.609
0 18 33877 108922 159215.359 -26905.3691 118063.789
0 18 33876 108923 159214.969 -26904.0879 118064.711
0 18 33877 108923 159215.484 -26904.1777 118063.891
0 17 16940 54438 159216.469 -26960.8281 118060.359
0 17 16941 54438 159217.781 -26961.0488 118058.906
0 17 16940 54439 159216.719 -26958.4395 118060.547
0 17 16941 54439 159218.031 -26958.6621 118059.086
0 9 68 194 158390.453 -38050.832 116008.641
0 9 69 194 158681.969 -38120.8633 115602.289
0 9 68 195 158467 -37450.2109 116064.703
0 9 69 195 158751.031 -37517.332 115652.609
0 8 8 106 142998.125 -24019.2168 133502.156
0 8 9 106 143600.984 -24120.4785 132943.109
0 8 8 107 143042.719 -22909.1855 133543.781
0 8 9 107 143635.844 -23004.1777 132975.375
0 17 16948 54444 159226.156 -26947.8906 118048.102
0 17 16949 54444 159227.359 -26948.0938 118046.57
0 17 16948 54445 159225.984 -26945.4316 118047.984
0 17 16949 54445 159227.266 -26945.6504 118046.5
4 7 118 48 125994.75 -35833.3711 147957.141
4 7 119 48 127289.266 -35549.2539 146784.016
4 7 118 49 126050.102 -33536.2617 148022.125
4 7 119 49 127363.914 -33275.2578 146870.094
0 8 8 100 142738.344 -30666.4414 133259.609
0 8 9 100 143329.031 -30793.3457 132691.328
0 8 8 101 142772.062 -29558.2773 133291.094
0 8 9 101 143368.766 -29681.8125 132728.109
0 7 28 66 173758.203 6787.42969 96381.5
0 7 29 66 175215.875 6844.37012 94452.3047
0 7 28 67 173335.172 9479.26758 96146.8594
0 7 29 67 174744.781 9556.35547 94198.3594
0 17 16952 54452 159229.344 -26928.9922 118040.75
0 17 16953 54452 159230.234 -26929.1445 118038.992
0 17 16952 54453 159229.141 -26926.5312 118040.617
0 17 16953 54453 159229.984 -26926.6719 118038.797
0 11 276 836 159848.031 -29269.0508 116685.953
0 11 277 836 159913.406 -29281.0176 116577.5
0 11 276 837 159883.156 -29119.3457 116711.578
0 11 277 837 159942.094 -29130.0781 116598.406
0 17 16916 54466 159191.406 -26888.5703 118100.078
0 17 16917 54466 159192.422 -26888.7402 118098.406
0 17 16916 54467 159191.859 -26886.2168 118100.406
0 17 16917 54467 159192.797 -26886.375 118098.672
0 15 4222 13628 159177 -26770.7656 118153.758
0 15 4223 13628 159180.688 -26771.3848 118146.773
0 15 4222 13629 159177.781 -26761.1816 118154.328
0 15 4223 13629 159182.156 -26761.918 118147.867
0 15 4214 13622 159135.688 -26822.0957 118200.781
0 15 4215 13622 159140.141 -26822.8438 118194.375
0 15 4214 13623 159135.688 -26812.3809 118200.789
0 15 4215 13623 159139.844 -26813.082 118194.164
0 7 32 44 173622.328 -52900.5508 85454.7344
0 7 33 44 174677.906 -53222.1719 83244.9453
0 7 32 45 174218.172 -50359.9414 85748.0078
0 7 33 45 175276.781 -50665.9453 83530.3438
0 9 80 200 162401.875 -35208.2188 111334.094
0 9 81 200 162681.438 -35268.8281 110890.273
0 9 80 201 162474.656 -34589.3359 111384
0 9 81 201 162749.5 -34647.8438 110936.672
0 15 4254 13614 159301.109 -26927.7578 117934.734
0 15 4255 13614 159305.234 -26928.457 117928.07
0 15 4254 13615 159300.234 -26917.8887 117934.094
0 15 4255 13615 159304.516 -26918.6113 117927.539
0 18 33854 108924 159203.734 -26900.9746 118083.102
0 18 33855 108924 159204.344 -26901.0781 118082.352
0 18 33854 108925 159203.844 -26899.7812 118083.188
0 18 33855 108925 159204.469 -26899.8848 118082.438
0 15 4240 13630 159254.266 -26764.3223 118036.141
0 15 4241 13630 159258.5 -26765.0312 118029.562
0 15 4240 13631 159254.594 -26754.6562 118036.391
0 15 4241 13631 159258.781 -26755.3594 118029.773
0 10 116 436 156233.844 -23038.3887 120684.539
0 10 117 436 156410.953 -23064.5039 120515.859
0 10 116 437 156200.766 -22728.4316 120658.984
0 10 117 437 156378.938 -22754.3574 120491.195
0 9 46 220 152238.609 -21111.2129 124585.883
0 9 47 220 152567.312 -21156.7949 124258.93
0 9 46 221 152188.719 -20509.8086 124545.07
0 9 47 221 152530.391 -20555.8535 124228.859
0 17 16908 54450 159180.562 -26925.5996 118111.469
0 17 16909 54450 159181.641 -26925.7812 118109.828
0 17 16908 54451 159180.531 -26923.166 118111.445
0 17 16909 54451 159181.625 -26923.3516 118109.82
2 5 30 8 127051.367 140194.609 65716.2266
2 5 31 8 131965.516 136222.453 63854.2773
2 5 30 9 128973.117 142315.172 57815.5352
2 5 31 9 133894.406 138213.594 56149.2695
0 9 82 202 163093.609 -34084.0156 110534.148
0 9 83 202 163400.422 -34148.1328 110103.797
0 9 82 203 163207.734 -33470.3359 110611.484
0 9 83 203 163497.812 -33529.8281 110169.43
3 5 24 18 91112.5547 -171505.984 26797.8125
3 5 25 18 99131.7891 -166958.812 26087.3125
3 5 24 19 90374.5156 -170116.734 37213.0352
3 5 25 19 98365.8594 -165668.812 36240.0547
4 7 122 62 132204.922 -3389.86963 144634.438
4 7 123 62 133403.109 -3363.10376 143492.422
4 7 122 63 132193.734 -1129.86096 144622.203
4 7 123 63 133393.891 -1120.95703 143482.5
0 7 34 48 177974.422 -43103.1797 82035.0859
0 7 35 48 179019.203 -43356.2148 79719.4922
0 7 34 49 178457.125 -40431.6914 82257.5781
0 7 35 49 179531.547 -40675.1172 79947.6406
2 4 6 14 -29303.0801 156283.094 -126980.016
2 4 7 14 -9828.74414 157259.906 -127773.68
2 4 6 15 -27346.6074 145848.578 -136733.047
2 4 7 15 -9211.23828 147379.812 -138168.578
0 9 56 194 154967.969 -37228.6328 120766.055
0 9 57 194 155230.031 -37291.5898 120363.914
0 9 56 195 155068.828 -36647.125 120844.656
0 9 57 195 155363.906 -36716.8594 120467.711
0 17 16952 54458 159229.547 -26914.4512 118040.906
0 17 16953 54458 159230.562 -26914.6211 118039.227
0 17 16952 54459 159229.609 -26912.0273 118040.953
0 17 16953 54459 159230.641 -26912.2031 118039.281
0 19 67730 217800 159207.203 -26931.0195 118072.617
0 19 67731 217800 159207.438 -26931.0586 118072.188
0 19 67730 217801 159207.188 -26930.4062 118072.617
0 19 67731 217801 159207.438 -26930.4492 118072.195
0 5 18 20 190537.141 53588.5742 -29771.4297
0 5 19 20 188142.5 52915.0781 -41156.1719
0 5 18 21 187876.094 64582.4062 -29355.6387
0 5 19 21 185664.078 63822.0312 -40614.0195
0 18 33864 108890 159206.812 -26942.7949 118073.234
0 18 33865 108890 159207.375 -26942.8887 118072.445
0 18 33864 108891 159206.844 -26941.5859 118073.273
0 18 33865 108891 159207.422 -26941.6816 118072.477
0 19 67702 217816 159200.156 -26920.1074 118084.398
0 19 67703 217816 159200.484 -26920.1641 118084.039
0 19 67702 217817 159200.156 -26919.502 118084.406
0 19 67703 217817 159200.469 -26919.5547 118084.031
0 6 8 44 150040.875 58609.7188 110186.266
0 6 9 44 152103.359 59415.375 106947.672
0 6 8 45 148951.062 62838.7266 109385.93
0 6 9 45 150944.922 63679.8945 106133.156
2 4 0 6 -137167.891 146312.406 27433.5781
2 4 1 6 -126452.812 155634.219 29181.418
2 4 0 7 -138264.656 147482.297 9217.64355
2 4 1 7 -127458.281 156871.719 9804.48242
0 19 67704 217822 159200.828 -26916.5801 118083.688
0 19 67705 217822 159201.188 -26916.6387 118083.336
0 19 67704 217823 159200.828 -26915.9707 118083.688
0 19 67705 217823 159201.188 -26916.0293 118083.344
0 13 1074 3392 159500.641 -27394.7031 117658.984
0 13 1075 3392 159520.828 -27398.168 117634.922
0 13 1074 3393 159501.422 -27355.8926 117659.555
0 13 1075 3393 159521.391 -27359.3203 117635.344
0 11 252 864 158071.188 -24621.4395 119093.664
0 11 253 864 158165.609 -24636.1484 119010.359
0 11 252 865 158050.797 -24463.918 119078.312
0 11 253 865 158145.109 -24478.5156 118994.922
0 9 74 196 160282.969 -37253.2695 113638.117
0 9 75 196 160573.531 -37320.8008 113216.883
0 9 74 197 160382.688 -36649.9531 113708.828
0 9 75 197 160676.469 -36717.0859 113289.469
0 9 42 210 150931.625 -26825.7363 125874.617
0 9 43 210 151281.578 -26887.9355 125575.523
0 9 42 211 150932.219 -26236.2637 125875.117
0 9 43 211 151268.219 -26294.6699 125564.438
4 6 58 42 120981.758 47936.1719 146091.188
4 6 59 42 123715.805 47236.9414 143960.203
4 6 58 43 120194.531 52159.8867 145140.562
4 6 59 43 122936.828 51409.9453 143053.766
0 6 6 4 128087.547 -110075.227 102069.758
0 6 7 4 129656.352 -111423.422 99268.1406
0 6 6 5 129668.344 -107381.602 103329.469
0 6 7 5 131298.094 -108731.234 100525.109
4 7 124 64 134526.297 1111.7876 142308.812
4 7 125 64 135667.281 1102.98596 141182.203
4 7 124 65 134486.219 3334.36914 142266.406
4 7 125 65 135629.25 3308.03076 141142.641
0 8 52 102 169848.672 -33837.0391 100184.172
0 8 53 102 170446.188 -33956.0781 99205.0078
0 8 52 103 170015.672 -32542.0625 100282.68
0 8 53 103 170598.391 -32653.5957 99293.5938
0 17 16910 54444 159181.016 -26940.25 118106.93
0 17 16911 54444 159182.266 -26940.4609 118105.438
0 17 16910 54445 159181.188 -26937.8535 118107.078
0 17 16911 54445 159182.391 -26938.0547 118105.531
0 16 8462 27208 159194.25 -27009.291 118081.531
0 16 8463 27208 159196.188 -27009.6172 118078.125
0 16 8462 27209 159194.562 -27004.4844 118081.766
0 16 8463 27209 159196.672 -27004.8418 118078.477
0 19 67702 217812 159200.219 -26922.5469 118084.445
0 19 67703 217812 159200.531 -26922.6016 118084.07
0 19 67702 217813 159200.188 -26921.9355 118084.422
0 19 67703 217813 159200.516 -26921.9902 118084.055
0 10 144 440 161251.078 -22518.4609 115741.734
0 10 145 440 161439.422 -22544.7617 115561.617
0 10 144 441 161236.547 -22201.5156 115731.312
0 10 145 441 161414 -22225.9512 115543.422
0 6 14 42 164968.828 54130.3945 90217.3203
0 6 15 42 167122.297 54837.0039 86172.4297
0 6 14 43 163727.766 58839.668 89538.625
0 6 15 43 165828.781 59594.7188 85505.4688
0 9 42 208 150978.016 -28013.4961 125913.305
0 9 43 208 151296.094 -28072.5176 125587.578
0 9 42 209 150951.453 -27418.9141 125891.148
0 9 43 209 151286 -27479.6836 125579.195
1 4 8 4 -179860.281 -78688.875 11241.2676
1 4 9 4 -176471.906 -77206.4609 33088.4844
1 4 8 5 -189698.438 -59280.7617 11856.1523
1 4 9 5 -184977.328 -57805.4141 34683.25
0 9 44 202 151614.719 -31685.1074 125259.82
0 9 45 202 151963.297 -31757.9531 124954.188
0 9 44 203 151657.25 -31101.582 125294.953
0 9 45 203 151979.797 -31167.7344 124967.766
2 4 4 10 -77989.1406 178260.906 -55706.5352
2 4 5 10 -57907.0391 185302.531 -57907.0391
2 4 4 11 -75294.5938 172101.922 -75294.5938
2 4 5 11 -55708.875 178268.391 -77992.4219
0 14 2118 6788 159191.453 -27273.584 118023.602
0 14 2119 6788 159201.734 -27275.3477 118011.789
0 14 2118 6789 159193.234 -27254.457 118024.914
0 14 2119 6789 159204.094 -27256.3145 118013.523
0 13 1048 3418 159014.422 -26301.8242 118309.68
0 13 1049 3418 159043.688 -26306.6641 118292.625
0 13 1048 3419 159009.609 -26262.207 118306.102
0 13 1049 3419 159038.188 -26266.9277 118288.531
0 9 82 224 164727.062 -20269.1504 111641.203
0 9 83 224 165026.562 -20306.0039 111199.539
0 9 82 225 164716.234 -19624.3965 111633.859
0 9 83 225 165022.188 -19660.8457 111196.586
0 9 50 224 153473.328 -18884.4141 123198.312
0 9 51 224 153817.109 -18926.7148 122873.43
0 9 50 225 153453.859 -18282.5898 123182.68
0 9 51 225 153792.938 -18322.9863 122854.117
4 5 16 18 6214.97217 31074.8613 198879.109
4 5 17 18 18552.9375 30921.5625 197898
4 5 16 19 6145.42432 43017.9688 196653.578
4 5 17 19 18337.4648 42787.418 195599.625
3 5 26 16 107208.703 -163365.641 5105.17627
3 5 27 16 113990.469 -158595.438 4956.10742
3 5 26 17 106999.688 -163047.141 15285.6689
3 5 27 17 113820.523 -158358.984 14846.1562
3 4 0 2 -119655.562 -127632.594 -87747.4141
3 4 1 2 -108932.625 -134070.922 -92173.7578
3 4 0 3 -123722.859 -131971.047 -74233.7188
3 4 1 3 -113067.508 -139160.016 -78277.5078
0 15 4254 13616 159299.734 -26908.082 117933.734
0 15 4255 13616 159303.781 -26908.7656 117927
0 15 4254 13617 159300.859 -26898.5488 117934.547
0 15 4255 13617 159303.922 -26899.0684 117927.102
0 18 33840 108910 159192.688 -26916.1152 118091.914
0 18 33841 108910 159193.328 -26916.2207 118091.172
0 18 33840 108911 159192.719 -26914.9023 118091.938
0 18 33841 108911 159193.344 -26915.0098 118091.195
0 10 110 416 155426.953 -28990.7695 121882.656
0 10 111 416 155611.516 -29025.1934 121723.453
0 10 110 417 155405.141 -28683.1738 121865.555
0 10 111 417 155599.359 -28719.0195 121713.953
0 12 506 1696 158232.453 -27157.5703 119099.281
0 12 507 1696 158268.5 -27163.7598 119049.141
0 12 506 1697 158234.156 -27080.6016 119100.562
0 12 507 1697 158270.219 -27086.7734 119050.422
0 7 10 70 149513.453 15184.96 124983.898
0 7 11 70 150685.859 15304.0322 123609.484
0 7 10 71 149335.359 17500.2363 124835.016
0 7 11 71 150479.5 17634.3164 123440.219
0 5 20 12 188497.484 -41233.8242 -53014.9141
0 5 21 12 183664.688 -40176.6523 -63134.7422
0 5 20 13 190319.078 -29737.3555 -53527.2422
0 5 21 13 184832.359 -28880.0566 -63536.125
4 6 50 16 90203.375 -75575.7969 156027.453
4 6 51 16 93952.5859 -74680.2578 154178.609
4 6 50 17 91110.125 -71410.6328 157595.891
4 6 51 17 94882.2266 -70553.4453 155704.156
0 16 8464 27208 159198.156 -27009.9531 118074.711
0 16 8465 27208 159200.516 -27010.3535 118071.617
0 16 8464 27209 159198.781 -27005.2012 118075.172
0 16 8465 27209 159201.141 -27005.6016 118072.07
0 18 33854 108890 159200.875 -26941.7871 118080.984
0 18 33855 108890 159201.484 -26941.8906 118080.227
0 18 33854 108891 159200.906 -26940.5781 118081.008
0 18 33855 108891 159201.516 -26940.6816 118080.242
0 10 138 442 160108.328 -21733.4551 116797.781
0 10 139 442 160298.438 -21759.2617 116623.383
0 10 138 443 160103.125 -21420.0469 116793.984
0 10 139 443 160281.109 -21443.8594 116610.766
2 5 28 6 111698.594 142974.203 84890.9375
2 5 29 6 117767.75 139576.594 82873.6016
2 5 28 7 113902.312 145794.969 77453.5703
2 5 29 7 120195.867 142454.359 75678.875
0 7 18 70 159056.188 16154.1455 113079.008
0 7 19 70 160317.625 16282.2588 111470.852
0 7 18 71 158812.969 18610.8945 112906.094
0 7 19 71 160065.531 18757.6797 111295.57
0 13 1036 3406 158739.344 -26721.3828 118570.07
0 13 1037 3406 158761.828 -26725.168 118548.109
0 13 1036 3407 158737.906 -26682.3828 118568.992
0 13 1037 3407 158761.359 -26686.3262 118547.758
0 12 524 1718 159002.172 -25581.6484 118281.164
0 12 525 1718 159044.109 -25588.3945 118234.688
0 12 524 1719 158998.016 -25503.3457 118278.062
0 12 525 1719 159037.812 -25509.7285 118230.023
0 11 266 832 159139.719 -29760.9922 117722.992
0 11 267 832 159205.156 -29773.2285 117615.922
0 11 266 833 159164.641 -29610.2207 117741.422
0 11 267 833 159230.438 -29622.459 117634.602
0 14 2118 6824 159243.609 -26582.7207 118062.258
0 14 2119 6824 159252.719 -26584.2402 118049.578
0 14 2118 6825 159246.859 -26563.8242 118064.672
0 14 2119 6825 159255.062 -26565.1895 118051.312
4 6 48 30 90140.0703 -8194.55176 174817.109
4 6 49 30 94220.0078 -8076.00049 172288.016
4 6 48 31 90117.6406 -2730.83765 174773.609
4 6 49 31 94200.5859 -2691.44531 172252.5
0 10 152 432 162447 -25223.7051 114061.906
0 10 153 432 162583.031 -25244.8262 113839.867
0 10 152 433 162469.578 -24909.8867 114077.758
0 10 153 433 162586.156 -24927.7578 113842.062
0 16 8462 27244 159206.672 -26836.4883 118090.758
0 16 8463 27244 159208.953 -26836.873 118087.586
0 16 8462 27245 159207.391 -26831.75 118091.273
0 16 8463 27245 159209.75 -26832.1504 118088.172
0 15 4252 13622 159297.969 -26849.4473 117951.859
0 15 4253 13622 159301.969 -26850.123 117945.102
0 15 4252 13623 159300.266 -26840.1094 117953.555
0 15 4253 13623 159304.125 -26840.7617 117946.695
0 15 4254 13612 159301.016 -26947.1914 117934.672
0 15 4255 13612 159305.266 -26947.9102 117928.086
0 15 4254 13613 159301.641 -26937.5723 117935.141
0 15 4255 13613 159305.562 -26938.2363 117928.312
0 17 16908 54454 159180.375 -26915.8516 118111.328
0 17 16909 54454 159181.547 -26916.0488 118109.758
0 17 16908 54455 159180.391 -26913.4258 118111.336
0 17 16909 54455 159181.594 -26913.6309 118109.797
0 19 67726 217834 159207.609 -26910.4375 118075.352
0 19 67727 217834 159207.828 -26910.4746 118074.906
0 19 67726 217835 159207.641 -26909.8359 118075.375
0 19 67727 217835 159207.875 -26909.875 118074.938
0 19 67724 217834 159207.109 -26910.3535 118076.195
0 19 67725 217834 159207.359 -26910.3945 118075.773
0 19 67724 217835 159207.172 -26909.7559 118076.234
0 19 67725 217835 159207.406 -26909.7949 118075.812
5 4 8 4 -11506.541 -80545.7891 -184104.656
5 4 9 4 -34271.4023 -79966.6016 -182780.812
5 4 8 5 -11984.7744 -59923.8711 -191756.391
5 4 9 5 -35639.9727 -59399.957 -190079.859
4 6 56 8 102615.445 -98427.0625 134028.344
4 6 57 8 105647.961 -97361.8516 132577.828
4 6 56 9 103727.375 -95259.8359 135480.656
4 6 57 9 106762.312 -94202.0391 133976.234
0 8 16 118 147877.531 -10975.2861 128815.188
0 8 17 118 148465.078 -11018.8926 128167.117
0 8 16 119 147845.906 -9817.8916 128787.641
0 8 17 119 148454.797 -9858.32617 128158.234
0 10 148 414 161185.672 -30694.5371 114435.531
0 10 149 414 161320.359 -30720.1836 114216.07
0 10 148 415 161221.844 -30386.5371 114461.211
0 10 149 415 161362.781 -30413.1016 114246.109
0 10 152 420 161959.359 -28943.9102 113719.508
0 10 153 420 162107.766 -28970.4297 113507.094
0 10 152 421 161975.969 -28630.5176 113731.18
0 10 153 421 162128.891 -28657.5488 113521.891
0 8 24 122 152642.438 -6558.85449 123425.719
0 8 25 122 153259.297 -6585.36035 122727.18
0 8 24 123 152595.281 -5364.67773 123387.586
0 8 25 123 153226.484 -5386.86816 122700.891
0 12 550 1706 160040.578 -26686.4551 117021.859
0 12 551 1706 160085.828 -26693.998 116976.773
0 12 550 1707 160045.859 -26609.1875 117025.719
0 12 551 1707 160099.016 -26618.0234 116986.414
0 13 1054 3420 159140.953 -26245.0469 118170.703
0 13 1055 3420 159160.656 -26248.2949 118146.477
0 13 1054 3421 159136.125 -26205.3984 118167.125
0 13 1055 3421 159158.344 -26209.0586 118144.766
0 11 256 866 158408.938 -24364.6562 118729.352
0 11 257 866 158496.141 -24378.0664 118639.938
0 11 256 867 158377.266 -24205.1211 118705.625
0 11 257 867 158473.531 -24219.832 118623.016
0 14 2108 6788 159097.188 -27257.4355 118147.922
0 14 2109 6788 159105.375 -27258.8359 118134.578
0 14 2108 6789 159098.297 -27238.2031 118148.742
0 14 2109 6789 159106.156 -27239.5508 118135.164
0 16 8460 27208 159189.531 -27008.4902 118087.75
0 16 8461 27208 159191.984 -27008.9062 118084.711
0 16 8460 27209 159189.938 -27003.7012 118088.062
0 16 8461 27209 159192.266 -27004.0977 118084.93
0 5 20 10 182676.688 -62795.1094 -51377.8164
0 5 21 10 180391.625 -62009.6172 -62009.6172
0 5 20 11 185674.203 -52220.8711 -52220.8711
0 5 21 11 182300.406 -51271.9883 -62665.7656
0 14 2116 6824 159227.172 -26579.9746 118088.953
0 14 2117 6824 159235.688 -26581.3984 118075.836
0 14 2116 6825 159229.812 -26560.9805 118090.914
0 14 2117 6825 159238.859 -26562.4883 118078.18
0 19 67706 217804 159201.375 -26927.6016 118082.883
0 19 67707 217804 159201.656 -26927.6504 118082.469
0 19 67706 217805 159201.422 -26927.002 118082.922
0 19 67707 217805 159201.672 -26927.0449 118082.492
0 13 1072 3390 159460.25 -27465.627 117707.055
0 13 1073 3390 159478.781 -27468.8164 117681.797
0 13 1072 3391 159460.875 -27426.8047 117707.516
0 13 1073 3391 159478.969 -27429.9141 117681.922
0 10 112 432 155574.828 -24156.6387 121390.914
0 10 113 432 155759.031 -24185.2402 121230.422
0 10 112 433 155538.344 -23847.1895 121362.445
0 10 113 433 155727.234 -23876.1484 121205.664
0 11 256 832 158408.125 -29624.1758 118728.75
0 11 257 832 158480.016 -29637.6172 118627.852
0 11 256 833 158426.375 -29472.875 118742.422
0 11 257 833 158487.391 -29484.2285 118633.391
0 12 542 1716 159742.594 -25856.7715 117427.961
0 12 543 1716 159793.594 -25865.0293 117387.43
0 12 542 1717 159747.594 -25779.5801 117431.641
0 12 543 1717 159796.188 -25787.4219 117389.336
0 12 506 1702 158251.406 -26697.1953 119113.539
0 12 507 1702 158298.031 -26705.0664 119071.344
0 12 506 1703 158253.656 -26620.3047 119115.242
0 12 507 1703 158297.281 -26627.6406 119070.773
0 15 4214 13600 159112.047 -27031.7617 118183.227
0 15 4215 13600 159117.094 -27032.6211 118177.273
0 15 4214 13601 159114.141 -27022.4043 118184.781
0 15 4215 13601 159118.734 -27023.1855 118178.484
2 4 2 8 -114493.727 166536.328 -10408.5205
2 4 3 8 -99066.5469 176118.312 -11007.3945
2 4 2 9 -113296.211 164794.484 -30898.9668
2 4 3 9 -97912.8984 174067.375 -32637.6328
0 6 14 8 147816.328 -108552.617 80837.0547
0 6 15 8 149263.344 -109615.273 76963.9219
0 6 14 9 149666.594 -105234.328 81848.9219
0 6 15 9 151189.047 -106304.797 77956.8516
0 10 128 406 158024.125 -32561.6113 118363.766
0 10 129 406 158152.109 -32587.9824 118150.742
0 10 128 407 158053.469 -32258.9609 118385.742
0 10 129 407 158193.609 -32287.5645 118181.75
4 5 20 26 45705.2227 106645.523 162507.453
4 5 21 26 55182.8438 105349.062 160531.906
4 5 20 27 44474.4492 113656.93 158131.375
4 5 21 27 53701.957 112285.914 156223.875
0 12 548 1694 159890.516 -27598.291 117068.273
0 12 549 1694 159927.016 -27604.5879 117016.906
0 12 548 1695 159896.969 -27521.3301 117073
0 12 549 1695 159924.203 -27526.0156 117014.859
0 9 76 228 162418.281 -17447.2754 113883.125
0 9 77 228 162825.688 -17491.0391 113532.75
0 9 76 229 162379.344 -16808.8008 113855.828
0 9 77 229 162751.094 -16847.2812 113480.734
4 6 58 6 106283.594 -102272.898 128342.453
4 6 59 6 109120.164 -101184.156 126976.195
4 6 58 7 107439.047 -99330.4375 129737.719
4 6 59 7 110275.141 -98245.1172 128320.164
5 4 8 14 -9754.66699 126810.672 -156074.672
5 4 9 14 -28996.873 125653.109 -154649.984
5 4 8 15 -9172.65918 137589.891 -146762.547
5 4 9 15 -27290.6289 136453.141 -145550.016
1 4 4 0 -135915.453 -127420.734 -59463.0117
1 4 5 0 -139288.141 -130582.641 -43527.5469
1 4 4 1 -143653.688 -116718.617 -62848.4883
1 4 5 1 -147795.484 -120083.82 -46186.0859
0 5 20 14 190513.094 -17860.6035 -53581.8047
0 5 21 14 185637.266 -17403.4941 -63812.8086
0 5 20 15 190470.953 -5952.21729 -53569.957
0 5 21 15 186005.891 -5812.68408 -63939.5234
0 18 33848 108892 159197.328 -26938.7598 118085.633
0 18 33849 108892 159197.922 -26938.8613 118084.867
0 18 33848 108893 159197.422 -26937.5605 118085.711
0 18 33849 108893 159198.016 -26937.6621 118084.945
0 9 86 218 165476.984 -24239.793 109563.867
0 9 87 218 165767.75 -24282.3867 109108.844
0 9 86 219 165546.891 -23603.3672 109610.156
0 9 87 219 165816.891 -23641.8613 109141.188
0 9 42 212 150947.297 -25649.248 125887.688
0 9 43 212 151253.172 -25701.2227 125551.953
0 9 42 213 150938.719 -25058.1855 125880.531
0 9 43 213 151298.922 -25117.9863 125589.93
0 6 24 32 195313.719 3051.77686 45776.6523
0 6 25 32 196703.484 3073.49194 39955.3984
0 6 24 33 195051.719 9143.04883 45715.2461
0 6 25 33 196448.531 9208.52539 39903.6094
0 10 130 406 158285.594 -32615.4902 117941.312
0 10 131 406 158419.25 -32643.0273 117731.5
0 10 130 407 158342.484 -32317.9473 117983.703
0 10 131 407 158465.969 -32343.1543 117766.211
0 16 8472 27244 159230.094 -26840.4375 118059.531
0 16 8473 27244 159232.312 -26840.8105 118056.312
0 16 8472 27245 159230.625 -26835.666 118059.922
0 16 8473 27245 159232.922 -26836.0566 118056.773
0 11 250 834 157973.953 -29234.4375 119328.953
0 11 251 834 158056.453 -29249.7051 119236.922
0 11 250 835 157970.906 -29079.6016 119326.656
0 11 251 835 158052.125 -29094.5566 119233.664
0 13 1076 3394 159544.766 -27324.375 117613.617
0 13 1077 3394 159563.266 -27327.5469 117588.305
0 13 1076 3395 159548.25 -27286.0215 117616.195
0 13 1077 3395 159565.016 -27288.8887 117589.594
0 14 2102 6790 159044.047 -27209.502 118224.938
0 14 2103 6790 159054.016 -27211.2051 118212.93
0 14 2102 6791 159045.297 -27190.3008 118225.867
0 14 2103 6791 159054.375 -27191.8516 118213.195
0 6 24 20 185400.156 -66628.1797 43453.1641
0 6 25 20 186500.938 -67023.7656 37883
0 6 24 21 187008.688 -61362.2266 43830.1602
0 6 25 21 188141.406 -61733.8945 38216.2227
0 5 18 0 139934.312 -135561.359 -21864.7363
0 5 19 0 139003.25 -134659.406 -30406.9609
0 5 18 1 144501.234 -130954.242 -22578.3164
0 5 19 1 143498.109 -130045.164 -31390.2109
0 14 2120 6824 159261.812 -26585.7578 118036.867
0 14 2121 6824 159271.672 -26587.4043 118024.742
0 14 2120 6825 159264.25 -26566.7227 118038.672
0 14 2121 6825 159273.797 -26568.3164 118026.312
0 8 52 112 171251.219 -20737.4512 101011.453
0 8 53 112 171873.328 -20812.7852 100035.641
0 8 52 113 171375.656 -19413.6484 101084.859
0 8 53 113 171949.391 -19478.6406 100079.914
0 6 0 2 116755.922 -107634.367 114931.617
0 6 1 2 118088.609 -108862.93 112553.211
0 6 0 3 117984.805 -105080.211 116141.297
0 6 1 3 119372.086 -106315.766 113776.516
0 14 2098 6816 159048.516 -26705.4727 118305.93
0 14 2099 6816 159061.797 -26707.7031 118296.391
0 14 2098 6817 159049.906 -26686.2891 118306.961
0 14 2099 6817 159062.828 -26688.4609 118297.156
0 17 16916 54438 159188.234 -26956.0469 118097.727
0 17 16917 54438 159189.438 -26956.248 118096.18
0 17 16916 54439 159188.297 -26953.627 118097.766
0 17 16917 54439 159189.484 -26953.8281 118096.227
0 19 67712 217800 159202.828 -26930.2773 118080.305
0 19 67713 217800 159203.094 -26930.3203 118079.891
0 19 67712 217801 159202.875 -26929.6777 118080.344
0 19 67713 217801 159203.125 -26929.7207 118079.922
0 6 22 16 175340.047 -84930.3359 52054.082
0 6 23 16 176593.75 -85537.5938 46907.7148
0 6 22 17 177350.891 -80362.1172 52651.0469
0 6 23 17 178653.969 -80952.5781 47454.9609
0 16 8452 27210 159172.656 -26995.9121 118114.086
0 16 8453 27210 159175.156 -26996.3379 118111.102
0 16 8452 27211 159173.141 -26991.1348 118114.453
0 16 8453 27211 159175.531 -26991.543 118111.375
0 10 122 440 157247.047 -21959.3047 119624.461
0 10 123 440 157401.5 -21980.873 119434.539
0 10 122 441 157216.938 -21648.0371 119601.555
0 10 123 441 157393.531 -21672.3496 119428.492
0 16 8444 27232 159164.125 -26887.6055 118146.633
0 16 8445 27232 159165.625 -26887.8574 118142.875
0 16 8444 27233 159164.938 -26882.8848 118147.227
0 16 8445 27233 159166.484 -26883.1426 118143.508
0 13 1038 3410 158780.672 -26573.2773 118523.406
0 13 1039 3410 158805.219 -26577.3887 118502.977
0 13 1038 3411 158781.25 -26534.6094 118523.852
0 13 1039 3411 158804.156 -26538.4355 118502.172
0 18 33882 108916 159217.688 -26913.0508 118059.445
0 18 33883 108916 159218.281 -26913.1504 118058.664
0 18 33882 108917 159217.719 -26911.8418 118059.461
0 18 33883 108917 159218.297 -26911.9414 118058.688
4 6 54 10 98468.2891 -94091.9297 140043.797
4 6 55 10 101703.406 -93047.7969 138489.75
4 6 54 11 99527.6719 -90680.7656 141550.469
4 6 55 11 102763.078 -89644.3828 139932.688
0 10 146 412 160791.062 -31247.4824 114783.469
0 10 147 412 160924.531 -31273.418 114564.438
0 10 146 413 160837.625 -30942.3965 114816.703
0 10 147 413 160983.469 -30970.4531 114606.398
4 7 120 60 129695.586 -8034.23975 146911.812
4 7 121 60 130959.938 -7971.47412 145764.094
4 7 120 61 129722.469 -5739.93262 146942.266
4 7 121 61 130974.945 -5694.5625 145780.812
0 15 4210 13606 159101.656 -26971.7305 118214.359
0 15 4211 13606 159107.531 -26972.7266 118209.008
0 15 4210 13607 159102.906 -26962.2324 118215.289
0 15 4211 13607 159108.531 -26963.1836 118209.742
0 6 20 38 183959.266 37366.7266 66110.3594
0 6 21 38 186520.438 37886.9609 61202.0156
0 6 20 39 182380.406 42745.4062 65542.9531
0 6 21 39 184697.438 43288.4609 60603.8477
0 7 2 68 140812.859 9900.9043 135312.359
0 7 3 68 141910.109 9978.05469 134149.391
0 7 2 69 140719.625 12093.0928 135222.766
0 7 3 69 141803.781 12186.2627 134048.891
4 7 118 56 126843.266 -17455.4941 148953.562
4 7 119 56 128177.789 -17321.3223 147808.609
4 7 118 57 126946.953 -15140.4629 149075.328
4 7 119 57 128247.523 -15019.9805 147889.031
0 9 84 222 165220.375 -21620.6348 110684.75
0 9 85 222 165466.688 -21652.8672 110203.398
0 9 84 223 165254.969 -20979.6348 110707.906
0 9 85 223 165542.656 -21016.1582 110253.984
0 11 266 868 159296.641 -24190.0664 117839.062
0 11 267 868 159387.391 -24203.8477 117750.547
0 11 266 869 159280.844 -24032.1191 117827.383
0 11 267 869 159359.844 -24044.0391 117730.203
0 16 8442 27224 159155.875 -26925.0684 118150.227
0 16 8443 27224 159158.125 -26925.4473 118147.023
0 16 8442 27225 159156.484 -26920.3125 118150.672
0 16 8443 27225 159158.391 -26920.6367 118147.234
1 4 6 2 -159695.734 -109790.812 -29942.9492
1 4 7 2 -161609.188 -111106.32 -10100.5742
1 4 6 3 -168602.766 -94839.0469 -31613.0176
1 4 7 3 -170870.922 -96114.8984 -10679.4326
